Workbook

Sheet 1.지출통계
A1: ■2026년 산업안전관리비 지출현황 통계
A2: ▶ [지출내역] 시트 데이터를 SUMIFS 함수로 자동 집계합니다. 지출내역 입력 즉시 반영됩니다.
A3: 본부 | B3: 항목 | C3: 1월 | D3: 2월 | E3: 3월 | F3: 4월 | G3: 5월 | H3: 6월 | I3: 7월 | J3: 8월 | K3: 9월 | L3: 10월 | M3: 11월 | N3: 12월 | O3: 합계 | P3: 산보위 건수
A4: 본사 | B4: 안전관리자 등 인건비 | C4: =IFERROR(SUMIFS(사용내역!$H$3:$H$2003,사용내역!$C$3:$C$2003,"본사",사용내역!$E$3:$E$2003,1,사용내역!$F$3:$F$2003,"안전관리자 등 인건비"),0) -> 0 | D4: =IFERROR(SUMIFS(사용내역!$H$3:$H$2003,사용내역!$C$3:$C$2003,"본사",사용내역!$E$3:$E$2003,2,사용내역!$F$3:$F$2003,"안전관리자 등 인건비"),0) -> 0 | E4: =IFERROR(SUMIFS(사용내역!$H$3:$H$2003,사용내역!$C$3:$C$2003,"본사",사용내역!$E$3:$E$2003,3,사용내역!$F$3:$F$2003,"안전관리자 등 인건비"),0) -> 0 | F4: =IFERROR(SUMIFS(사용내역!$H$3:$H$2003,사용내역!$C$3:$C$2003,"본사",사용내역!$E$3:$E$2003,4,사용내역!$F$3:$F$2003,"안전관리자 등 인건비"),0) -> 0 | G4: =IFERROR(SUMIFS(사용내역!$H$3:$H$2003,사용내역!$C$3:$C$2003,"본사",사용내역!$E$3:$E$2003,5,사용내역!$F$3:$F$2003,"안전관리자 등 인건비"),0) -> 0 | H4: =IFERROR(SUMIFS(사용내역!$H$3:$H$2003,사용내역!$C$3:$C$2003,"본사",사용내역!$E$3:$E$2003,6,사용내역!$F$3:$F$2003,"안전관리자 등 인건비"),0) -> 0 | I4: =IFERROR(SUMIFS(사용내역!$H$3:$H$2003,사용내역!$C$3:$C$2003,"본사",사용내역!$E$3:$E$2003,7,사용내역!$F$3:$F$2003,"안전관리자 등 인건비"),0) -> 0 | J4: =IFERROR(SUMIFS(사용내역!$H$3:$H$2003,사용내역!$C$3:$C$2003,"본사",사용내역!$E$3:$E$2003,8,사용내역!$F$3:$F$2003,"안전관리자 등 인건비"),0) -> 0 | K4: =IFERROR(SUMIFS(사용내역!$H$3:$H$2003,사용내역!$C$3:$C$2003,"본사",사용내역!$E$3:$E$2003,9,사용내역!$F$3:$F$2003,"안전관리자 등 인건비"),0) -> 0 | L4: =IFERROR(SUMIFS(사용내역!$H$3:$H$2003,사용내역!$C$3:$C$2003,"본사",사용내역!$E$3:$E$2003,10,사용내역!$F$3:$F$2003,"안전관리자 등 인건비"),0) -> 0 | M4: =IFERROR(SUMIFS(사용내역!$H$3:$H$2003,사용내역!$C$3:$C$2003,"본사",사용내역!$E$3:$E$2003,11,사용내역!$F$3:$F$2003,"안전관리자 등 인건비"),0) -> 0 | N4: =IFERROR(SUMIFS(사용내역!$H$3:$H$2003,사용내역!$C$3:$C$2003,"본사",사용내역!$E$3:$E$2003,12,사용내역!$F$3:$F$2003,"안전관리자 등 인건비"),0) -> 0 | O4: =SUM(C4:N4) -> 0 | P4: =IFERROR(COUNTIFS(사용내역!$C$3:$C$2003,"본사",사용내역!$F$3:$F$2003,"안전관리자 등 인건비",사용내역!$J$3:$J$2003,"Y"),0) -> 0
B5: 안전시설비 | C5: =IFERROR(SUMIFS(사용내역!$H$3:$H$2003,사용내역!$C$3:$C$2003,"본사",사용내역!$E$3:$E$2003,1,사용내역!$F$3:$F$2003,"안전시설비"),0) -> 0 | D5: =IFERROR(SUMIFS(사용내역!$H$3:$H$2003,사용내역!$C$3:$C$2003,"본사",사용내역!$E$3:$E$2003,2,사용내역!$F$3:$F$2003,"안전시설비"),0) -> 0 | E5: =IFERROR(SUMIFS(사용내역!$H$3:$H$2003,사용내역!$C$3:$C$2003,"본사",사용내역!$E$3:$E$2003,3,사용내역!$F$3:$F$2003,"안전시설비"),0) -> 0 | F5: =IFERROR(SUMIFS(사용내역!$H$3:$H$2003,사용내역!$C$3:$C$2003,"본사",사용내역!$E$3:$E$2003,4,사용내역!$F$3:$F$2003,"안전시설비"),0) -> 0 | G5: =IFERROR(SUMIFS(사용내역!$H$3:$H$2003,사용내역!$C$3:$C$2003,"본사",사용내역!$E$3:$E$2003,5,사용내역!$F$3:$F$2003,"안전시설비"),0) -> 0 | H5: =IFERROR(SUMIFS(사용내역!$H$3:$H$2003,사용내역!$C$3:$C$2003,"본사",사용내역!$E$3:$E$2003,6,사용내역!$F$3:$F$2003,"안전시설비"),0) -> 0 | I5: =IFERROR(SUMIFS(사용내역!$H$3:$H$2003,사용내역!$C$3:$C$2003,"본사",사용내역!$E$3:$E$2003,7,사용내역!$F$3:$F$2003,"안전시설비"),0) -> 0 | J5: =IFERROR(SUMIFS(사용내역!$H$3:$H$2003,사용내역!$C$3:$C$2003,"본사",사용내역!$E$3:$E$2003,8,사용내역!$F$3:$F$2003,"안전시설비"),0) -> 0 | K5: =IFERROR(SUMIFS(사용내역!$H$3:$H$2003,사용내역!$C$3:$C$2003,"본사",사용내역!$E$3:$E$2003,9,사용내역!$F$3:$F$2003,"안전시설비"),0) -> 0 | L5: =IFERROR(SUMIFS(사용내역!$H$3:$H$2003,사용내역!$C$3:$C$2003,"본사",사용내역!$E$3:$E$2003,10,사용내역!$F$3:$F$2003,"안전시설비"),0) -> 0 | M5: =IFERROR(SUMIFS(사용내역!$H$3:$H$2003,사용내역!$C$3:$C$2003,"본사",사용내역!$E$3:$E$2003,11,사용내역!$F$3:$F$2003,"안전시설비"),0) -> 0 | N5: =IFERROR(SUMIFS(사용내역!$H$3:$H$2003,사용내역!$C$3:$C$2003,"본사",사용내역!$E$3:$E$2003,12,사용내역!$F$3:$F$2003,"안전시설비"),0) -> 0 | O5: =SUM(C5:N5) -> 0 | P5: =IFERROR(COUNTIFS(사용내역!$C$3:$C$2003,"본사",사용내역!$F$3:$F$2003,"안전시설비",사용내역!$J$3:$J$2003,"Y"),0) -> 0
B6: 보호구·안전용품 | C6: =IFERROR(SUMIFS(사용내역!$H$3:$H$2003,사용내역!$C$3:$C$2003,"본사",사용내역!$E$3:$E$2003,1,사용내역!$F$3:$F$2003,"보호구·안전용품"),0) -> 0 | D6: =IFERROR(SUMIFS(사용내역!$H$3:$H$2003,사용내역!$C$3:$C$2003,"본사",사용내역!$E$3:$E$2003,2,사용내역!$F$3:$F$2003,"보호구·안전용품"),0) -> 0 | E6: =IFERROR(SUMIFS(사용내역!$H$3:$H$2003,사용내역!$C$3:$C$2003,"본사",사용내역!$E$3:$E$2003,3,사용내역!$F$3:$F$2003,"보호구·안전용품"),0) -> 0 | F6: =IFERROR(SUMIFS(사용내역!$H$3:$H$2003,사용내역!$C$3:$C$2003,"본사",사용내역!$E$3:$E$2003,4,사용내역!$F$3:$F$2003,"보호구·안전용품"),0) -> 0 | G6: =IFERROR(SUMIFS(사용내역!$H$3:$H$2003,사용내역!$C$3:$C$2003,"본사",사용내역!$E$3:$E$2003,5,사용내역!$F$3:$F$2003,"보호구·안전용품"),0) -> 0 | H6: =IFERROR(SUMIFS(사용내역!$H$3:$H$2003,사용내역!$C$3:$C$2003,"본사",사용내역!$E$3:$E$2003,6,사용내역!$F$3:$F$2003,"보호구·안전용품"),0) -> 0 | I6: =IFERROR(SUMIFS(사용내역!$H$3:$H$2003,사용내역!$C$3:$C$2003,"본사",사용내역!$E$3:$E$2003,7,사용내역!$F$3:$F$2003,"보호구·안전용품"),0) -> 0 | J6: =IFERROR(SUMIFS(사용내역!$H$3:$H$2003,사용내역!$C$3:$C$2003,"본사",사용내역!$E$3:$E$2003,8,사용내역!$F$3:$F$2003,"보호구·안전용품"),0) -> 0 | K6: =IFERROR(SUMIFS(사용내역!$H$3:$H$2003,사용내역!$C$3:$C$2003,"본사",사용내역!$E$3:$E$2003,9,사용내역!$F$3:$F$2003,"보호구·안전용품"),0) -> 0 | L6: =IFERROR(SUMIFS(사용내역!$H$3:$H$2003,사용내역!$C$3:$C$2003,"본사",사용내역!$E$3:$E$2003,10,사용내역!$F$3:$F$2003,"보호구·안전용품"),0) -> 0 | M6: =IFERROR(SUMIFS(사용내역!$H$3:$H$2003,사용내역!$C$3:$C$2003,"본사",사용내역!$E$3:$E$2003,11,사용내역!$F$3:$F$2003,"보호구·안전용품"),0) -> 0 | N6: =IFERROR(SUMIFS(사용내역!$H$3:$H$2003,사용내역!$C$3:$C$2003,"본사",사용내역!$E$3:$E$2003,12,사용내역!$F$3:$F$2003,"보호구·안전용품"),0) -> 0 | O6: =SUM(C6:N6) -> 0 | P6: =IFERROR(COUNTIFS(사용내역!$C$3:$C$2003,"본사",사용내역!$F$3:$F$2003,"보호구·안전용품",사용내역!$J$3:$J$2003,"Y"),0) -> 0
B7: 안전진단비 | C7: =IFERROR(SUMIFS(사용내역!$H$3:$H$2003,사용내역!$C$3:$C$2003,"본사",사용내역!$E$3:$E$2003,1,사용내역!$F$3:$F$2003,"안전진단비"),0) -> 0 | D7: =IFERROR(SUMIFS(사용내역!$H$3:$H$2003,사용내역!$C$3:$C$2003,"본사",사용내역!$E$3:$E$2003,2,사용내역!$F$3:$F$2003,"안전진단비"),0) -> 0 | E7: =IFERROR(SUMIFS(사용내역!$H$3:$H$2003,사용내역!$C$3:$C$2003,"본사",사용내역!$E$3:$E$2003,3,사용내역!$F$3:$F$2003,"안전진단비"),0) -> 0 | F7: =IFERROR(SUMIFS(사용내역!$H$3:$H$2003,사용내역!$C$3:$C$2003,"본사",사용내역!$E$3:$E$2003,4,사용내역!$F$3:$F$2003,"안전진단비"),0) -> 0 | G7: =IFERROR(SUMIFS(사용내역!$H$3:$H$2003,사용내역!$C$3:$C$2003,"본사",사용내역!$E$3:$E$2003,5,사용내역!$F$3:$F$2003,"안전진단비"),0) -> 0 | H7: =IFERROR(SUMIFS(사용내역!$H$3:$H$2003,사용내역!$C$3:$C$2003,"본사",사용내역!$E$3:$E$2003,6,사용내역!$F$3:$F$2003,"안전진단비"),0) -> 0 | I7: =IFERROR(SUMIFS(사용내역!$H$3:$H$2003,사용내역!$C$3:$C$2003,"본사",사용내역!$E$3:$E$2003,7,사용내역!$F$3:$F$2003,"안전진단비"),0) -> 0 | J7: =IFERROR(SUMIFS(사용내역!$H$3:$H$2003,사용내역!$C$3:$C$2003,"본사",사용내역!$E$3:$E$2003,8,사용내역!$F$3:$F$2003,"안전진단비"),0) -> 0 | K7: =IFERROR(SUMIFS(사용내역!$H$3:$H$2003,사용내역!$C$3:$C$2003,"본사",사용내역!$E$3:$E$2003,9,사용내역!$F$3:$F$2003,"안전진단비"),0) -> 0 | L7: =IFERROR(SUMIFS(사용내역!$H$3:$H$2003,사용내역!$C$3:$C$2003,"본사",사용내역!$E$3:$E$2003,10,사용내역!$F$3:$F$2003,"안전진단비"),0) -> 0 | M7: =IFERROR(SUMIFS(사용내역!$H$3:$H$2003,사용내역!$C$3:$C$2003,"본사",사용내역!$E$3:$E$2003,11,사용내역!$F$3:$F$2003,"안전진단비"),0) -> 0 | N7: =IFERROR(SUMIFS(사용내역!$H$3:$H$2003,사용내역!$C$3:$C$2003,"본사",사용내역!$E$3:$E$2003,12,사용내역!$F$3:$F$2003,"안전진단비"),0) -> 0 | O7: =SUM(C7:N7) -> 0 | P7: =IFERROR(COUNTIFS(사용내역!$C$3:$C$2003,"본사",사용내역!$F$3:$F$2003,"안전진단비",사용내역!$J$3:$J$2003,"Y"),0) -> 0
B8: 안전보건교육비·행사비 등 | C8: =IFERROR(SUMIFS(사용내역!$H$3:$H$2003,사용내역!$C$3:$C$2003,"본사",사용내역!$E$3:$E$2003,1,사용내역!$F$3:$F$2003,"안전보건교육비·행사비 등"),0) -> 0 | D8: =IFERROR(SUMIFS(사용내역!$H$3:$H$2003,사용내역!$C$3:$C$2003,"본사",사용내역!$E$3:$E$2003,2,사용내역!$F$3:$F$2003,"안전보건교육비·행사비 등"),0) -> 0 | E8: =IFERROR(SUMIFS(사용내역!$H$3:$H$2003,사용내역!$C$3:$C$2003,"본사",사용내역!$E$3:$E$2003,3,사용내역!$F$3:$F$2003,"안전보건교육비·행사비 등"),0) -> 0 | F8: =IFERROR(SUMIFS(사용내역!$H$3:$H$2003,사용내역!$C$3:$C$2003,"본사",사용내역!$E$3:$E$2003,4,사용내역!$F$3:$F$2003,"안전보건교육비·행사비 등"),0) -> 0 | G8: =IFERROR(SUMIFS(사용내역!$H$3:$H$2003,사용내역!$C$3:$C$2003,"본사",사용내역!$E$3:$E$2003,5,사용내역!$F$3:$F$2003,"안전보건교육비·행사비 등"),0) -> 0 | H8: =IFERROR(SUMIFS(사용내역!$H$3:$H$2003,사용내역!$C$3:$C$2003,"본사",사용내역!$E$3:$E$2003,6,사용내역!$F$3:$F$2003,"안전보건교육비·행사비 등"),0) -> 0 | I8: =IFERROR(SUMIFS(사용내역!$H$3:$H$2003,사용내역!$C$3:$C$2003,"본사",사용내역!$E$3:$E$2003,7,사용내역!$F$3:$F$2003,"안전보건교육비·행사비 등"),0) -> 0 | J8: =IFERROR(SUMIFS(사용내역!$H$3:$H$2003,사용내역!$C$3:$C$2003,"본사",사용내역!$E$3:$E$2003,8,사용내역!$F$3:$F$2003,"안전보건교육비·행사비 등"),0) -> 0 | K8: =IFERROR(SUMIFS(사용내역!$H$3:$H$2003,사용내역!$C$3:$C$2003,"본사",사용내역!$E$3:$E$2003,9,사용내역!$F$3:$F$2003,"안전보건교육비·행사비 등"),0) -> 0 | L8: =IFERROR(SUMIFS(사용내역!$H$3:$H$2003,사용내역!$C$3:$C$2003,"본사",사용내역!$E$3:$E$2003,10,사용내역!$F$3:$F$2003,"안전보건교육비·행사비 등"),0) -> 0 | M8: =IFERROR(SUMIFS(사용내역!$H$3:$H$2003,사용내역!$C$3:$C$2003,"본사",사용내역!$E$3:$E$2003,11,사용내역!$F$3:$F$2003,"안전보건교육비·행사비 등"),0) -> 0 | N8: =IFERROR(SUMIFS(사용내역!$H$3:$H$2003,사용내역!$C$3:$C$2003,"본사",사용내역!$E$3:$E$2003,12,사용내역!$F$3:$F$2003,"안전보건교육비·행사비 등"),0) -> 0 | O8: =SUM(C8:N8) -> 0 | P8: =IFERROR(COUNTIFS(사용내역!$C$3:$C$2003,"본사",사용내역!$F$3:$F$2003,"안전보건교육비·행사비 등",사용내역!$J$3:$J$2003,"Y"),0) -> 0
B9: 근로자 건강관리비 등 | C9: =IFERROR(SUMIFS(사용내역!$H$3:$H$2003,사용내역!$C$3:$C$2003,"본사",사용내역!$E$3:$E$2003,1,사용내역!$F$3:$F$2003,"근로자 건강관리비 등"),0) -> 0 | D9: =IFERROR(SUMIFS(사용내역!$H$3:$H$2003,사용내역!$C$3:$C$2003,"본사",사용내역!$E$3:$E$2003,2,사용내역!$F$3:$F$2003,"근로자 건강관리비 등"),0) -> 0 | E9: =IFERROR(SUMIFS(사용내역!$H$3:$H$2003,사용내역!$C$3:$C$2003,"본사",사용내역!$E$3:$E$2003,3,사용내역!$F$3:$F$2003,"근로자 건강관리비 등"),0) -> 0 | F9: =IFERROR(SUMIFS(사용내역!$H$3:$H$2003,사용내역!$C$3:$C$2003,"본사",사용내역!$E$3:$E$2003,4,사용내역!$F$3:$F$2003,"근로자 건강관리비 등"),0) -> 0 | G9: =IFERROR(SUMIFS(사용내역!$H$3:$H$2003,사용내역!$C$3:$C$2003,"본사",사용내역!$E$3:$E$2003,5,사용내역!$F$3:$F$2003,"근로자 건강관리비 등"),0) -> 0 | H9: =IFERROR(SUMIFS(사용내역!$H$3:$H$2003,사용내역!$C$3:$C$2003,"본사",사용내역!$E$3:$E$2003,6,사용내역!$F$3:$F$2003,"근로자 건강관리비 등"),0) -> 0 | I9: =IFERROR(SUMIFS(사용내역!$H$3:$H$2003,사용내역!$C$3:$C$2003,"본사",사용내역!$E$3:$E$2003,7,사용내역!$F$3:$F$2003,"근로자 건강관리비 등"),0) -> 0 | J9: =IFERROR(SUMIFS(사용내역!$H$3:$H$2003,사용내역!$C$3:$C$2003,"본사",사용내역!$E$3:$E$2003,8,사용내역!$F$3:$F$2003,"근로자 건강관리비 등"),0) -> 0 | K9: =IFERROR(SUMIFS(사용내역!$H$3:$H$2003,사용내역!$C$3:$C$2003,"본사",사용내역!$E$3:$E$2003,9,사용내역!$F$3:$F$2003,"근로자 건강관리비 등"),0) -> 0 | L9: =IFERROR(SUMIFS(사용내역!$H$3:$H$2003,사용내역!$C$3:$C$2003,"본사",사용내역!$E$3:$E$2003,10,사용내역!$F$3:$F$2003,"근로자 건강관리비 등"),0) -> 0 | M9: =IFERROR(SUMIFS(사용내역!$H$3:$H$2003,사용내역!$C$3:$C$2003,"본사",사용내역!$E$3:$E$2003,11,사용내역!$F$3:$F$2003,"근로자 건강관리비 등"),0) -> 0 | N9: =IFERROR(SUMIFS(사용내역!$H$3:$H$2003,사용내역!$C$3:$C$2003,"본사",사용내역!$E$3:$E$2003,12,사용내역!$F$3:$F$2003,"근로자 건강관리비 등"),0) -> 0 | O9: =SUM(C9:N9) -> 0 | P9: =IFERROR(COUNTIFS(사용내역!$C$3:$C$2003,"본사",사용내역!$F$3:$F$2003,"근로자 건강관리비 등",사용내역!$J$3:$J$2003,"Y"),0) -> 0
B10: 건설재해예방 기술지도비 | C10: =IFERROR(SUMIFS(사용내역!$H$3:$H$2003,사용내역!$C$3:$C$2003,"본사",사용내역!$E$3:$E$2003,1,사용내역!$F$3:$F$2003,"건설재해예방 기술지도비"),0) -> 0 | D10: =IFERROR(SUMIFS(사용내역!$H$3:$H$2003,사용내역!$C$3:$C$2003,"본사",사용내역!$E$3:$E$2003,2,사용내역!$F$3:$F$2003,"건설재해예방 기술지도비"),0) -> 0 | E10: =IFERROR(SUMIFS(사용내역!$H$3:$H$2003,사용내역!$C$3:$C$2003,"본사",사용내역!$E$3:$E$2003,3,사용내역!$F$3:$F$2003,"건설재해예방 기술지도비"),0) -> 0 | F10: =IFERROR(SUMIFS(사용내역!$H$3:$H$2003,사용내역!$C$3:$C$2003,"본사",사용내역!$E$3:$E$2003,4,사용내역!$F$3:$F$2003,"건설재해예방 기술지도비"),0) -> 0 | G10: =IFERROR(SUMIFS(사용내역!$H$3:$H$2003,사용내역!$C$3:$C$2003,"본사",사용내역!$E$3:$E$2003,5,사용내역!$F$3:$F$2003,"건설재해예방 기술지도비"),0) -> 0 | H10: =IFERROR(SUMIFS(사용내역!$H$3:$H$2003,사용내역!$C$3:$C$2003,"본사",사용내역!$E$3:$E$2003,6,사용내역!$F$3:$F$2003,"건설재해예방 기술지도비"),0) -> 0 | I10: =IFERROR(SUMIFS(사용내역!$H$3:$H$2003,사용내역!$C$3:$C$2003,"본사",사용내역!$E$3:$E$2003,7,사용내역!$F$3:$F$2003,"건설재해예방 기술지도비"),0) -> 0 | J10: =IFERROR(SUMIFS(사용내역!$H$3:$H$2003,사용내역!$C$3:$C$2003,"본사",사용내역!$E$3:$E$2003,8,사용내역!$F$3:$F$2003,"건설재해예방 기술지도비"),0) -> 0 | K10: =IFERROR(SUMIFS(사용내역!$H$3:$H$2003,사용내역!$C$3:$C$2003,"본사",사용내역!$E$3:$E$2003,9,사용내역!$F$3:$F$2003,"건설재해예방 기술지도비"),0) -> 0 | L10: =IFERROR(SUMIFS(사용내역!$H$3:$H$2003,사용내역!$C$3:$C$2003,"본사",사용내역!$E$3:$E$2003,10,사용내역!$F$3:$F$2003,"건설재해예방 기술지도비"),0) -> 0 | M10: =IFERROR(SUMIFS(사용내역!$H$3:$H$2003,사용내역!$C$3:$C$2003,"본사",사용내역!$E$3:$E$2003,11,사용내역!$F$3:$F$2003,"건설재해예방 기술지도비"),0) -> 0 | N10: =IFERROR(SUMIFS(사용내역!$H$3:$H$2003,사용내역!$C$3:$C$2003,"본사",사용내역!$E$3:$E$2003,12,사용내역!$F$3:$F$2003,"건설재해예방 기술지도비"),0) -> 0 | O10: =SUM(C10:N10) -> 0 | P10: =IFERROR(COUNTIFS(사용내역!$C$3:$C$2003,"본사",사용내역!$F$3:$F$2003,"건설재해예방 기술지도비",사용내역!$J$3:$J$2003,"Y"),0) -> 0
B11: 기타 | C11: =IFERROR(SUMIFS(사용내역!$H$3:$H$2003,사용내역!$C$3:$C$2003,"본사",사용내역!$E$3:$E$2003,1,사용내역!$F$3:$F$2003,"기타"),0) -> 0 | D11: =IFERROR(SUMIFS(사용내역!$H$3:$H$2003,사용내역!$C$3:$C$2003,"본사",사용내역!$E$3:$E$2003,2,사용내역!$F$3:$F$2003,"기타"),0) -> 0 | E11: =IFERROR(SUMIFS(사용내역!$H$3:$H$2003,사용내역!$C$3:$C$2003,"본사",사용내역!$E$3:$E$2003,3,사용내역!$F$3:$F$2003,"기타"),0) -> 0 | F11: =IFERROR(SUMIFS(사용내역!$H$3:$H$2003,사용내역!$C$3:$C$2003,"본사",사용내역!$E$3:$E$2003,4,사용내역!$F$3:$F$2003,"기타"),0) -> 0 | G11: =IFERROR(SUMIFS(사용내역!$H$3:$H$2003,사용내역!$C$3:$C$2003,"본사",사용내역!$E$3:$E$2003,5,사용내역!$F$3:$F$2003,"기타"),0) -> 0 | H11: =IFERROR(SUMIFS(사용내역!$H$3:$H$2003,사용내역!$C$3:$C$2003,"본사",사용내역!$E$3:$E$2003,6,사용내역!$F$3:$F$2003,"기타"),0) -> 0 | I11: =IFERROR(SUMIFS(사용내역!$H$3:$H$2003,사용내역!$C$3:$C$2003,"본사",사용내역!$E$3:$E$2003,7,사용내역!$F$3:$F$2003,"기타"),0) -> 0 | J11: =IFERROR(SUMIFS(사용내역!$H$3:$H$2003,사용내역!$C$3:$C$2003,"본사",사용내역!$E$3:$E$2003,8,사용내역!$F$3:$F$2003,"기타"),0) -> 0 | K11: =IFERROR(SUMIFS(사용내역!$H$3:$H$2003,사용내역!$C$3:$C$2003,"본사",사용내역!$E$3:$E$2003,9,사용내역!$F$3:$F$2003,"기타"),0) -> 0 | L11: =IFERROR(SUMIFS(사용내역!$H$3:$H$2003,사용내역!$C$3:$C$2003,"본사",사용내역!$E$3:$E$2003,10,사용내역!$F$3:$F$2003,"기타"),0) -> 0 | M11: =IFERROR(SUMIFS(사용내역!$H$3:$H$2003,사용내역!$C$3:$C$2003,"본사",사용내역!$E$3:$E$2003,11,사용내역!$F$3:$F$2003,"기타"),0) -> 0 | N11: =IFERROR(SUMIFS(사용내역!$H$3:$H$2003,사용내역!$C$3:$C$2003,"본사",사용내역!$E$3:$E$2003,12,사용내역!$F$3:$F$2003,"기타"),0) -> 0 | O11: =SUM(C11:N11) -> 0 | P11: =IFERROR(COUNTIFS(사용내역!$C$3:$C$2003,"본사",사용내역!$F$3:$F$2003,"기타",사용내역!$J$3:$J$2003,"Y"),0) -> 0
B12: 산보위·위험성평가 안건 | C12: =IFERROR(SUMIFS(사용내역!$H$3:$H$2003,사용내역!$C$3:$C$2003,"본사",사용내역!$E$3:$E$2003,1,사용내역!$F$3:$F$2003,"산보위·위험성평가 안건"),0) -> 0 | D12: =IFERROR(SUMIFS(사용내역!$H$3:$H$2003,사용내역!$C$3:$C$2003,"본사",사용내역!$E$3:$E$2003,2,사용내역!$F$3:$F$2003,"산보위·위험성평가 안건"),0) -> 0 | E12: =IFERROR(SUMIFS(사용내역!$H$3:$H$2003,사용내역!$C$3:$C$2003,"본사",사용내역!$E$3:$E$2003,3,사용내역!$F$3:$F$2003,"산보위·위험성평가 안건"),0) -> 0 | F12: =IFERROR(SUMIFS(사용내역!$H$3:$H$2003,사용내역!$C$3:$C$2003,"본사",사용내역!$E$3:$E$2003,4,사용내역!$F$3:$F$2003,"산보위·위험성평가 안건"),0) -> 0 | G12: =IFERROR(SUMIFS(사용내역!$H$3:$H$2003,사용내역!$C$3:$C$2003,"본사",사용내역!$E$3:$E$2003,5,사용내역!$F$3:$F$2003,"산보위·위험성평가 안건"),0) -> 0 | H12: =IFERROR(SUMIFS(사용내역!$H$3:$H$2003,사용내역!$C$3:$C$2003,"본사",사용내역!$E$3:$E$2003,6,사용내역!$F$3:$F$2003,"산보위·위험성평가 안건"),0) -> 0 | I12: =IFERROR(SUMIFS(사용내역!$H$3:$H$2003,사용내역!$C$3:$C$2003,"본사",사용내역!$E$3:$E$2003,7,사용내역!$F$3:$F$2003,"산보위·위험성평가 안건"),0) -> 0 | J12: =IFERROR(SUMIFS(사용내역!$H$3:$H$2003,사용내역!$C$3:$C$2003,"본사",사용내역!$E$3:$E$2003,8,사용내역!$F$3:$F$2003,"산보위·위험성평가 안건"),0) -> 0 | K12: =IFERROR(SUMIFS(사용내역!$H$3:$H$2003,사용내역!$C$3:$C$2003,"본사",사용내역!$E$3:$E$2003,9,사용내역!$F$3:$F$2003,"산보위·위험성평가 안건"),0) -> 0 | L12: =IFERROR(SUMIFS(사용내역!$H$3:$H$2003,사용내역!$C$3:$C$2003,"본사",사용내역!$E$3:$E$2003,10,사용내역!$F$3:$F$2003,"산보위·위험성평가 안건"),0) -> 0 | M12: =IFERROR(SUMIFS(사용내역!$H$3:$H$2003,사용내역!$C$3:$C$2003,"본사",사용내역!$E$3:$E$2003,11,사용내역!$F$3:$F$2003,"산보위·위험성평가 안건"),0) -> 0 | N12: =IFERROR(SUMIFS(사용내역!$H$3:$H$2003,사용내역!$C$3:$C$2003,"본사",사용내역!$E$3:$E$2003,12,사용내역!$F$3:$F$2003,"산보위·위험성평가 안건"),0) -> 0 | O12: =SUM(C12:N12) -> 0 | P12: =IFERROR(COUNTIFS(사용내역!$C$3:$C$2003,"본사",사용내역!$F$3:$F$2003,"산보위·위험성평가 안건",사용내역!$J$3:$J$2003,"Y"),0) -> 0
A13: 본사 소계 | C13: =SUM(C4:C12) -> 0 | D13: =SUM(D4:D12) -> 0 | E13: =SUM(E4:E12) -> 0 | F13: =SUM(F4:F12) -> 0 | G13: =SUM(G4:G12) -> 0 | H13: =SUM(H4:H12) -> 0 | I13: =SUM(I4:I12) -> 0 | J13: =SUM(J4:J12) -> 0 | ... P13: =SUM(P4:P12) -> 0
A14: 충청본부 | B14: 안전관리자 등 인건비 | C14: =IFERROR(SUMIFS(사용내역!$H$3:$H$2003,사용내역!$C$3:$C$2003,"충청",사용내역!$E$3:$E$2003,1,사용내역!$F$3:$F$2003,"안전관리자 등 인건비"),0) -> 0 | D14: =IFERROR(SUMIFS(사용내역!$H$3:$H$2003,사용내역!$C$3:$C$2003,"충청",사용내역!$E$3:$E$2003,2,사용내역!$F$3:$F$2003,"안전관리자 등 인건비"),0) -> 0 | E14: =IFERROR(SUMIFS(사용내역!$H$3:$H$2003,사용내역!$C$3:$C$2003,"충청",사용내역!$E$3:$E$2003,3,사용내역!$F$3:$F$2003,"안전관리자 등 인건비"),0) -> 0 | F14: =IFERROR(SUMIFS(사용내역!$H$3:$H$2003,사용내역!$C$3:$C$2003,"충청",사용내역!$E$3:$E$2003,4,사용내역!$F$3:$F$2003,"안전관리자 등 인건비"),0) -> 0 | G14: =IFERROR(SUMIFS(사용내역!$H$3:$H$2003,사용내역!$C$3:$C$2003,"충청",사용내역!$E$3:$E$2003,5,사용내역!$F$3:$F$2003,"안전관리자 등 인건비"),0) -> 0 | H14: =IFERROR(SUMIFS(사용내역!$H$3:$H$2003,사용내역!$C$3:$C$2003,"충청",사용내역!$E$3:$E$2003,6,사용내역!$F$3:$F$2003,"안전관리자 등 인건비"),0) -> 0 | I14: =IFERROR(SUMIFS(사용내역!$H$3:$H$2003,사용내역!$C$3:$C$2003,"충청",사용내역!$E$3:$E$2003,7,사용내역!$F$3:$F$2003,"안전관리자 등 인건비"),0) -> 0 | J14: =IFERROR(SUMIFS(사용내역!$H$3:$H$2003,사용내역!$C$3:$C$2003,"충청",사용내역!$E$3:$E$2003,8,사용내역!$F$3:$F$2003,"안전관리자 등 인건비"),0) -> 0 | K14: =IFERROR(SUMIFS(사용내역!$H$3:$H$2003,사용내역!$C$3:$C$2003,"충청",사용내역!$E$3:$E$2003,9,사용내역!$F$3:$F$2003,"안전관리자 등 인건비"),0) -> 0 | L14: =IFERROR(SUMIFS(사용내역!$H$3:$H$2003,사용내역!$C$3:$C$2003,"충청",사용내역!$E$3:$E$2003,10,사용내역!$F$3:$F$2003,"안전관리자 등 인건비"),0) -> 0 | M14: =IFERROR(SUMIFS(사용내역!$H$3:$H$2003,사용내역!$C$3:$C$2003,"충청",사용내역!$E$3:$E$2003,11,사용내역!$F$3:$F$2003,"안전관리자 등 인건비"),0) -> 0 | N14: =IFERROR(SUMIFS(사용내역!$H$3:$H$2003,사용내역!$C$3:$C$2003,"충청",사용내역!$E$3:$E$2003,12,사용내역!$F$3:$F$2003,"안전관리자 등 인건비"),0) -> 0 | O14: =SUM(C14:N14) -> 0 | P14: =IFERROR(COUNTIFS(사용내역!$C$3:$C$2003,"충청",사용내역!$F$3:$F$2003,"안전관리자 등 인건비",사용내역!$J$3:$J$2003,"Y"),0) -> 0
B15: 안전시설비 | C15: =IFERROR(SUMIFS(사용내역!$H$3:$H$2003,사용내역!$C$3:$C$2003,"충청",사용내역!$E$3:$E$2003,1,사용내역!$F$3:$F$2003,"안전시설비"),0) -> 0 | D15: =IFERROR(SUMIFS(사용내역!$H$3:$H$2003,사용내역!$C$3:$C$2003,"충청",사용내역!$E$3:$E$2003,2,사용내역!$F$3:$F$2003,"안전시설비"),0) -> 0 | E15: =IFERROR(SUMIFS(사용내역!$H$3:$H$2003,사용내역!$C$3:$C$2003,"충청",사용내역!$E$3:$E$2003,3,사용내역!$F$3:$F$2003,"안전시설비"),0) -> 0 | F15: =IFERROR(SUMIFS(사용내역!$H$3:$H$2003,사용내역!$C$3:$C$2003,"충청",사용내역!$E$3:$E$2003,4,사용내역!$F$3:$F$2003,"안전시설비"),0) -> 0 | G15: =IFERROR(SUMIFS(사용내역!$H$3:$H$2003,사용내역!$C$3:$C$2003,"충청",사용내역!$E$3:$E$2003,5,사용내역!$F$3:$F$2003,"안전시설비"),0) -> 0 | H15: =IFERROR(SUMIFS(사용내역!$H$3:$H$2003,사용내역!$C$3:$C$2003,"충청",사용내역!$E$3:$E$2003,6,사용내역!$F$3:$F$2003,"안전시설비"),0) -> 0 | I15: =IFERROR(SUMIFS(사용내역!$H$3:$H$2003,사용내역!$C$3:$C$2003,"충청",사용내역!$E$3:$E$2003,7,사용내역!$F$3:$F$2003,"안전시설비"),0) -> 0 | J15: =IFERROR(SUMIFS(사용내역!$H$3:$H$2003,사용내역!$C$3:$C$2003,"충청",사용내역!$E$3:$E$2003,8,사용내역!$F$3:$F$2003,"안전시설비"),0) -> 0 | K15: =IFERROR(SUMIFS(사용내역!$H$3:$H$2003,사용내역!$C$3:$C$2003,"충청",사용내역!$E$3:$E$2003,9,사용내역!$F$3:$F$2003,"안전시설비"),0) -> 0 | L15: =IFERROR(SUMIFS(사용내역!$H$3:$H$2003,사용내역!$C$3:$C$2003,"충청",사용내역!$E$3:$E$2003,10,사용내역!$F$3:$F$2003,"안전시설비"),0) -> 0 | M15: =IFERROR(SUMIFS(사용내역!$H$3:$H$2003,사용내역!$C$3:$C$2003,"충청",사용내역!$E$3:$E$2003,11,사용내역!$F$3:$F$2003,"안전시설비"),0) -> 0 | N15: =IFERROR(SUMIFS(사용내역!$H$3:$H$2003,사용내역!$C$3:$C$2003,"충청",사용내역!$E$3:$E$2003,12,사용내역!$F$3:$F$2003,"안전시설비"),0) -> 0 | O15: =SUM(C15:N15) -> 0 | P15: =IFERROR(COUNTIFS(사용내역!$C$3:$C$2003,"충청",사용내역!$F$3:$F$2003,"안전시설비",사용내역!$J$3:$J$2003,"Y"),0) -> 0
B16: 보호구·안전용품 | C16: =IFERROR(SUMIFS(사용내역!$H$3:$H$2003,사용내역!$C$3:$C$2003,"충청",사용내역!$E$3:$E$2003,1,사용내역!$F$3:$F$2003,"보호구·안전용품"),0) -> 0 | D16: =IFERROR(SUMIFS(사용내역!$H$3:$H$2003,사용내역!$C$3:$C$2003,"충청",사용내역!$E$3:$E$2003,2,사용내역!$F$3:$F$2003,"보호구·안전용품"),0) -> 0 | E16: =IFERROR(SUMIFS(사용내역!$H$3:$H$2003,사용내역!$C$3:$C$2003,"충청",사용내역!$E$3:$E$2003,3,사용내역!$F$3:$F$2003,"보호구·안전용품"),0) -> 0 | F16: =IFERROR(SUMIFS(사용내역!$H$3:$H$2003,사용내역!$C$3:$C$2003,"충청",사용내역!$E$3:$E$2003,4,사용내역!$F$3:$F$2003,"보호구·안전용품"),0) -> 0 | G16: =IFERROR(SUMIFS(사용내역!$H$3:$H$2003,사용내역!$C$3:$C$2003,"충청",사용내역!$E$3:$E$2003,5,사용내역!$F$3:$F$2003,"보호구·안전용품"),0) -> 0 | H16: =IFERROR(SUMIFS(사용내역!$H$3:$H$2003,사용내역!$C$3:$C$2003,"충청",사용내역!$E$3:$E$2003,6,사용내역!$F$3:$F$2003,"보호구·안전용품"),0) -> 0 | I16: =IFERROR(SUMIFS(사용내역!$H$3:$H$2003,사용내역!$C$3:$C$2003,"충청",사용내역!$E$3:$E$2003,7,사용내역!$F$3:$F$2003,"보호구·안전용품"),0) -> 0 | J16: =IFERROR(SUMIFS(사용내역!$H$3:$H$2003,사용내역!$C$3:$C$2003,"충청",사용내역!$E$3:$E$2003,8,사용내역!$F$3:$F$2003,"보호구·안전용품"),0) -> 0 | K16: =IFERROR(SUMIFS(사용내역!$H$3:$H$2003,사용내역!$C$3:$C$2003,"충청",사용내역!$E$3:$E$2003,9,사용내역!$F$3:$F$2003,"보호구·안전용품"),0) -> 0 | L16: =IFERROR(SUMIFS(사용내역!$H$3:$H$2003,사용내역!$C$3:$C$2003,"충청",사용내역!$E$3:$E$2003,10,사용내역!$F$3:$F$2003,"보호구·안전용품"),0) -> 0 | M16: =IFERROR(SUMIFS(사용내역!$H$3:$H$2003,사용내역!$C$3:$C$2003,"충청",사용내역!$E$3:$E$2003,11,사용내역!$F$3:$F$2003,"보호구·안전용품"),0) -> 0 | N16: =IFERROR(SUMIFS(사용내역!$H$3:$H$2003,사용내역!$C$3:$C$2003,"충청",사용내역!$E$3:$E$2003,12,사용내역!$F$3:$F$2003,"보호구·안전용품"),0) -> 0 | O16: =SUM(C16:N16) -> 0 | P16: =IFERROR(COUNTIFS(사용내역!$C$3:$C$2003,"충청",사용내역!$F$3:$F$2003,"보호구·안전용품",사용내역!$J$3:$J$2003,"Y"),0) -> 0
B17: 안전진단비 | C17: =IFERROR(SUMIFS(사용내역!$H$3:$H$2003,사용내역!$C$3:$C$2003,"충청",사용내역!$E$3:$E$2003,1,사용내역!$F$3:$F$2003,"안전진단비"),0) -> 0 | D17: =IFERROR(SUMIFS(사용내역!$H$3:$H$2003,사용내역!$C$3:$C$2003,"충청",사용내역!$E$3:$E$2003,2,사용내역!$F$3:$F$2003,"안전진단비"),0) -> 0 | E17: =IFERROR(SUMIFS(사용내역!$H$3:$H$2003,사용내역!$C$3:$C$2003,"충청",사용내역!$E$3:$E$2003,3,사용내역!$F$3:$F$2003,"안전진단비"),0) -> 0 | F17: =IFERROR(SUMIFS(사용내역!$H$3:$H$2003,사용내역!$C$3:$C$2003,"충청",사용내역!$E$3:$E$2003,4,사용내역!$F$3:$F$2003,"안전진단비"),0) -> 0 | G17: =IFERROR(SUMIFS(사용내역!$H$3:$H$2003,사용내역!$C$3:$C$2003,"충청",사용내역!$E$3:$E$2003,5,사용내역!$F$3:$F$2003,"안전진단비"),0) -> 0 | H17: =IFERROR(SUMIFS(사용내역!$H$3:$H$2003,사용내역!$C$3:$C$2003,"충청",사용내역!$E$3:$E$2003,6,사용내역!$F$3:$F$2003,"안전진단비"),0) -> 0 | I17: =IFERROR(SUMIFS(사용내역!$H$3:$H$2003,사용내역!$C$3:$C$2003,"충청",사용내역!$E$3:$E$2003,7,사용내역!$F$3:$F$2003,"안전진단비"),0) -> 0 | J17: =IFERROR(SUMIFS(사용내역!$H$3:$H$2003,사용내역!$C$3:$C$2003,"충청",사용내역!$E$3:$E$2003,8,사용내역!$F$3:$F$2003,"안전진단비"),0) -> 0 | K17: =IFERROR(SUMIFS(사용내역!$H$3:$H$2003,사용내역!$C$3:$C$2003,"충청",사용내역!$E$3:$E$2003,9,사용내역!$F$3:$F$2003,"안전진단비"),0) -> 0 | L17: =IFERROR(SUMIFS(사용내역!$H$3:$H$2003,사용내역!$C$3:$C$2003,"충청",사용내역!$E$3:$E$2003,10,사용내역!$F$3:$F$2003,"안전진단비"),0) -> 0 | M17: =IFERROR(SUMIFS(사용내역!$H$3:$H$2003,사용내역!$C$3:$C$2003,"충청",사용내역!$E$3:$E$2003,11,사용내역!$F$3:$F$2003,"안전진단비"),0) -> 0 | N17: =IFERROR(SUMIFS(사용내역!$H$3:$H$2003,사용내역!$C$3:$C$2003,"충청",사용내역!$E$3:$E$2003,12,사용내역!$F$3:$F$2003,"안전진단비"),0) -> 0 | O17: =SUM(C17:N17) -> 0 | P17: =IFERROR(COUNTIFS(사용내역!$C$3:$C$2003,"충청",사용내역!$F$3:$F$2003,"안전진단비",사용내역!$J$3:$J$2003,"Y"),0) -> 0
B18: 안전보건교육비·행사비 등 | C18: =IFERROR(SUMIFS(사용내역!$H$3:$H$2003,사용내역!$C$3:$C$2003,"충청",사용내역!$E$3:$E$2003,1,사용내역!$F$3:$F$2003,"안전보건교육비·행사비 등"),0) -> 0 | D18: =IFERROR(SUMIFS(사용내역!$H$3:$H$2003,사용내역!$C$3:$C$2003,"충청",사용내역!$E$3:$E$2003,2,사용내역!$F$3:$F$2003,"안전보건교육비·행사비 등"),0) -> 0 | E18: =IFERROR(SUMIFS(사용내역!$H$3:$H$2003,사용내역!$C$3:$C$2003,"충청",사용내역!$E$3:$E$2003,3,사용내역!$F$3:$F$2003,"안전보건교육비·행사비 등"),0) -> 0 | F18: =IFERROR(SUMIFS(사용내역!$H$3:$H$2003,사용내역!$C$3:$C$2003,"충청",사용내역!$E$3:$E$2003,4,사용내역!$F$3:$F$2003,"안전보건교육비·행사비 등"),0) -> 0 | G18: =IFERROR(SUMIFS(사용내역!$H$3:$H$2003,사용내역!$C$3:$C$2003,"충청",사용내역!$E$3:$E$2003,5,사용내역!$F$3:$F$2003,"안전보건교육비·행사비 등"),0) -> 0 | H18: =IFERROR(SUMIFS(사용내역!$H$3:$H$2003,사용내역!$C$3:$C$2003,"충청",사용내역!$E$3:$E$2003,6,사용내역!$F$3:$F$2003,"안전보건교육비·행사비 등"),0) -> 0 | I18: =IFERROR(SUMIFS(사용내역!$H$3:$H$2003,사용내역!$C$3:$C$2003,"충청",사용내역!$E$3:$E$2003,7,사용내역!$F$3:$F$2003,"안전보건교육비·행사비 등"),0) -> 0 | J18: =IFERROR(SUMIFS(사용내역!$H$3:$H$2003,사용내역!$C$3:$C$2003,"충청",사용내역!$E$3:$E$2003,8,사용내역!$F$3:$F$2003,"안전보건교육비·행사비 등"),0) -> 0 | K18: =IFERROR(SUMIFS(사용내역!$H$3:$H$2003,사용내역!$C$3:$C$2003,"충청",사용내역!$E$3:$E$2003,9,사용내역!$F$3:$F$2003,"안전보건교육비·행사비 등"),0) -> 0 | L18: =IFERROR(SUMIFS(사용내역!$H$3:$H$2003,사용내역!$C$3:$C$2003,"충청",사용내역!$E$3:$E$2003,10,사용내역!$F$3:$F$2003,"안전보건교육비·행사비 등"),0) -> 0 | M18: =IFERROR(SUMIFS(사용내역!$H$3:$H$2003,사용내역!$C$3:$C$2003,"충청",사용내역!$E$3:$E$2003,11,사용내역!$F$3:$F$2003,"안전보건교육비·행사비 등"),0) -> 0 | N18: =IFERROR(SUMIFS(사용내역!$H$3:$H$2003,사용내역!$C$3:$C$2003,"충청",사용내역!$E$3:$E$2003,12,사용내역!$F$3:$F$2003,"안전보건교육비·행사비 등"),0) -> 0 | O18: =SUM(C18:N18) -> 0 | P18: =IFERROR(COUNTIFS(사용내역!$C$3:$C$2003,"충청",사용내역!$F$3:$F$2003,"안전보건교육비·행사비 등",사용내역!$J$3:$J$2003,"Y"),0) -> 0
B19: 근로자 건강관리비 등 | C19: =IFERROR(SUMIFS(사용내역!$H$3:$H$2003,사용내역!$C$3:$C$2003,"충청",사용내역!$E$3:$E$2003,1,사용내역!$F$3:$F$2003,"근로자 건강관리비 등"),0) -> 0 | D19: =IFERROR(SUMIFS(사용내역!$H$3:$H$2003,사용내역!$C$3:$C$2003,"충청",사용내역!$E$3:$E$2003,2,사용내역!$F$3:$F$2003,"근로자 건강관리비 등"),0) -> 0 | E19: =IFERROR(SUMIFS(사용내역!$H$3:$H$2003,사용내역!$C$3:$C$2003,"충청",사용내역!$E$3:$E$2003,3,사용내역!$F$3:$F$2003,"근로자 건강관리비 등"),0) -> 0 | F19: =IFERROR(SUMIFS(사용내역!$H$3:$H$2003,사용내역!$C$3:$C$2003,"충청",사용내역!$E$3:$E$2003,4,사용내역!$F$3:$F$2003,"근로자 건강관리비 등"),0) -> 0 | G19: =IFERROR(SUMIFS(사용내역!$H$3:$H$2003,사용내역!$C$3:$C$2003,"충청",사용내역!$E$3:$E$2003,5,사용내역!$F$3:$F$2003,"근로자 건강관리비 등"),0) -> 0 | H19: =IFERROR(SUMIFS(사용내역!$H$3:$H$2003,사용내역!$C$3:$C$2003,"충청",사용내역!$E$3:$E$2003,6,사용내역!$F$3:$F$2003,"근로자 건강관리비 등"),0) -> 0 | I19: =IFERROR(SUMIFS(사용내역!$H$3:$H$2003,사용내역!$C$3:$C$2003,"충청",사용내역!$E$3:$E$2003,7,사용내역!$F$3:$F$2003,"근로자 건강관리비 등"),0) -> 0 | J19: =IFERROR(SUMIFS(사용내역!$H$3:$H$2003,사용내역!$C$3:$C$2003,"충청",사용내역!$E$3:$E$2003,8,사용내역!$F$3:$F$2003,"근로자 건강관리비 등"),0) -> 0 | K19: =IFERROR(SUMIFS(사용내역!$H$3:$H$2003,사용내역!$C$3:$C$2003,"충청",사용내역!$E$3:$E$2003,9,사용내역!$F$3:$F$2003,"근로자 건강관리비 등"),0) -> 0 | L19: =IFERROR(SUMIFS(사용내역!$H$3:$H$2003,사용내역!$C$3:$C$2003,"충청",사용내역!$E$3:$E$2003,10,사용내역!$F$3:$F$2003,"근로자 건강관리비 등"),0) -> 0 | M19: =IFERROR(SUMIFS(사용내역!$H$3:$H$2003,사용내역!$C$3:$C$2003,"충청",사용내역!$E$3:$E$2003,11,사용내역!$F$3:$F$2003,"근로자 건강관리비 등"),0) -> 0 | N19: =IFERROR(SUMIFS(사용내역!$H$3:$H$2003,사용내역!$C$3:$C$2003,"충청",사용내역!$E$3:$E$2003,12,사용내역!$F$3:$F$2003,"근로자 건강관리비 등"),0) -> 0 | O19: =SUM(C19:N19) -> 0 | P19: =IFERROR(COUNTIFS(사용내역!$C$3:$C$2003,"충청",사용내역!$F$3:$F$2003,"근로자 건강관리비 등",사용내역!$J$3:$J$2003,"Y"),0) -> 0
B20: 건설재해예방 기술지도비 | C20: =IFERROR(SUMIFS(사용내역!$H$3:$H$2003,사용내역!$C$3:$C$2003,"충청",사용내역!$E$3:$E$2003,1,사용내역!$F$3:$F$2003,"건설재해예방 기술지도비"),0) -> 0 | D20: =IFERROR(SUMIFS(사용내역!$H$3:$H$2003,사용내역!$C$3:$C$2003,"충청",사용내역!$E$3:$E$2003,2,사용내역!$F$3:$F$2003,"건설재해예방 기술지도비"),0) -> 0 | E20: =IFERROR(SUMIFS(사용내역!$H$3:$H$2003,사용내역!$C$3:$C$2003,"충청",사용내역!$E$3:$E$2003,3,사용내역!$F$3:$F$2003,"건설재해예방 기술지도비"),0) -> 0 | F20: =IFERROR(SUMIFS(사용내역!$H$3:$H$2003,사용내역!$C$3:$C$2003,"충청",사용내역!$E$3:$E$2003,4,사용내역!$F$3:$F$2003,"건설재해예방 기술지도비"),0) -> 0 | G20: =IFERROR(SUMIFS(사용내역!$H$3:$H$2003,사용내역!$C$3:$C$2003,"충청",사용내역!$E$3:$E$2003,5,사용내역!$F$3:$F$2003,"건설재해예방 기술지도비"),0) -> 0 | H20: =IFERROR(SUMIFS(사용내역!$H$3:$H$2003,사용내역!$C$3:$C$2003,"충청",사용내역!$E$3:$E$2003,6,사용내역!$F$3:$F$2003,"건설재해예방 기술지도비"),0) -> 0 | I20: =IFERROR(SUMIFS(사용내역!$H$3:$H$2003,사용내역!$C$3:$C$2003,"충청",사용내역!$E$3:$E$2003,7,사용내역!$F$3:$F$2003,"건설재해예방 기술지도비"),0) -> 0 | J20: =IFERROR(SUMIFS(사용내역!$H$3:$H$2003,사용내역!$C$3:$C$2003,"충청",사용내역!$E$3:$E$2003,8,사용내역!$F$3:$F$2003,"건설재해예방 기술지도비"),0) -> 0 | K20: =IFERROR(SUMIFS(사용내역!$H$3:$H$2003,사용내역!$C$3:$C$2003,"충청",사용내역!$E$3:$E$2003,9,사용내역!$F$3:$F$2003,"건설재해예방 기술지도비"),0) -> 0 | L20: =IFERROR(SUMIFS(사용내역!$H$3:$H$2003,사용내역!$C$3:$C$2003,"충청",사용내역!$E$3:$E$2003,10,사용내역!$F$3:$F$2003,"건설재해예방 기술지도비"),0) -> 0 | M20: =IFERROR(SUMIFS(사용내역!$H$3:$H$2003,사용내역!$C$3:$C$2003,"충청",사용내역!$E$3:$E$2003,11,사용내역!$F$3:$F$2003,"건설재해예방 기술지도비"),0) -> 0 | N20: =IFERROR(SUMIFS(사용내역!$H$3:$H$2003,사용내역!$C$3:$C$2003,"충청",사용내역!$E$3:$E$2003,12,사용내역!$F$3:$F$2003,"건설재해예방 기술지도비"),0) -> 0 | O20: =SUM(C20:N20) -> 0 | P20: =IFERROR(COUNTIFS(사용내역!$C$3:$C$2003,"충청",사용내역!$F$3:$F$2003,"건설재해예방 기술지도비",사용내역!$J$3:$J$2003,"Y"),0) -> 0
B21: 기타 | C21: =IFERROR(SUMIFS(사용내역!$H$3:$H$2003,사용내역!$C$3:$C$2003,"충청",사용내역!$E$3:$E$2003,1,사용내역!$F$3:$F$2003,"기타"),0) -> 0 | D21: =IFERROR(SUMIFS(사용내역!$H$3:$H$2003,사용내역!$C$3:$C$2003,"충청",사용내역!$E$3:$E$2003,2,사용내역!$F$3:$F$2003,"기타"),0) -> 0 | E21: =IFERROR(SUMIFS(사용내역!$H$3:$H$2003,사용내역!$C$3:$C$2003,"충청",사용내역!$E$3:$E$2003,3,사용내역!$F$3:$F$2003,"기타"),0) -> 0 | F21: =IFERROR(SUMIFS(사용내역!$H$3:$H$2003,사용내역!$C$3:$C$2003,"충청",사용내역!$E$3:$E$2003,4,사용내역!$F$3:$F$2003,"기타"),0) -> 0 | G21: =IFERROR(SUMIFS(사용내역!$H$3:$H$2003,사용내역!$C$3:$C$2003,"충청",사용내역!$E$3:$E$2003,5,사용내역!$F$3:$F$2003,"기타"),0) -> 0 | H21: =IFERROR(SUMIFS(사용내역!$H$3:$H$2003,사용내역!$C$3:$C$2003,"충청",사용내역!$E$3:$E$2003,6,사용내역!$F$3:$F$2003,"기타"),0) -> 0 | I21: =IFERROR(SUMIFS(사용내역!$H$3:$H$2003,사용내역!$C$3:$C$2003,"충청",사용내역!$E$3:$E$2003,7,사용내역!$F$3:$F$2003,"기타"),0) -> 0 | J21: =IFERROR(SUMIFS(사용내역!$H$3:$H$2003,사용내역!$C$3:$C$2003,"충청",사용내역!$E$3:$E$2003,8,사용내역!$F$3:$F$2003,"기타"),0) -> 0 | K21: =IFERROR(SUMIFS(사용내역!$H$3:$H$2003,사용내역!$C$3:$C$2003,"충청",사용내역!$E$3:$E$2003,9,사용내역!$F$3:$F$2003,"기타"),0) -> 0 | L21: =IFERROR(SUMIFS(사용내역!$H$3:$H$2003,사용내역!$C$3:$C$2003,"충청",사용내역!$E$3:$E$2003,10,사용내역!$F$3:$F$2003,"기타"),0) -> 0 | M21: =IFERROR(SUMIFS(사용내역!$H$3:$H$2003,사용내역!$C$3:$C$2003,"충청",사용내역!$E$3:$E$2003,11,사용내역!$F$3:$F$2003,"기타"),0) -> 0 | N21: =IFERROR(SUMIFS(사용내역!$H$3:$H$2003,사용내역!$C$3:$C$2003,"충청",사용내역!$E$3:$E$2003,12,사용내역!$F$3:$F$2003,"기타"),0) -> 0 | O21: =SUM(C21:N21) -> 0 | P21: =IFERROR(COUNTIFS(사용내역!$C$3:$C$2003,"충청",사용내역!$F$3:$F$2003,"기타",사용내역!$J$3:$J$2003,"Y"),0) -> 0
B22: 산보위·위험성평가 안건 | C22: =IFERROR(SUMIFS(사용내역!$H$3:$H$2003,사용내역!$C$3:$C$2003,"충청",사용내역!$E$3:$E$2003,1,사용내역!$F$3:$F$2003,"산보위·위험성평가 안건"),0) -> 0 | D22: =IFERROR(SUMIFS(사용내역!$H$3:$H$2003,사용내역!$C$3:$C$2003,"충청",사용내역!$E$3:$E$2003,2,사용내역!$F$3:$F$2003,"산보위·위험성평가 안건"),0) -> 0 | E22: =IFERROR(SUMIFS(사용내역!$H$3:$H$2003,사용내역!$C$3:$C$2003,"충청",사용내역!$E$3:$E$2003,3,사용내역!$F$3:$F$2003,"산보위·위험성평가 안건"),0) -> 0 | F22: =IFERROR(SUMIFS(사용내역!$H$3:$H$2003,사용내역!$C$3:$C$2003,"충청",사용내역!$E$3:$E$2003,4,사용내역!$F$3:$F$2003,"산보위·위험성평가 안건"),0) -> 0 | G22: =IFERROR(SUMIFS(사용내역!$H$3:$H$2003,사용내역!$C$3:$C$2003,"충청",사용내역!$E$3:$E$2003,5,사용내역!$F$3:$F$2003,"산보위·위험성평가 안건"),0) -> 0 | H22: =IFERROR(SUMIFS(사용내역!$H$3:$H$2003,사용내역!$C$3:$C$2003,"충청",사용내역!$E$3:$E$2003,6,사용내역!$F$3:$F$2003,"산보위·위험성평가 안건"),0) -> 0 | I22: =IFERROR(SUMIFS(사용내역!$H$3:$H$2003,사용내역!$C$3:$C$2003,"충청",사용내역!$E$3:$E$2003,7,사용내역!$F$3:$F$2003,"산보위·위험성평가 안건"),0) -> 0 | J22: =IFERROR(SUMIFS(사용내역!$H$3:$H$2003,사용내역!$C$3:$C$2003,"충청",사용내역!$E$3:$E$2003,8,사용내역!$F$3:$F$2003,"산보위·위험성평가 안건"),0) -> 0 | K22: =IFERROR(SUMIFS(사용내역!$H$3:$H$2003,사용내역!$C$3:$C$2003,"충청",사용내역!$E$3:$E$2003,9,사용내역!$F$3:$F$2003,"산보위·위험성평가 안건"),0) -> 0 | L22: =IFERROR(SUMIFS(사용내역!$H$3:$H$2003,사용내역!$C$3:$C$2003,"충청",사용내역!$E$3:$E$2003,10,사용내역!$F$3:$F$2003,"산보위·위험성평가 안건"),0) -> 0 | M22: =IFERROR(SUMIFS(사용내역!$H$3:$H$2003,사용내역!$C$3:$C$2003,"충청",사용내역!$E$3:$E$2003,11,사용내역!$F$3:$F$2003,"산보위·위험성평가 안건"),0) -> 0 | N22: =IFERROR(SUMIFS(사용내역!$H$3:$H$2003,사용내역!$C$3:$C$2003,"충청",사용내역!$E$3:$E$2003,12,사용내역!$F$3:$F$2003,"산보위·위험성평가 안건"),0) -> 0 | O22: =SUM(C22:N22) -> 0 | P22: =IFERROR(COUNTIFS(사용내역!$C$3:$C$2003,"충청",사용내역!$F$3:$F$2003,"산보위·위험성평가 안건",사용내역!$J$3:$J$2003,"Y"),0) -> 0
A23: 충청본부 소계 | C23: =SUM(C14:C22) -> 0 | D23: =SUM(D14:D22) -> 0 | E23: =SUM(E14:E22) -> 0 | F23: =SUM(F14:F22) -> 0 | G23: =SUM(G14:G22) -> 0 | H23: =SUM(H14:H22) -> 0 | I23: =SUM(I14:I22) -> 0 | J23: =SUM(J14:J22) -> 0 | ... P23: =SUM(P14:P22) -> 0
A24: 호남본부 | B24: 안전관리자 등 인건비 | C24: =IFERROR(SUMIFS(사용내역!$H$3:$H$2003,사용내역!$C$3:$C$2003,"호남",사용내역!$E$3:$E$2003,1,사용내역!$F$3:$F$2003,"안전관리자 등 인건비"),0) -> 0 | D24: =IFERROR(SUMIFS(사용내역!$H$3:$H$2003,사용내역!$C$3:$C$2003,"호남",사용내역!$E$3:$E$2003,2,사용내역!$F$3:$F$2003,"안전관리자 등 인건비"),0) -> 0 | E24: =IFERROR(SUMIFS(사용내역!$H$3:$H$2003,사용내역!$C$3:$C$2003,"호남",사용내역!$E$3:$E$2003,3,사용내역!$F$3:$F$2003,"안전관리자 등 인건비"),0) -> 0 | F24: =IFERROR(SUMIFS(사용내역!$H$3:$H$2003,사용내역!$C$3:$C$2003,"호남",사용내역!$E$3:$E$2003,4,사용내역!$F$3:$F$2003,"안전관리자 등 인건비"),0) -> 0 | G24: =IFERROR(SUMIFS(사용내역!$H$3:$H$2003,사용내역!$C$3:$C$2003,"호남",사용내역!$E$3:$E$2003,5,사용내역!$F$3:$F$2003,"안전관리자 등 인건비"),0) -> 0 | H24: =IFERROR(SUMIFS(사용내역!$H$3:$H$2003,사용내역!$C$3:$C$2003,"호남",사용내역!$E$3:$E$2003,6,사용내역!$F$3:$F$2003,"안전관리자 등 인건비"),0) -> 0 | I24: =IFERROR(SUMIFS(사용내역!$H$3:$H$2003,사용내역!$C$3:$C$2003,"호남",사용내역!$E$3:$E$2003,7,사용내역!$F$3:$F$2003,"안전관리자 등 인건비"),0) -> 0 | J24: =IFERROR(SUMIFS(사용내역!$H$3:$H$2003,사용내역!$C$3:$C$2003,"호남",사용내역!$E$3:$E$2003,8,사용내역!$F$3:$F$2003,"안전관리자 등 인건비"),0) -> 0 | K24: =IFERROR(SUMIFS(사용내역!$H$3:$H$2003,사용내역!$C$3:$C$2003,"호남",사용내역!$E$3:$E$2003,9,사용내역!$F$3:$F$2003,"안전관리자 등 인건비"),0) -> 0 | L24: =IFERROR(SUMIFS(사용내역!$H$3:$H$2003,사용내역!$C$3:$C$2003,"호남",사용내역!$E$3:$E$2003,10,사용내역!$F$3:$F$2003,"안전관리자 등 인건비"),0) -> 0 | M24: =IFERROR(SUMIFS(사용내역!$H$3:$H$2003,사용내역!$C$3:$C$2003,"호남",사용내역!$E$3:$E$2003,11,사용내역!$F$3:$F$2003,"안전관리자 등 인건비"),0) -> 0 | N24: =IFERROR(SUMIFS(사용내역!$H$3:$H$2003,사용내역!$C$3:$C$2003,"호남",사용내역!$E$3:$E$2003,12,사용내역!$F$3:$F$2003,"안전관리자 등 인건비"),0) -> 0 | O24: =SUM(C24:N24) -> 0 | P24: =IFERROR(COUNTIFS(사용내역!$C$3:$C$2003,"호남",사용내역!$F$3:$F$2003,"안전관리자 등 인건비",사용내역!$J$3:$J$2003,"Y"),0) -> 0
B25: 안전시설비 | C25: =IFERROR(SUMIFS(사용내역!$H$3:$H$2003,사용내역!$C$3:$C$2003,"호남",사용내역!$E$3:$E$2003,1,사용내역!$F$3:$F$2003,"안전시설비"),0) -> 0 | D25: =IFERROR(SUMIFS(사용내역!$H$3:$H$2003,사용내역!$C$3:$C$2003,"호남",사용내역!$E$3:$E$2003,2,사용내역!$F$3:$F$2003,"안전시설비"),0) -> 0 | E25: =IFERROR(SUMIFS(사용내역!$H$3:$H$2003,사용내역!$C$3:$C$2003,"호남",사용내역!$E$3:$E$2003,3,사용내역!$F$3:$F$2003,"안전시설비"),0) -> 0 | F25: =IFERROR(SUMIFS(사용내역!$H$3:$H$2003,사용내역!$C$3:$C$2003,"호남",사용내역!$E$3:$E$2003,4,사용내역!$F$3:$F$2003,"안전시설비"),0) -> 0 | G25: =IFERROR(SUMIFS(사용내역!$H$3:$H$2003,사용내역!$C$3:$C$2003,"호남",사용내역!$E$3:$E$2003,5,사용내역!$F$3:$F$2003,"안전시설비"),0) -> 0 | H25: =IFERROR(SUMIFS(사용내역!$H$3:$H$2003,사용내역!$C$3:$C$2003,"호남",사용내역!$E$3:$E$2003,6,사용내역!$F$3:$F$2003,"안전시설비"),0) -> 0 | I25: =IFERROR(SUMIFS(사용내역!$H$3:$H$2003,사용내역!$C$3:$C$2003,"호남",사용내역!$E$3:$E$2003,7,사용내역!$F$3:$F$2003,"안전시설비"),0) -> 0 | J25: =IFERROR(SUMIFS(사용내역!$H$3:$H$2003,사용내역!$C$3:$C$2003,"호남",사용내역!$E$3:$E$2003,8,사용내역!$F$3:$F$2003,"안전시설비"),0) -> 0 | K25: =IFERROR(SUMIFS(사용내역!$H$3:$H$2003,사용내역!$C$3:$C$2003,"호남",사용내역!$E$3:$E$2003,9,사용내역!$F$3:$F$2003,"안전시설비"),0) -> 0 | L25: =IFERROR(SUMIFS(사용내역!$H$3:$H$2003,사용내역!$C$3:$C$2003,"호남",사용내역!$E$3:$E$2003,10,사용내역!$F$3:$F$2003,"안전시설비"),0) -> 0 | M25: =IFERROR(SUMIFS(사용내역!$H$3:$H$2003,사용내역!$C$3:$C$2003,"호남",사용내역!$E$3:$E$2003,11,사용내역!$F$3:$F$2003,"안전시설비"),0) -> 0 | N25: =IFERROR(SUMIFS(사용내역!$H$3:$H$2003,사용내역!$C$3:$C$2003,"호남",사용내역!$E$3:$E$2003,12,사용내역!$F$3:$F$2003,"안전시설비"),0) -> 0 | O25: =SUM(C25:N25) -> 0 | P25: =IFERROR(COUNTIFS(사용내역!$C$3:$C$2003,"호남",사용내역!$F$3:$F$2003,"안전시설비",사용내역!$J$3:$J$2003,"Y"),0) -> 0
B26: 보호구·안전용품 | C26: =IFERROR(SUMIFS(사용내역!$H$3:$H$2003,사용내역!$C$3:$C$2003,"호남",사용내역!$E$3:$E$2003,1,사용내역!$F$3:$F$2003,"보호구·안전용품"),0) -> 0 | D26: =IFERROR(SUMIFS(사용내역!$H$3:$H$2003,사용내역!$C$3:$C$2003,"호남",사용내역!$E$3:$E$2003,2,사용내역!$F$3:$F$2003,"보호구·안전용품"),0) -> 0 | E26: =IFERROR(SUMIFS(사용내역!$H$3:$H$2003,사용내역!$C$3:$C$2003,"호남",사용내역!$E$3:$E$2003,3,사용내역!$F$3:$F$2003,"보호구·안전용품"),0) -> 0 | F26: =IFERROR(SUMIFS(사용내역!$H$3:$H$2003,사용내역!$C$3:$C$2003,"호남",사용내역!$E$3:$E$2003,4,사용내역!$F$3:$F$2003,"보호구·안전용품"),0) -> 0 | G26: =IFERROR(SUMIFS(사용내역!$H$3:$H$2003,사용내역!$C$3:$C$2003,"호남",사용내역!$E$3:$E$2003,5,사용내역!$F$3:$F$2003,"보호구·안전용품"),0) -> 0 | H26: =IFERROR(SUMIFS(사용내역!$H$3:$H$2003,사용내역!$C$3:$C$2003,"호남",사용내역!$E$3:$E$2003,6,사용내역!$F$3:$F$2003,"보호구·안전용품"),0) -> 0 | I26: =IFERROR(SUMIFS(사용내역!$H$3:$H$2003,사용내역!$C$3:$C$2003,"호남",사용내역!$E$3:$E$2003,7,사용내역!$F$3:$F$2003,"보호구·안전용품"),0) -> 0 | J26: =IFERROR(SUMIFS(사용내역!$H$3:$H$2003,사용내역!$C$3:$C$2003,"호남",사용내역!$E$3:$E$2003,8,사용내역!$F$3:$F$2003,"보호구·안전용품"),0) -> 0 | K26: =IFERROR(SUMIFS(사용내역!$H$3:$H$2003,사용내역!$C$3:$C$2003,"호남",사용내역!$E$3:$E$2003,9,사용내역!$F$3:$F$2003,"보호구·안전용품"),0) -> 0 | L26: =IFERROR(SUMIFS(사용내역!$H$3:$H$2003,사용내역!$C$3:$C$2003,"호남",사용내역!$E$3:$E$2003,10,사용내역!$F$3:$F$2003,"보호구·안전용품"),0) -> 0 | M26: =IFERROR(SUMIFS(사용내역!$H$3:$H$2003,사용내역!$C$3:$C$2003,"호남",사용내역!$E$3:$E$2003,11,사용내역!$F$3:$F$2003,"보호구·안전용품"),0) -> 0 | N26: =IFERROR(SUMIFS(사용내역!$H$3:$H$2003,사용내역!$C$3:$C$2003,"호남",사용내역!$E$3:$E$2003,12,사용내역!$F$3:$F$2003,"보호구·안전용품"),0) -> 0 | O26: =SUM(C26:N26) -> 0 | P26: =IFERROR(COUNTIFS(사용내역!$C$3:$C$2003,"호남",사용내역!$F$3:$F$2003,"보호구·안전용품",사용내역!$J$3:$J$2003,"Y"),0) -> 0
B27: 안전진단비 | C27: =IFERROR(SUMIFS(사용내역!$H$3:$H$2003,사용내역!$C$3:$C$2003,"호남",사용내역!$E$3:$E$2003,1,사용내역!$F$3:$F$2003,"안전진단비"),0) -> 0 | D27: =IFERROR(SUMIFS(사용내역!$H$3:$H$2003,사용내역!$C$3:$C$2003,"호남",사용내역!$E$3:$E$2003,2,사용내역!$F$3:$F$2003,"안전진단비"),0) -> 0 | E27: =IFERROR(SUMIFS(사용내역!$H$3:$H$2003,사용내역!$C$3:$C$2003,"호남",사용내역!$E$3:$E$2003,3,사용내역!$F$3:$F$2003,"안전진단비"),0) -> 0 | F27: =IFERROR(SUMIFS(사용내역!$H$3:$H$2003,사용내역!$C$3:$C$2003,"호남",사용내역!$E$3:$E$2003,4,사용내역!$F$3:$F$2003,"안전진단비"),0) -> 0 | G27: =IFERROR(SUMIFS(사용내역!$H$3:$H$2003,사용내역!$C$3:$C$2003,"호남",사용내역!$E$3:$E$2003,5,사용내역!$F$3:$F$2003,"안전진단비"),0) -> 0 | H27: =IFERROR(SUMIFS(사용내역!$H$3:$H$2003,사용내역!$C$3:$C$2003,"호남",사용내역!$E$3:$E$2003,6,사용내역!$F$3:$F$2003,"안전진단비"),0) -> 0 | I27: =IFERROR(SUMIFS(사용내역!$H$3:$H$2003,사용내역!$C$3:$C$2003,"호남",사용내역!$E$3:$E$2003,7,사용내역!$F$3:$F$2003,"안전진단비"),0) -> 0 | J27: =IFERROR(SUMIFS(사용내역!$H$3:$H$2003,사용내역!$C$3:$C$2003,"호남",사용내역!$E$3:$E$2003,8,사용내역!$F$3:$F$2003,"안전진단비"),0) -> 0 | K27: =IFERROR(SUMIFS(사용내역!$H$3:$H$2003,사용내역!$C$3:$C$2003,"호남",사용내역!$E$3:$E$2003,9,사용내역!$F$3:$F$2003,"안전진단비"),0) -> 0 | L27: =IFERROR(SUMIFS(사용내역!$H$3:$H$2003,사용내역!$C$3:$C$2003,"호남",사용내역!$E$3:$E$2003,10,사용내역!$F$3:$F$2003,"안전진단비"),0) -> 0 | M27: =IFERROR(SUMIFS(사용내역!$H$3:$H$2003,사용내역!$C$3:$C$2003,"호남",사용내역!$E$3:$E$2003,11,사용내역!$F$3:$F$2003,"안전진단비"),0) -> 0 | N27: =IFERROR(SUMIFS(사용내역!$H$3:$H$2003,사용내역!$C$3:$C$2003,"호남",사용내역!$E$3:$E$2003,12,사용내역!$F$3:$F$2003,"안전진단비"),0) -> 0 | O27: =SUM(C27:N27) -> 0 | P27: =IFERROR(COUNTIFS(사용내역!$C$3:$C$2003,"호남",사용내역!$F$3:$F$2003,"안전진단비",사용내역!$J$3:$J$2003,"Y"),0) -> 0
B28: 안전보건교육비·행사비 등 | C28: =IFERROR(SUMIFS(사용내역!$H$3:$H$2003,사용내역!$C$3:$C$2003,"호남",사용내역!$E$3:$E$2003,1,사용내역!$F$3:$F$2003,"안전보건교육비·행사비 등"),0) -> 0 | D28: =IFERROR(SUMIFS(사용내역!$H$3:$H$2003,사용내역!$C$3:$C$2003,"호남",사용내역!$E$3:$E$2003,2,사용내역!$F$3:$F$2003,"안전보건교육비·행사비 등"),0) -> 0 | E28: =IFERROR(SUMIFS(사용내역!$H$3:$H$2003,사용내역!$C$3:$C$2003,"호남",사용내역!$E$3:$E$2003,3,사용내역!$F$3:$F$2003,"안전보건교육비·행사비 등"),0) -> 0 | F28: =IFERROR(SUMIFS(사용내역!$H$3:$H$2003,사용내역!$C$3:$C$2003,"호남",사용내역!$E$3:$E$2003,4,사용내역!$F$3:$F$2003,"안전보건교육비·행사비 등"),0) -> 0 | G28: =IFERROR(SUMIFS(사용내역!$H$3:$H$2003,사용내역!$C$3:$C$2003,"호남",사용내역!$E$3:$E$2003,5,사용내역!$F$3:$F$2003,"안전보건교육비·행사비 등"),0) -> 0 | H28: =IFERROR(SUMIFS(사용내역!$H$3:$H$2003,사용내역!$C$3:$C$2003,"호남",사용내역!$E$3:$E$2003,6,사용내역!$F$3:$F$2003,"안전보건교육비·행사비 등"),0) -> 0 | I28: =IFERROR(SUMIFS(사용내역!$H$3:$H$2003,사용내역!$C$3:$C$2003,"호남",사용내역!$E$3:$E$2003,7,사용내역!$F$3:$F$2003,"안전보건교육비·행사비 등"),0) -> 0 | J28: =IFERROR(SUMIFS(사용내역!$H$3:$H$2003,사용내역!$C$3:$C$2003,"호남",사용내역!$E$3:$E$2003,8,사용내역!$F$3:$F$2003,"안전보건교육비·행사비 등"),0) -> 0 | K28: =IFERROR(SUMIFS(사용내역!$H$3:$H$2003,사용내역!$C$3:$C$2003,"호남",사용내역!$E$3:$E$2003,9,사용내역!$F$3:$F$2003,"안전보건교육비·행사비 등"),0) -> 0 | L28: =IFERROR(SUMIFS(사용내역!$H$3:$H$2003,사용내역!$C$3:$C$2003,"호남",사용내역!$E$3:$E$2003,10,사용내역!$F$3:$F$2003,"안전보건교육비·행사비 등"),0) -> 0 | M28: =IFERROR(SUMIFS(사용내역!$H$3:$H$2003,사용내역!$C$3:$C$2003,"호남",사용내역!$E$3:$E$2003,11,사용내역!$F$3:$F$2003,"안전보건교육비·행사비 등"),0) -> 0 | N28: =IFERROR(SUMIFS(사용내역!$H$3:$H$2003,사용내역!$C$3:$C$2003,"호남",사용내역!$E$3:$E$2003,12,사용내역!$F$3:$F$2003,"안전보건교육비·행사비 등"),0) -> 0 | O28: =SUM(C28:N28) -> 0 | P28: =IFERROR(COUNTIFS(사용내역!$C$3:$C$2003,"호남",사용내역!$F$3:$F$2003,"안전보건교육비·행사비 등",사용내역!$J$3:$J$2003,"Y"),0) -> 0
B29: 근로자 건강관리비 등 | C29: =IFERROR(SUMIFS(사용내역!$H$3:$H$2003,사용내역!$C$3:$C$2003,"호남",사용내역!$E$3:$E$2003,1,사용내역!$F$3:$F$2003,"근로자 건강관리비 등"),0) -> 0 | D29: =IFERROR(SUMIFS(사용내역!$H$3:$H$2003,사용내역!$C$3:$C$2003,"호남",사용내역!$E$3:$E$2003,2,사용내역!$F$3:$F$2003,"근로자 건강관리비 등"),0) -> 0 | E29: =IFERROR(SUMIFS(사용내역!$H$3:$H$2003,사용내역!$C$3:$C$2003,"호남",사용내역!$E$3:$E$2003,3,사용내역!$F$3:$F$2003,"근로자 건강관리비 등"),0) -> 0 | F29: =IFERROR(SUMIFS(사용내역!$H$3:$H$2003,사용내역!$C$3:$C$2003,"호남",사용내역!$E$3:$E$2003,4,사용내역!$F$3:$F$2003,"근로자 건강관리비 등"),0) -> 0 | G29: =IFERROR(SUMIFS(사용내역!$H$3:$H$2003,사용내역!$C$3:$C$2003,"호남",사용내역!$E$3:$E$2003,5,사용내역!$F$3:$F$2003,"근로자 건강관리비 등"),0) -> 0 | H29: =IFERROR(SUMIFS(사용내역!$H$3:$H$2003,사용내역!$C$3:$C$2003,"호남",사용내역!$E$3:$E$2003,6,사용내역!$F$3:$F$2003,"근로자 건강관리비 등"),0) -> 0 | I29: =IFERROR(SUMIFS(사용내역!$H$3:$H$2003,사용내역!$C$3:$C$2003,"호남",사용내역!$E$3:$E$2003,7,사용내역!$F$3:$F$2003,"근로자 건강관리비 등"),0) -> 0 | J29: =IFERROR(SUMIFS(사용내역!$H$3:$H$2003,사용내역!$C$3:$C$2003,"호남",사용내역!$E$3:$E$2003,8,사용내역!$F$3:$F$2003,"근로자 건강관리비 등"),0) -> 0 | K29: =IFERROR(SUMIFS(사용내역!$H$3:$H$2003,사용내역!$C$3:$C$2003,"호남",사용내역!$E$3:$E$2003,9,사용내역!$F$3:$F$2003,"근로자 건강관리비 등"),0) -> 0 | L29: =IFERROR(SUMIFS(사용내역!$H$3:$H$2003,사용내역!$C$3:$C$2003,"호남",사용내역!$E$3:$E$2003,10,사용내역!$F$3:$F$2003,"근로자 건강관리비 등"),0) -> 0 | M29: =IFERROR(SUMIFS(사용내역!$H$3:$H$2003,사용내역!$C$3:$C$2003,"호남",사용내역!$E$3:$E$2003,11,사용내역!$F$3:$F$2003,"근로자 건강관리비 등"),0) -> 0 | N29: =IFERROR(SUMIFS(사용내역!$H$3:$H$2003,사용내역!$C$3:$C$2003,"호남",사용내역!$E$3:$E$2003,12,사용내역!$F$3:$F$2003,"근로자 건강관리비 등"),0) -> 0 | O29: =SUM(C29:N29) -> 0 | P29: =IFERROR(COUNTIFS(사용내역!$C$3:$C$2003,"호남",사용내역!$F$3:$F$2003,"근로자 건강관리비 등",사용내역!$J$3:$J$2003,"Y"),0) -> 0
B30: 건설재해예방 기술지도비 | C30: =IFERROR(SUMIFS(사용내역!$H$3:$H$2003,사용내역!$C$3:$C$2003,"호남",사용내역!$E$3:$E$2003,1,사용내역!$F$3:$F$2003,"건설재해예방 기술지도비"),0) -> 0 | D30: =IFERROR(SUMIFS(사용내역!$H$3:$H$2003,사용내역!$C$3:$C$2003,"호남",사용내역!$E$3:$E$2003,2,사용내역!$F$3:$F$2003,"건설재해예방 기술지도비"),0) -> 0 | E30: =IFERROR(SUMIFS(사용내역!$H$3:$H$2003,사용내역!$C$3:$C$2003,"호남",사용내역!$E$3:$E$2003,3,사용내역!$F$3:$F$2003,"건설재해예방 기술지도비"),0) -> 0 | F30: =IFERROR(SUMIFS(사용내역!$H$3:$H$2003,사용내역!$C$3:$C$2003,"호남",사용내역!$E$3:$E$2003,4,사용내역!$F$3:$F$2003,"건설재해예방 기술지도비"),0) -> 0 | G30: =IFERROR(SUMIFS(사용내역!$H$3:$H$2003,사용내역!$C$3:$C$2003,"호남",사용내역!$E$3:$E$2003,5,사용내역!$F$3:$F$2003,"건설재해예방 기술지도비"),0) -> 0 | H30: =IFERROR(SUMIFS(사용내역!$H$3:$H$2003,사용내역!$C$3:$C$2003,"호남",사용내역!$E$3:$E$2003,6,사용내역!$F$3:$F$2003,"건설재해예방 기술지도비"),0) -> 0 | I30: =IFERROR(SUMIFS(사용내역!$H$3:$H$2003,사용내역!$C$3:$C$2003,"호남",사용내역!$E$3:$E$2003,7,사용내역!$F$3:$F$2003,"건설재해예방 기술지도비"),0) -> 0 | J30: =IFERROR(SUMIFS(사용내역!$H$3:$H$2003,사용내역!$C$3:$C$2003,"호남",사용내역!$E$3:$E$2003,8,사용내역!$F$3:$F$2003,"건설재해예방 기술지도비"),0) -> 0 | K30: =IFERROR(SUMIFS(사용내역!$H$3:$H$2003,사용내역!$C$3:$C$2003,"호남",사용내역!$E$3:$E$2003,9,사용내역!$F$3:$F$2003,"건설재해예방 기술지도비"),0) -> 0 | L30: =IFERROR(SUMIFS(사용내역!$H$3:$H$2003,사용내역!$C$3:$C$2003,"호남",사용내역!$E$3:$E$2003,10,사용내역!$F$3:$F$2003,"건설재해예방 기술지도비"),0) -> 0 | M30: =IFERROR(SUMIFS(사용내역!$H$3:$H$2003,사용내역!$C$3:$C$2003,"호남",사용내역!$E$3:$E$2003,11,사용내역!$F$3:$F$2003,"건설재해예방 기술지도비"),0) -> 0 | N30: =IFERROR(SUMIFS(사용내역!$H$3:$H$2003,사용내역!$C$3:$C$2003,"호남",사용내역!$E$3:$E$2003,12,사용내역!$F$3:$F$2003,"건설재해예방 기술지도비"),0) -> 0 | O30: =SUM(C30:N30) -> 0 | P30: =IFERROR(COUNTIFS(사용내역!$C$3:$C$2003,"호남",사용내역!$F$3:$F$2003,"건설재해예방 기술지도비",사용내역!$J$3:$J$2003,"Y"),0) -> 0
B31: 기타 | C31: =IFERROR(SUMIFS(사용내역!$H$3:$H$2003,사용내역!$C$3:$C$2003,"호남",사용내역!$E$3:$E$2003,1,사용내역!$F$3:$F$2003,"기타"),0) -> 0 | D31: =IFERROR(SUMIFS(사용내역!$H$3:$H$2003,사용내역!$C$3:$C$2003,"호남",사용내역!$E$3:$E$2003,2,사용내역!$F$3:$F$2003,"기타"),0) -> 0 | E31: =IFERROR(SUMIFS(사용내역!$H$3:$H$2003,사용내역!$C$3:$C$2003,"호남",사용내역!$E$3:$E$2003,3,사용내역!$F$3:$F$2003,"기타"),0) -> 0 | F31: =IFERROR(SUMIFS(사용내역!$H$3:$H$2003,사용내역!$C$3:$C$2003,"호남",사용내역!$E$3:$E$2003,4,사용내역!$F$3:$F$2003,"기타"),0) -> 0 | G31: =IFERROR(SUMIFS(사용내역!$H$3:$H$2003,사용내역!$C$3:$C$2003,"호남",사용내역!$E$3:$E$2003,5,사용내역!$F$3:$F$2003,"기타"),0) -> 0 | H31: =IFERROR(SUMIFS(사용내역!$H$3:$H$2003,사용내역!$C$3:$C$2003,"호남",사용내역!$E$3:$E$2003,6,사용내역!$F$3:$F$2003,"기타"),0) -> 0 | I31: =IFERROR(SUMIFS(사용내역!$H$3:$H$2003,사용내역!$C$3:$C$2003,"호남",사용내역!$E$3:$E$2003,7,사용내역!$F$3:$F$2003,"기타"),0) -> 0 | J31: =IFERROR(SUMIFS(사용내역!$H$3:$H$2003,사용내역!$C$3:$C$2003,"호남",사용내역!$E$3:$E$2003,8,사용내역!$F$3:$F$2003,"기타"),0) -> 0 | K31: =IFERROR(SUMIFS(사용내역!$H$3:$H$2003,사용내역!$C$3:$C$2003,"호남",사용내역!$E$3:$E$2003,9,사용내역!$F$3:$F$2003,"기타"),0) -> 0 | L31: =IFERROR(SUMIFS(사용내역!$H$3:$H$2003,사용내역!$C$3:$C$2003,"호남",사용내역!$E$3:$E$2003,10,사용내역!$F$3:$F$2003,"기타"),0) -> 0 | M31: =IFERROR(SUMIFS(사용내역!$H$3:$H$2003,사용내역!$C$3:$C$2003,"호남",사용내역!$E$3:$E$2003,11,사용내역!$F$3:$F$2003,"기타"),0) -> 0 | N31: =IFERROR(SUMIFS(사용내역!$H$3:$H$2003,사용내역!$C$3:$C$2003,"호남",사용내역!$E$3:$E$2003,12,사용내역!$F$3:$F$2003,"기타"),0) -> 0 | O31: =SUM(C31:N31) -> 0 | P31: =IFERROR(COUNTIFS(사용내역!$C$3:$C$2003,"호남",사용내역!$F$3:$F$2003,"기타",사용내역!$J$3:$J$2003,"Y"),0) -> 0
B32: 산보위·위험성평가 안건 | C32: =IFERROR(SUMIFS(사용내역!$H$3:$H$2003,사용내역!$C$3:$C$2003,"호남",사용내역!$E$3:$E$2003,1,사용내역!$F$3:$F$2003,"산보위·위험성평가 안건"),0) -> 0 | D32: =IFERROR(SUMIFS(사용내역!$H$3:$H$2003,사용내역!$C$3:$C$2003,"호남",사용내역!$E$3:$E$2003,2,사용내역!$F$3:$F$2003,"산보위·위험성평가 안건"),0) -> 0 | E32: =IFERROR(SUMIFS(사용내역!$H$3:$H$2003,사용내역!$C$3:$C$2003,"호남",사용내역!$E$3:$E$2003,3,사용내역!$F$3:$F$2003,"산보위·위험성평가 안건"),0) -> 0 | F32: =IFERROR(SUMIFS(사용내역!$H$3:$H$2003,사용내역!$C$3:$C$2003,"호남",사용내역!$E$3:$E$2003,4,사용내역!$F$3:$F$2003,"산보위·위험성평가 안건"),0) -> 0 | G32: =IFERROR(SUMIFS(사용내역!$H$3:$H$2003,사용내역!$C$3:$C$2003,"호남",사용내역!$E$3:$E$2003,5,사용내역!$F$3:$F$2003,"산보위·위험성평가 안건"),0) -> 0 | H32: =IFERROR(SUMIFS(사용내역!$H$3:$H$2003,사용내역!$C$3:$C$2003,"호남",사용내역!$E$3:$E$2003,6,사용내역!$F$3:$F$2003,"산보위·위험성평가 안건"),0) -> 0 | I32: =IFERROR(SUMIFS(사용내역!$H$3:$H$2003,사용내역!$C$3:$C$2003,"호남",사용내역!$E$3:$E$2003,7,사용내역!$F$3:$F$2003,"산보위·위험성평가 안건"),0) -> 0 | J32: =IFERROR(SUMIFS(사용내역!$H$3:$H$2003,사용내역!$C$3:$C$2003,"호남",사용내역!$E$3:$E$2003,8,사용내역!$F$3:$F$2003,"산보위·위험성평가 안건"),0) -> 0 | K32: =IFERROR(SUMIFS(사용내역!$H$3:$H$2003,사용내역!$C$3:$C$2003,"호남",사용내역!$E$3:$E$2003,9,사용내역!$F$3:$F$2003,"산보위·위험성평가 안건"),0) -> 0 | L32: =IFERROR(SUMIFS(사용내역!$H$3:$H$2003,사용내역!$C$3:$C$2003,"호남",사용내역!$E$3:$E$2003,10,사용내역!$F$3:$F$2003,"산보위·위험성평가 안건"),0) -> 0 | M32: =IFERROR(SUMIFS(사용내역!$H$3:$H$2003,사용내역!$C$3:$C$2003,"호남",사용내역!$E$3:$E$2003,11,사용내역!$F$3:$F$2003,"산보위·위험성평가 안건"),0) -> 0 | N32: =IFERROR(SUMIFS(사용내역!$H$3:$H$2003,사용내역!$C$3:$C$2003,"호남",사용내역!$E$3:$E$2003,12,사용내역!$F$3:$F$2003,"산보위·위험성평가 안건"),0) -> 0 | O32: =SUM(C32:N32) -> 0 | P32: =IFERROR(COUNTIFS(사용내역!$C$3:$C$2003,"호남",사용내역!$F$3:$F$2003,"산보위·위험성평가 안건",사용내역!$J$3:$J$2003,"Y"),0) -> 0
A33: 호남본부 소계 | C33: =SUM(C24:C32) -> 0 | D33: =SUM(D24:D32) -> 0 | E33: =SUM(E24:E32) -> 0 | F33: =SUM(F24:F32) -> 0 | G33: =SUM(G24:G32) -> 0 | H33: =SUM(H24:H32) -> 0 | I33: =SUM(I24:I32) -> 0 | J33: =SUM(J24:J32) -> 0 | ... P33: =SUM(P24:P32) -> 0
A34: 부산본부 | B34: 안전관리자 등 인건비 | C34: =IFERROR(SUMIFS(사용내역!$H$3:$H$2003,사용내역!$C$3:$C$2003,"부산",사용내역!$E$3:$E$2003,1,사용내역!$F$3:$F$2003,"안전관리자 등 인건비"),0) -> 0 | D34: =IFERROR(SUMIFS(사용내역!$H$3:$H$2003,사용내역!$C$3:$C$2003,"부산",사용내역!$E$3:$E$2003,2,사용내역!$F$3:$F$2003,"안전관리자 등 인건비"),0) -> 0 | E34: =IFERROR(SUMIFS(사용내역!$H$3:$H$2003,사용내역!$C$3:$C$2003,"부산",사용내역!$E$3:$E$2003,3,사용내역!$F$3:$F$2003,"안전관리자 등 인건비"),0) -> 0 | F34: =IFERROR(SUMIFS(사용내역!$H$3:$H$2003,사용내역!$C$3:$C$2003,"부산",사용내역!$E$3:$E$2003,4,사용내역!$F$3:$F$2003,"안전관리자 등 인건비"),0) -> 0 | G34: =IFERROR(SUMIFS(사용내역!$H$3:$H$2003,사용내역!$C$3:$C$2003,"부산",사용내역!$E$3:$E$2003,5,사용내역!$F$3:$F$2003,"안전관리자 등 인건비"),0) -> 0 | H34: =IFERROR(SUMIFS(사용내역!$H$3:$H$2003,사용내역!$C$3:$C$2003,"부산",사용내역!$E$3:$E$2003,6,사용내역!$F$3:$F$2003,"안전관리자 등 인건비"),0) -> 0 | I34: =IFERROR(SUMIFS(사용내역!$H$3:$H$2003,사용내역!$C$3:$C$2003,"부산",사용내역!$E$3:$E$2003,7,사용내역!$F$3:$F$2003,"안전관리자 등 인건비"),0) -> 0 | J34: =IFERROR(SUMIFS(사용내역!$H$3:$H$2003,사용내역!$C$3:$C$2003,"부산",사용내역!$E$3:$E$2003,8,사용내역!$F$3:$F$2003,"안전관리자 등 인건비"),0) -> 0 | K34: =IFERROR(SUMIFS(사용내역!$H$3:$H$2003,사용내역!$C$3:$C$2003,"부산",사용내역!$E$3:$E$2003,9,사용내역!$F$3:$F$2003,"안전관리자 등 인건비"),0) -> 0 | L34: =IFERROR(SUMIFS(사용내역!$H$3:$H$2003,사용내역!$C$3:$C$2003,"부산",사용내역!$E$3:$E$2003,10,사용내역!$F$3:$F$2003,"안전관리자 등 인건비"),0) -> 0 | M34: =IFERROR(SUMIFS(사용내역!$H$3:$H$2003,사용내역!$C$3:$C$2003,"부산",사용내역!$E$3:$E$2003,11,사용내역!$F$3:$F$2003,"안전관리자 등 인건비"),0) -> 0 | N34: =IFERROR(SUMIFS(사용내역!$H$3:$H$2003,사용내역!$C$3:$C$2003,"부산",사용내역!$E$3:$E$2003,12,사용내역!$F$3:$F$2003,"안전관리자 등 인건비"),0) -> 0 | O34: =SUM(C34:N34) -> 0 | P34: =IFERROR(COUNTIFS(사용내역!$C$3:$C$2003,"부산",사용내역!$F$3:$F$2003,"안전관리자 등 인건비",사용내역!$J$3:$J$2003,"Y"),0) -> 0
B35: 안전시설비 | C35: =IFERROR(SUMIFS(사용내역!$H$3:$H$2003,사용내역!$C$3:$C$2003,"부산",사용내역!$E$3:$E$2003,1,사용내역!$F$3:$F$2003,"안전시설비"),0) -> 0 | D35: =IFERROR(SUMIFS(사용내역!$H$3:$H$2003,사용내역!$C$3:$C$2003,"부산",사용내역!$E$3:$E$2003,2,사용내역!$F$3:$F$2003,"안전시설비"),0) -> 0 | E35: =IFERROR(SUMIFS(사용내역!$H$3:$H$2003,사용내역!$C$3:$C$2003,"부산",사용내역!$E$3:$E$2003,3,사용내역!$F$3:$F$2003,"안전시설비"),0) -> 0 | F35: =IFERROR(SUMIFS(사용내역!$H$3:$H$2003,사용내역!$C$3:$C$2003,"부산",사용내역!$E$3:$E$2003,4,사용내역!$F$3:$F$2003,"안전시설비"),0) -> 0 | G35: =IFERROR(SUMIFS(사용내역!$H$3:$H$2003,사용내역!$C$3:$C$2003,"부산",사용내역!$E$3:$E$2003,5,사용내역!$F$3:$F$2003,"안전시설비"),0) -> 0 | H35: =IFERROR(SUMIFS(사용내역!$H$3:$H$2003,사용내역!$C$3:$C$2003,"부산",사용내역!$E$3:$E$2003,6,사용내역!$F$3:$F$2003,"안전시설비"),0) -> 0 | I35: =IFERROR(SUMIFS(사용내역!$H$3:$H$2003,사용내역!$C$3:$C$2003,"부산",사용내역!$E$3:$E$2003,7,사용내역!$F$3:$F$2003,"안전시설비"),0) -> 0 | J35: =IFERROR(SUMIFS(사용내역!$H$3:$H$2003,사용내역!$C$3:$C$2003,"부산",사용내역!$E$3:$E$2003,8,사용내역!$F$3:$F$2003,"안전시설비"),0) -> 0 | K35: =IFERROR(SUMIFS(사용내역!$H$3:$H$2003,사용내역!$C$3:$C$2003,"부산",사용내역!$E$3:$E$2003,9,사용내역!$F$3:$F$2003,"안전시설비"),0) -> 0 | L35: =IFERROR(SUMIFS(사용내역!$H$3:$H$2003,사용내역!$C$3:$C$2003,"부산",사용내역!$E$3:$E$2003,10,사용내역!$F$3:$F$2003,"안전시설비"),0) -> 0 | M35: =IFERROR(SUMIFS(사용내역!$H$3:$H$2003,사용내역!$C$3:$C$2003,"부산",사용내역!$E$3:$E$2003,11,사용내역!$F$3:$F$2003,"안전시설비"),0) -> 0 | N35: =IFERROR(SUMIFS(사용내역!$H$3:$H$2003,사용내역!$C$3:$C$2003,"부산",사용내역!$E$3:$E$2003,12,사용내역!$F$3:$F$2003,"안전시설비"),0) -> 0 | O35: =SUM(C35:N35) -> 0 | P35: =IFERROR(COUNTIFS(사용내역!$C$3:$C$2003,"부산",사용내역!$F$3:$F$2003,"안전시설비",사용내역!$J$3:$J$2003,"Y"),0) -> 0
B36: 보호구·안전용품 | C36: =IFERROR(SUMIFS(사용내역!$H$3:$H$2003,사용내역!$C$3:$C$2003,"부산",사용내역!$E$3:$E$2003,1,사용내역!$F$3:$F$2003,"보호구·안전용품"),0) -> 0 | D36: =IFERROR(SUMIFS(사용내역!$H$3:$H$2003,사용내역!$C$3:$C$2003,"부산",사용내역!$E$3:$E$2003,2,사용내역!$F$3:$F$2003,"보호구·안전용품"),0) -> 0 | E36: =IFERROR(SUMIFS(사용내역!$H$3:$H$2003,사용내역!$C$3:$C$2003,"부산",사용내역!$E$3:$E$2003,3,사용내역!$F$3:$F$2003,"보호구·안전용품"),0) -> 0 | F36: =IFERROR(SUMIFS(사용내역!$H$3:$H$2003,사용내역!$C$3:$C$2003,"부산",사용내역!$E$3:$E$2003,4,사용내역!$F$3:$F$2003,"보호구·안전용품"),0) -> 0 | G36: =IFERROR(SUMIFS(사용내역!$H$3:$H$2003,사용내역!$C$3:$C$2003,"부산",사용내역!$E$3:$E$2003,5,사용내역!$F$3:$F$2003,"보호구·안전용품"),0) -> 0 | H36: =IFERROR(SUMIFS(사용내역!$H$3:$H$2003,사용내역!$C$3:$C$2003,"부산",사용내역!$E$3:$E$2003,6,사용내역!$F$3:$F$2003,"보호구·안전용품"),0) -> 0 | I36: =IFERROR(SUMIFS(사용내역!$H$3:$H$2003,사용내역!$C$3:$C$2003,"부산",사용내역!$E$3:$E$2003,7,사용내역!$F$3:$F$2003,"보호구·안전용품"),0) -> 0 | J36: =IFERROR(SUMIFS(사용내역!$H$3:$H$2003,사용내역!$C$3:$C$2003,"부산",사용내역!$E$3:$E$2003,8,사용내역!$F$3:$F$2003,"보호구·안전용품"),0) -> 0 | K36: =IFERROR(SUMIFS(사용내역!$H$3:$H$2003,사용내역!$C$3:$C$2003,"부산",사용내역!$E$3:$E$2003,9,사용내역!$F$3:$F$2003,"보호구·안전용품"),0) -> 0 | L36: =IFERROR(SUMIFS(사용내역!$H$3:$H$2003,사용내역!$C$3:$C$2003,"부산",사용내역!$E$3:$E$2003,10,사용내역!$F$3:$F$2003,"보호구·안전용품"),0) -> 0 | M36: =IFERROR(SUMIFS(사용내역!$H$3:$H$2003,사용내역!$C$3:$C$2003,"부산",사용내역!$E$3:$E$2003,11,사용내역!$F$3:$F$2003,"보호구·안전용품"),0) -> 0 | N36: =IFERROR(SUMIFS(사용내역!$H$3:$H$2003,사용내역!$C$3:$C$2003,"부산",사용내역!$E$3:$E$2003,12,사용내역!$F$3:$F$2003,"보호구·안전용품"),0) -> 0 | O36: =SUM(C36:N36) -> 0 | P36: =IFERROR(COUNTIFS(사용내역!$C$3:$C$2003,"부산",사용내역!$F$3:$F$2003,"보호구·안전용품",사용내역!$J$3:$J$2003,"Y"),0) -> 0
B37: 안전진단비 | C37: =IFERROR(SUMIFS(사용내역!$H$3:$H$2003,사용내역!$C$3:$C$2003,"부산",사용내역!$E$3:$E$2003,1,사용내역!$F$3:$F$2003,"안전진단비"),0) -> 0 | D37: =IFERROR(SUMIFS(사용내역!$H$3:$H$2003,사용내역!$C$3:$C$2003,"부산",사용내역!$E$3:$E$2003,2,사용내역!$F$3:$F$2003,"안전진단비"),0) -> 0 | E37: =IFERROR(SUMIFS(사용내역!$H$3:$H$2003,사용내역!$C$3:$C$2003,"부산",사용내역!$E$3:$E$2003,3,사용내역!$F$3:$F$2003,"안전진단비"),0) -> 0 | F37: =IFERROR(SUMIFS(사용내역!$H$3:$H$2003,사용내역!$C$3:$C$2003,"부산",사용내역!$E$3:$E$2003,4,사용내역!$F$3:$F$2003,"안전진단비"),0) -> 0 | G37: =IFERROR(SUMIFS(사용내역!$H$3:$H$2003,사용내역!$C$3:$C$2003,"부산",사용내역!$E$3:$E$2003,5,사용내역!$F$3:$F$2003,"안전진단비"),0) -> 0 | H37: =IFERROR(SUMIFS(사용내역!$H$3:$H$2003,사용내역!$C$3:$C$2003,"부산",사용내역!$E$3:$E$2003,6,사용내역!$F$3:$F$2003,"안전진단비"),0) -> 0 | I37: =IFERROR(SUMIFS(사용내역!$H$3:$H$2003,사용내역!$C$3:$C$2003,"부산",사용내역!$E$3:$E$2003,7,사용내역!$F$3:$F$2003,"안전진단비"),0) -> 0 | J37: =IFERROR(SUMIFS(사용내역!$H$3:$H$2003,사용내역!$C$3:$C$2003,"부산",사용내역!$E$3:$E$2003,8,사용내역!$F$3:$F$2003,"안전진단비"),0) -> 0 | K37: =IFERROR(SUMIFS(사용내역!$H$3:$H$2003,사용내역!$C$3:$C$2003,"부산",사용내역!$E$3:$E$2003,9,사용내역!$F$3:$F$2003,"안전진단비"),0) -> 0 | L37: =IFERROR(SUMIFS(사용내역!$H$3:$H$2003,사용내역!$C$3:$C$2003,"부산",사용내역!$E$3:$E$2003,10,사용내역!$F$3:$F$2003,"안전진단비"),0) -> 0 | M37: =IFERROR(SUMIFS(사용내역!$H$3:$H$2003,사용내역!$C$3:$C$2003,"부산",사용내역!$E$3:$E$2003,11,사용내역!$F$3:$F$2003,"안전진단비"),0) -> 0 | N37: =IFERROR(SUMIFS(사용내역!$H$3:$H$2003,사용내역!$C$3:$C$2003,"부산",사용내역!$E$3:$E$2003,12,사용내역!$F$3:$F$2003,"안전진단비"),0) -> 0 | O37: =SUM(C37:N37) -> 0 | P37: =IFERROR(COUNTIFS(사용내역!$C$3:$C$2003,"부산",사용내역!$F$3:$F$2003,"안전진단비",사용내역!$J$3:$J$2003,"Y"),0) -> 0
B38: 안전보건교육비·행사비 등 | C38: =IFERROR(SUMIFS(사용내역!$H$3:$H$2003,사용내역!$C$3:$C$2003,"부산",사용내역!$E$3:$E$2003,1,사용내역!$F$3:$F$2003,"안전보건교육비·행사비 등"),0) -> 0 | D38: =IFERROR(SUMIFS(사용내역!$H$3:$H$2003,사용내역!$C$3:$C$2003,"부산",사용내역!$E$3:$E$2003,2,사용내역!$F$3:$F$2003,"안전보건교육비·행사비 등"),0) -> 0 | E38: =IFERROR(SUMIFS(사용내역!$H$3:$H$2003,사용내역!$C$3:$C$2003,"부산",사용내역!$E$3:$E$2003,3,사용내역!$F$3:$F$2003,"안전보건교육비·행사비 등"),0) -> 0 | F38: =IFERROR(SUMIFS(사용내역!$H$3:$H$2003,사용내역!$C$3:$C$2003,"부산",사용내역!$E$3:$E$2003,4,사용내역!$F$3:$F$2003,"안전보건교육비·행사비 등"),0) -> 0 | G38: =IFERROR(SUMIFS(사용내역!$H$3:$H$2003,사용내역!$C$3:$C$2003,"부산",사용내역!$E$3:$E$2003,5,사용내역!$F$3:$F$2003,"안전보건교육비·행사비 등"),0) -> 0 | H38: =IFERROR(SUMIFS(사용내역!$H$3:$H$2003,사용내역!$C$3:$C$2003,"부산",사용내역!$E$3:$E$2003,6,사용내역!$F$3:$F$2003,"안전보건교육비·행사비 등"),0) -> 0 | I38: =IFERROR(SUMIFS(사용내역!$H$3:$H$2003,사용내역!$C$3:$C$2003,"부산",사용내역!$E$3:$E$2003,7,사용내역!$F$3:$F$2003,"안전보건교육비·행사비 등"),0) -> 0 | J38: =IFERROR(SUMIFS(사용내역!$H$3:$H$2003,사용내역!$C$3:$C$2003,"부산",사용내역!$E$3:$E$2003,8,사용내역!$F$3:$F$2003,"안전보건교육비·행사비 등"),0) -> 0 | K38: =IFERROR(SUMIFS(사용내역!$H$3:$H$2003,사용내역!$C$3:$C$2003,"부산",사용내역!$E$3:$E$2003,9,사용내역!$F$3:$F$2003,"안전보건교육비·행사비 등"),0) -> 0 | L38: =IFERROR(SUMIFS(사용내역!$H$3:$H$2003,사용내역!$C$3:$C$2003,"부산",사용내역!$E$3:$E$2003,10,사용내역!$F$3:$F$2003,"안전보건교육비·행사비 등"),0) -> 0 | M38: =IFERROR(SUMIFS(사용내역!$H$3:$H$2003,사용내역!$C$3:$C$2003,"부산",사용내역!$E$3:$E$2003,11,사용내역!$F$3:$F$2003,"안전보건교육비·행사비 등"),0) -> 0 | N38: =IFERROR(SUMIFS(사용내역!$H$3:$H$2003,사용내역!$C$3:$C$2003,"부산",사용내역!$E$3:$E$2003,12,사용내역!$F$3:$F$2003,"안전보건교육비·행사비 등"),0) -> 0 | O38: =SUM(C38:N38) -> 0 | P38: =IFERROR(COUNTIFS(사용내역!$C$3:$C$2003,"부산",사용내역!$F$3:$F$2003,"안전보건교육비·행사비 등",사용내역!$J$3:$J$2003,"Y"),0) -> 0
B39: 근로자 건강관리비 등 | C39: =IFERROR(SUMIFS(사용내역!$H$3:$H$2003,사용내역!$C$3:$C$2003,"부산",사용내역!$E$3:$E$2003,1,사용내역!$F$3:$F$2003,"근로자 건강관리비 등"),0) -> 0 | D39: =IFERROR(SUMIFS(사용내역!$H$3:$H$2003,사용내역!$C$3:$C$2003,"부산",사용내역!$E$3:$E$2003,2,사용내역!$F$3:$F$2003,"근로자 건강관리비 등"),0) -> 0 | E39: =IFERROR(SUMIFS(사용내역!$H$3:$H$2003,사용내역!$C$3:$C$2003,"부산",사용내역!$E$3:$E$2003,3,사용내역!$F$3:$F$2003,"근로자 건강관리비 등"),0) -> 0 | F39: =IFERROR(SUMIFS(사용내역!$H$3:$H$2003,사용내역!$C$3:$C$2003,"부산",사용내역!$E$3:$E$2003,4,사용내역!$F$3:$F$2003,"근로자 건강관리비 등"),0) -> 0 | G39: =IFERROR(SUMIFS(사용내역!$H$3:$H$2003,사용내역!$C$3:$C$2003,"부산",사용내역!$E$3:$E$2003,5,사용내역!$F$3:$F$2003,"근로자 건강관리비 등"),0) -> 0 | H39: =IFERROR(SUMIFS(사용내역!$H$3:$H$2003,사용내역!$C$3:$C$2003,"부산",사용내역!$E$3:$E$2003,6,사용내역!$F$3:$F$2003,"근로자 건강관리비 등"),0) -> 0 | I39: =IFERROR(SUMIFS(사용내역!$H$3:$H$2003,사용내역!$C$3:$C$2003,"부산",사용내역!$E$3:$E$2003,7,사용내역!$F$3:$F$2003,"근로자 건강관리비 등"),0) -> 0 | J39: =IFERROR(SUMIFS(사용내역!$H$3:$H$2003,사용내역!$C$3:$C$2003,"부산",사용내역!$E$3:$E$2003,8,사용내역!$F$3:$F$2003,"근로자 건강관리비 등"),0) -> 0 | K39: =IFERROR(SUMIFS(사용내역!$H$3:$H$2003,사용내역!$C$3:$C$2003,"부산",사용내역!$E$3:$E$2003,9,사용내역!$F$3:$F$2003,"근로자 건강관리비 등"),0) -> 0 | L39: =IFERROR(SUMIFS(사용내역!$H$3:$H$2003,사용내역!$C$3:$C$2003,"부산",사용내역!$E$3:$E$2003,10,사용내역!$F$3:$F$2003,"근로자 건강관리비 등"),0) -> 0 | M39: =IFERROR(SUMIFS(사용내역!$H$3:$H$2003,사용내역!$C$3:$C$2003,"부산",사용내역!$E$3:$E$2003,11,사용내역!$F$3:$F$2003,"근로자 건강관리비 등"),0) -> 0 | N39: =IFERROR(SUMIFS(사용내역!$H$3:$H$2003,사용내역!$C$3:$C$2003,"부산",사용내역!$E$3:$E$2003,12,사용내역!$F$3:$F$2003,"근로자 건강관리비 등"),0) -> 0 | O39: =SUM(C39:N39) -> 0 | P39: =IFERROR(COUNTIFS(사용내역!$C$3:$C$2003,"부산",사용내역!$F$3:$F$2003,"근로자 건강관리비 등",사용내역!$J$3:$J$2003,"Y"),0) -> 0
B40: 건설재해예방 기술지도비 | C40: =IFERROR(SUMIFS(사용내역!$H$3:$H$2003,사용내역!$C$3:$C$2003,"부산",사용내역!$E$3:$E$2003,1,사용내역!$F$3:$F$2003,"건설재해예방 기술지도비"),0) -> 0 | D40: =IFERROR(SUMIFS(사용내역!$H$3:$H$2003,사용내역!$C$3:$C$2003,"부산",사용내역!$E$3:$E$2003,2,사용내역!$F$3:$F$2003,"건설재해예방 기술지도비"),0) -> 0 | E40: =IFERROR(SUMIFS(사용내역!$H$3:$H$2003,사용내역!$C$3:$C$2003,"부산",사용내역!$E$3:$E$2003,3,사용내역!$F$3:$F$2003,"건설재해예방 기술지도비"),0) -> 0 | F40: =IFERROR(SUMIFS(사용내역!$H$3:$H$2003,사용내역!$C$3:$C$2003,"부산",사용내역!$E$3:$E$2003,4,사용내역!$F$3:$F$2003,"건설재해예방 기술지도비"),0) -> 0 | G40: =IFERROR(SUMIFS(사용내역!$H$3:$H$2003,사용내역!$C$3:$C$2003,"부산",사용내역!$E$3:$E$2003,5,사용내역!$F$3:$F$2003,"건설재해예방 기술지도비"),0) -> 0 | H40: =IFERROR(SUMIFS(사용내역!$H$3:$H$2003,사용내역!$C$3:$C$2003,"부산",사용내역!$E$3:$E$2003,6,사용내역!$F$3:$F$2003,"건설재해예방 기술지도비"),0) -> 0 | I40: =IFERROR(SUMIFS(사용내역!$H$3:$H$2003,사용내역!$C$3:$C$2003,"부산",사용내역!$E$3:$E$2003,7,사용내역!$F$3:$F$2003,"건설재해예방 기술지도비"),0) -> 0 | J40: =IFERROR(SUMIFS(사용내역!$H$3:$H$2003,사용내역!$C$3:$C$2003,"부산",사용내역!$E$3:$E$2003,8,사용내역!$F$3:$F$2003,"건설재해예방 기술지도비"),0) -> 0 | K40: =IFERROR(SUMIFS(사용내역!$H$3:$H$2003,사용내역!$C$3:$C$2003,"부산",사용내역!$E$3:$E$2003,9,사용내역!$F$3:$F$2003,"건설재해예방 기술지도비"),0) -> 0 | L40: =IFERROR(SUMIFS(사용내역!$H$3:$H$2003,사용내역!$C$3:$C$2003,"부산",사용내역!$E$3:$E$2003,10,사용내역!$F$3:$F$2003,"건설재해예방 기술지도비"),0) -> 0 | M40: =IFERROR(SUMIFS(사용내역!$H$3:$H$2003,사용내역!$C$3:$C$2003,"부산",사용내역!$E$3:$E$2003,11,사용내역!$F$3:$F$2003,"건설재해예방 기술지도비"),0) -> 0 | N40: =IFERROR(SUMIFS(사용내역!$H$3:$H$2003,사용내역!$C$3:$C$2003,"부산",사용내역!$E$3:$E$2003,12,사용내역!$F$3:$F$2003,"건설재해예방 기술지도비"),0) -> 0 | O40: =SUM(C40:N40) -> 0 | P40: =IFERROR(COUNTIFS(사용내역!$C$3:$C$2003,"부산",사용내역!$F$3:$F$2003,"건설재해예방 기술지도비",사용내역!$J$3:$J$2003,"Y"),0) -> 0
B41: 기타 | C41: =IFERROR(SUMIFS(사용내역!$H$3:$H$2003,사용내역!$C$3:$C$2003,"부산",사용내역!$E$3:$E$2003,1,사용내역!$F$3:$F$2003,"기타"),0) -> 0 | D41: =IFERROR(SUMIFS(사용내역!$H$3:$H$2003,사용내역!$C$3:$C$2003,"부산",사용내역!$E$3:$E$2003,2,사용내역!$F$3:$F$2003,"기타"),0) -> 0 | E41: =IFERROR(SUMIFS(사용내역!$H$3:$H$2003,사용내역!$C$3:$C$2003,"부산",사용내역!$E$3:$E$2003,3,사용내역!$F$3:$F$2003,"기타"),0) -> 0 | F41: =IFERROR(SUMIFS(사용내역!$H$3:$H$2003,사용내역!$C$3:$C$2003,"부산",사용내역!$E$3:$E$2003,4,사용내역!$F$3:$F$2003,"기타"),0) -> 0 | G41: =IFERROR(SUMIFS(사용내역!$H$3:$H$2003,사용내역!$C$3:$C$2003,"부산",사용내역!$E$3:$E$2003,5,사용내역!$F$3:$F$2003,"기타"),0) -> 0 | H41: =IFERROR(SUMIFS(사용내역!$H$3:$H$2003,사용내역!$C$3:$C$2003,"부산",사용내역!$E$3:$E$2003,6,사용내역!$F$3:$F$2003,"기타"),0) -> 0 | I41: =IFERROR(SUMIFS(사용내역!$H$3:$H$2003,사용내역!$C$3:$C$2003,"부산",사용내역!$E$3:$E$2003,7,사용내역!$F$3:$F$2003,"기타"),0) -> 0 | J41: =IFERROR(SUMIFS(사용내역!$H$3:$H$2003,사용내역!$C$3:$C$2003,"부산",사용내역!$E$3:$E$2003,8,사용내역!$F$3:$F$2003,"기타"),0) -> 0 | K41: =IFERROR(SUMIFS(사용내역!$H$3:$H$2003,사용내역!$C$3:$C$2003,"부산",사용내역!$E$3:$E$2003,9,사용내역!$F$3:$F$2003,"기타"),0) -> 0 | L41: =IFERROR(SUMIFS(사용내역!$H$3:$H$2003,사용내역!$C$3:$C$2003,"부산",사용내역!$E$3:$E$2003,10,사용내역!$F$3:$F$2003,"기타"),0) -> 0 | M41: =IFERROR(SUMIFS(사용내역!$H$3:$H$2003,사용내역!$C$3:$C$2003,"부산",사용내역!$E$3:$E$2003,11,사용내역!$F$3:$F$2003,"기타"),0) -> 0 | N41: =IFERROR(SUMIFS(사용내역!$H$3:$H$2003,사용내역!$C$3:$C$2003,"부산",사용내역!$E$3:$E$2003,12,사용내역!$F$3:$F$2003,"기타"),0) -> 0 | O41: =SUM(C41:N41) -> 0 | P41: =IFERROR(COUNTIFS(사용내역!$C$3:$C$2003,"부산",사용내역!$F$3:$F$2003,"기타",사용내역!$J$3:$J$2003,"Y"),0) -> 0
B42: 산보위·위험성평가 안건 | C42: =IFERROR(SUMIFS(사용내역!$H$3:$H$2003,사용내역!$C$3:$C$2003,"부산",사용내역!$E$3:$E$2003,1,사용내역!$F$3:$F$2003,"산보위·위험성평가 안건"),0) -> 0 | D42: =IFERROR(SUMIFS(사용내역!$H$3:$H$2003,사용내역!$C$3:$C$2003,"부산",사용내역!$E$3:$E$2003,2,사용내역!$F$3:$F$2003,"산보위·위험성평가 안건"),0) -> 0 | E42: =IFERROR(SUMIFS(사용내역!$H$3:$H$2003,사용내역!$C$3:$C$2003,"부산",사용내역!$E$3:$E$2003,3,사용내역!$F$3:$F$2003,"산보위·위험성평가 안건"),0) -> 0 | F42: =IFERROR(SUMIFS(사용내역!$H$3:$H$2003,사용내역!$C$3:$C$2003,"부산",사용내역!$E$3:$E$2003,4,사용내역!$F$3:$F$2003,"산보위·위험성평가 안건"),0) -> 0 | G42: =IFERROR(SUMIFS(사용내역!$H$3:$H$2003,사용내역!$C$3:$C$2003,"부산",사용내역!$E$3:$E$2003,5,사용내역!$F$3:$F$2003,"산보위·위험성평가 안건"),0) -> 0 | H42: =IFERROR(SUMIFS(사용내역!$H$3:$H$2003,사용내역!$C$3:$C$2003,"부산",사용내역!$E$3:$E$2003,6,사용내역!$F$3:$F$2003,"산보위·위험성평가 안건"),0) -> 0 | I42: =IFERROR(SUMIFS(사용내역!$H$3:$H$2003,사용내역!$C$3:$C$2003,"부산",사용내역!$E$3:$E$2003,7,사용내역!$F$3:$F$2003,"산보위·위험성평가 안건"),0) -> 0 | J42: =IFERROR(SUMIFS(사용내역!$H$3:$H$2003,사용내역!$C$3:$C$2003,"부산",사용내역!$E$3:$E$2003,8,사용내역!$F$3:$F$2003,"산보위·위험성평가 안건"),0) -> 0 | K42: =IFERROR(SUMIFS(사용내역!$H$3:$H$2003,사용내역!$C$3:$C$2003,"부산",사용내역!$E$3:$E$2003,9,사용내역!$F$3:$F$2003,"산보위·위험성평가 안건"),0) -> 0 | L42: =IFERROR(SUMIFS(사용내역!$H$3:$H$2003,사용내역!$C$3:$C$2003,"부산",사용내역!$E$3:$E$2003,10,사용내역!$F$3:$F$2003,"산보위·위험성평가 안건"),0) -> 0 | M42: =IFERROR(SUMIFS(사용내역!$H$3:$H$2003,사용내역!$C$3:$C$2003,"부산",사용내역!$E$3:$E$2003,11,사용내역!$F$3:$F$2003,"산보위·위험성평가 안건"),0) -> 0 | N42: =IFERROR(SUMIFS(사용내역!$H$3:$H$2003,사용내역!$C$3:$C$2003,"부산",사용내역!$E$3:$E$2003,12,사용내역!$F$3:$F$2003,"산보위·위험성평가 안건"),0) -> 0 | O42: =SUM(C42:N42) -> 0 | P42: =IFERROR(COUNTIFS(사용내역!$C$3:$C$2003,"부산",사용내역!$F$3:$F$2003,"산보위·위험성평가 안건",사용내역!$J$3:$J$2003,"Y"),0) -> 0
A43: 부산본부 소계 | C43: =SUM(C34:C42) -> 0 | D43: =SUM(D34:D42) -> 0 | E43: =SUM(E34:E42) -> 0 | F43: =SUM(F34:F42) -> 0 | G43: =SUM(G34:G42) -> 0 | H43: =SUM(H34:H42) -> 0 | I43: =SUM(I34:I42) -> 0 | J43: =SUM(J34:J42) -> 0 | ... P43: =SUM(P34:P42) -> 0
A44: 대구본부 | B44: 안전관리자 등 인건비 | C44: =IFERROR(SUMIFS(사용내역!$H$3:$H$2003,사용내역!$C$3:$C$2003,"대구",사용내역!$E$3:$E$2003,1,사용내역!$F$3:$F$2003,"안전관리자 등 인건비"),0) -> 2633400 | D44: =IFERROR(SUMIFS(사용내역!$H$3:$H$2003,사용내역!$C$3:$C$2003,"대구",사용내역!$E$3:$E$2003,2,사용내역!$F$3:$F$2003,"안전관리자 등 인건비"),0) -> 2633400 | E44: =IFERROR(SUMIFS(사용내역!$H$3:$H$2003,사용내역!$C$3:$C$2003,"대구",사용내역!$E$3:$E$2003,3,사용내역!$F$3:$F$2003,"안전관리자 등 인건비"),0) -> 2633400 | F44: =IFERROR(SUMIFS(사용내역!$H$3:$H$2003,사용내역!$C$3:$C$2003,"대구",사용내역!$E$3:$E$2003,4,사용내역!$F$3:$F$2003,"안전관리자 등 인건비"),0) -> 2633400 | G44: =IFERROR(SUMIFS(사용내역!$H$3:$H$2003,사용내역!$C$3:$C$2003,"대구",사용내역!$E$3:$E$2003,5,사용내역!$F$3:$F$2003,"안전관리자 등 인건비"),0) -> 2633400 | H44: =IFERROR(SUMIFS(사용내역!$H$3:$H$2003,사용내역!$C$3:$C$2003,"대구",사용내역!$E$3:$E$2003,6,사용내역!$F$3:$F$2003,"안전관리자 등 인건비"),0) -> 1254000 | I44: =IFERROR(SUMIFS(사용내역!$H$3:$H$2003,사용내역!$C$3:$C$2003,"대구",사용내역!$E$3:$E$2003,7,사용내역!$F$3:$F$2003,"안전관리자 등 인건비"),0) -> 0 | J44: =IFERROR(SUMIFS(사용내역!$H$3:$H$2003,사용내역!$C$3:$C$2003,"대구",사용내역!$E$3:$E$2003,8,사용내역!$F$3:$F$2003,"안전관리자 등 인건비"),0) -> 0 | K44: =IFERROR(SUMIFS(사용내역!$H$3:$H$2003,사용내역!$C$3:$C$2003,"대구",사용내역!$E$3:$E$2003,9,사용내역!$F$3:$F$2003,"안전관리자 등 인건비"),0) -> 0 | L44: =IFERROR(SUMIFS(사용내역!$H$3:$H$2003,사용내역!$C$3:$C$2003,"대구",사용내역!$E$3:$E$2003,10,사용내역!$F$3:$F$2003,"안전관리자 등 인건비"),0) -> 0 | M44: =IFERROR(SUMIFS(사용내역!$H$3:$H$2003,사용내역!$C$3:$C$2003,"대구",사용내역!$E$3:$E$2003,11,사용내역!$F$3:$F$2003,"안전관리자 등 인건비"),0) -> 0 | N44: =IFERROR(SUMIFS(사용내역!$H$3:$H$2003,사용내역!$C$3:$C$2003,"대구",사용내역!$E$3:$E$2003,12,사용내역!$F$3:$F$2003,"안전관리자 등 인건비"),0) -> 0 | O44: =SUM(C44:N44) -> 14421000 | P44: =IFERROR(COUNTIFS(사용내역!$C$3:$C$2003,"대구",사용내역!$F$3:$F$2003,"안전관리자 등 인건비",사용내역!$J$3:$J$2003,"Y"),0) -> 0
B45: 안전시설비 | C45: =IFERROR(SUMIFS(사용내역!$H$3:$H$2003,사용내역!$C$3:$C$2003,"대구",사용내역!$E$3:$E$2003,1,사용내역!$F$3:$F$2003,"안전시설비"),0) -> 0 | D45: =IFERROR(SUMIFS(사용내역!$H$3:$H$2003,사용내역!$C$3:$C$2003,"대구",사용내역!$E$3:$E$2003,2,사용내역!$F$3:$F$2003,"안전시설비"),0) -> 0 | E45: =IFERROR(SUMIFS(사용내역!$H$3:$H$2003,사용내역!$C$3:$C$2003,"대구",사용내역!$E$3:$E$2003,3,사용내역!$F$3:$F$2003,"안전시설비"),0) -> 0 | F45: =IFERROR(SUMIFS(사용내역!$H$3:$H$2003,사용내역!$C$3:$C$2003,"대구",사용내역!$E$3:$E$2003,4,사용내역!$F$3:$F$2003,"안전시설비"),0) -> 0 | G45: =IFERROR(SUMIFS(사용내역!$H$3:$H$2003,사용내역!$C$3:$C$2003,"대구",사용내역!$E$3:$E$2003,5,사용내역!$F$3:$F$2003,"안전시설비"),0) -> 0 | H45: =IFERROR(SUMIFS(사용내역!$H$3:$H$2003,사용내역!$C$3:$C$2003,"대구",사용내역!$E$3:$E$2003,6,사용내역!$F$3:$F$2003,"안전시설비"),0) -> 0 | I45: =IFERROR(SUMIFS(사용내역!$H$3:$H$2003,사용내역!$C$3:$C$2003,"대구",사용내역!$E$3:$E$2003,7,사용내역!$F$3:$F$2003,"안전시설비"),0) -> 0 | J45: =IFERROR(SUMIFS(사용내역!$H$3:$H$2003,사용내역!$C$3:$C$2003,"대구",사용내역!$E$3:$E$2003,8,사용내역!$F$3:$F$2003,"안전시설비"),0) -> 0 | K45: =IFERROR(SUMIFS(사용내역!$H$3:$H$2003,사용내역!$C$3:$C$2003,"대구",사용내역!$E$3:$E$2003,9,사용내역!$F$3:$F$2003,"안전시설비"),0) -> 0 | L45: =IFERROR(SUMIFS(사용내역!$H$3:$H$2003,사용내역!$C$3:$C$2003,"대구",사용내역!$E$3:$E$2003,10,사용내역!$F$3:$F$2003,"안전시설비"),0) -> 0 | M45: =IFERROR(SUMIFS(사용내역!$H$3:$H$2003,사용내역!$C$3:$C$2003,"대구",사용내역!$E$3:$E$2003,11,사용내역!$F$3:$F$2003,"안전시설비"),0) -> 0 | N45: =IFERROR(SUMIFS(사용내역!$H$3:$H$2003,사용내역!$C$3:$C$2003,"대구",사용내역!$E$3:$E$2003,12,사용내역!$F$3:$F$2003,"안전시설비"),0) -> 0 | O45: =SUM(C45:N45) -> 0 | P45: =IFERROR(COUNTIFS(사용내역!$C$3:$C$2003,"대구",사용내역!$F$3:$F$2003,"안전시설비",사용내역!$J$3:$J$2003,"Y"),0) -> 0
B46: 보호구·안전용품 | C46: =IFERROR(SUMIFS(사용내역!$H$3:$H$2003,사용내역!$C$3:$C$2003,"대구",사용내역!$E$3:$E$2003,1,사용내역!$F$3:$F$2003,"보호구·안전용품"),0) -> 0 | D46: =IFERROR(SUMIFS(사용내역!$H$3:$H$2003,사용내역!$C$3:$C$2003,"대구",사용내역!$E$3:$E$2003,2,사용내역!$F$3:$F$2003,"보호구·안전용품"),0) -> 2430000 | E46: =IFERROR(SUMIFS(사용내역!$H$3:$H$2003,사용내역!$C$3:$C$2003,"대구",사용내역!$E$3:$E$2003,3,사용내역!$F$3:$F$2003,"보호구·안전용품"),0) -> 383240 | F46: =IFERROR(SUMIFS(사용내역!$H$3:$H$2003,사용내역!$C$3:$C$2003,"대구",사용내역!$E$3:$E$2003,4,사용내역!$F$3:$F$2003,"보호구·안전용품"),0) -> 741100 | G46: =IFERROR(SUMIFS(사용내역!$H$3:$H$2003,사용내역!$C$3:$C$2003,"대구",사용내역!$E$3:$E$2003,5,사용내역!$F$3:$F$2003,"보호구·안전용품"),0) -> 775000 | H46: =IFERROR(SUMIFS(사용내역!$H$3:$H$2003,사용내역!$C$3:$C$2003,"대구",사용내역!$E$3:$E$2003,6,사용내역!$F$3:$F$2003,"보호구·안전용품"),0) -> 1510200 | I46: =IFERROR(SUMIFS(사용내역!$H$3:$H$2003,사용내역!$C$3:$C$2003,"대구",사용내역!$E$3:$E$2003,7,사용내역!$F$3:$F$2003,"보호구·안전용품"),0) -> 0 | J46: =IFERROR(SUMIFS(사용내역!$H$3:$H$2003,사용내역!$C$3:$C$2003,"대구",사용내역!$E$3:$E$2003,8,사용내역!$F$3:$F$2003,"보호구·안전용품"),0) -> 0 | K46: =IFERROR(SUMIFS(사용내역!$H$3:$H$2003,사용내역!$C$3:$C$2003,"대구",사용내역!$E$3:$E$2003,9,사용내역!$F$3:$F$2003,"보호구·안전용품"),0) -> 0 | L46: =IFERROR(SUMIFS(사용내역!$H$3:$H$2003,사용내역!$C$3:$C$2003,"대구",사용내역!$E$3:$E$2003,10,사용내역!$F$3:$F$2003,"보호구·안전용품"),0) -> 0 | M46: =IFERROR(SUMIFS(사용내역!$H$3:$H$2003,사용내역!$C$3:$C$2003,"대구",사용내역!$E$3:$E$2003,11,사용내역!$F$3:$F$2003,"보호구·안전용품"),0) -> 0 | N46: =IFERROR(SUMIFS(사용내역!$H$3:$H$2003,사용내역!$C$3:$C$2003,"대구",사용내역!$E$3:$E$2003,12,사용내역!$F$3:$F$2003,"보호구·안전용품"),0) -> 0 | O46: =SUM(C46:N46) -> 5839540 | P46: =IFERROR(COUNTIFS(사용내역!$C$3:$C$2003,"대구",사용내역!$F$3:$F$2003,"보호구·안전용품",사용내역!$J$3:$J$2003,"Y"),0) -> 0
B47: 안전진단비 | C47: =IFERROR(SUMIFS(사용내역!$H$3:$H$2003,사용내역!$C$3:$C$2003,"대구",사용내역!$E$3:$E$2003,1,사용내역!$F$3:$F$2003,"안전진단비"),0) -> 0 | D47: =IFERROR(SUMIFS(사용내역!$H$3:$H$2003,사용내역!$C$3:$C$2003,"대구",사용내역!$E$3:$E$2003,2,사용내역!$F$3:$F$2003,"안전진단비"),0) -> 0 | E47: =IFERROR(SUMIFS(사용내역!$H$3:$H$2003,사용내역!$C$3:$C$2003,"대구",사용내역!$E$3:$E$2003,3,사용내역!$F$3:$F$2003,"안전진단비"),0) -> 0 | F47: =IFERROR(SUMIFS(사용내역!$H$3:$H$2003,사용내역!$C$3:$C$2003,"대구",사용내역!$E$3:$E$2003,4,사용내역!$F$3:$F$2003,"안전진단비"),0) -> 0 | G47: =IFERROR(SUMIFS(사용내역!$H$3:$H$2003,사용내역!$C$3:$C$2003,"대구",사용내역!$E$3:$E$2003,5,사용내역!$F$3:$F$2003,"안전진단비"),0) -> 0 | H47: =IFERROR(SUMIFS(사용내역!$H$3:$H$2003,사용내역!$C$3:$C$2003,"대구",사용내역!$E$3:$E$2003,6,사용내역!$F$3:$F$2003,"안전진단비"),0) -> 0 | I47: =IFERROR(SUMIFS(사용내역!$H$3:$H$2003,사용내역!$C$3:$C$2003,"대구",사용내역!$E$3:$E$2003,7,사용내역!$F$3:$F$2003,"안전진단비"),0) -> 0 | J47: =IFERROR(SUMIFS(사용내역!$H$3:$H$2003,사용내역!$C$3:$C$2003,"대구",사용내역!$E$3:$E$2003,8,사용내역!$F$3:$F$2003,"안전진단비"),0) -> 0 | K47: =IFERROR(SUMIFS(사용내역!$H$3:$H$2003,사용내역!$C$3:$C$2003,"대구",사용내역!$E$3:$E$2003,9,사용내역!$F$3:$F$2003,"안전진단비"),0) -> 0 | L47: =IFERROR(SUMIFS(사용내역!$H$3:$H$2003,사용내역!$C$3:$C$2003,"대구",사용내역!$E$3:$E$2003,10,사용내역!$F$3:$F$2003,"안전진단비"),0) -> 0 | M47: =IFERROR(SUMIFS(사용내역!$H$3:$H$2003,사용내역!$C$3:$C$2003,"대구",사용내역!$E$3:$E$2003,11,사용내역!$F$3:$F$2003,"안전진단비"),0) -> 0 | N47: =IFERROR(SUMIFS(사용내역!$H$3:$H$2003,사용내역!$C$3:$C$2003,"대구",사용내역!$E$3:$E$2003,12,사용내역!$F$3:$F$2003,"안전진단비"),0) -> 0 | O47: =SUM(C47:N47) -> 0 | P47: =IFERROR(COUNTIFS(사용내역!$C$3:$C$2003,"대구",사용내역!$F$3:$F$2003,"안전진단비",사용내역!$J$3:$J$2003,"Y"),0) -> 0
B48: 안전보건교육비·행사비 등 | C48: =IFERROR(SUMIFS(사용내역!$H$3:$H$2003,사용내역!$C$3:$C$2003,"대구",사용내역!$E$3:$E$2003,1,사용내역!$F$3:$F$2003,"안전보건교육비·행사비 등"),0) -> 0 | D48: =IFERROR(SUMIFS(사용내역!$H$3:$H$2003,사용내역!$C$3:$C$2003,"대구",사용내역!$E$3:$E$2003,2,사용내역!$F$3:$F$2003,"안전보건교육비·행사비 등"),0) -> 0 | E48: =IFERROR(SUMIFS(사용내역!$H$3:$H$2003,사용내역!$C$3:$C$2003,"대구",사용내역!$E$3:$E$2003,3,사용내역!$F$3:$F$2003,"안전보건교육비·행사비 등"),0) -> 120000 | F48: =IFERROR(SUMIFS(사용내역!$H$3:$H$2003,사용내역!$C$3:$C$2003,"대구",사용내역!$E$3:$E$2003,4,사용내역!$F$3:$F$2003,"안전보건교육비·행사비 등"),0) -> 150000 | G48: =IFERROR(SUMIFS(사용내역!$H$3:$H$2003,사용내역!$C$3:$C$2003,"대구",사용내역!$E$3:$E$2003,5,사용내역!$F$3:$F$2003,"안전보건교육비·행사비 등"),0) -> 270000 | H48: =IFERROR(SUMIFS(사용내역!$H$3:$H$2003,사용내역!$C$3:$C$2003,"대구",사용내역!$E$3:$E$2003,6,사용내역!$F$3:$F$2003,"안전보건교육비·행사비 등"),0) -> 0 | I48: =IFERROR(SUMIFS(사용내역!$H$3:$H$2003,사용내역!$C$3:$C$2003,"대구",사용내역!$E$3:$E$2003,7,사용내역!$F$3:$F$2003,"안전보건교육비·행사비 등"),0) -> 0 | J48: =IFERROR(SUMIFS(사용내역!$H$3:$H$2003,사용내역!$C$3:$C$2003,"대구",사용내역!$E$3:$E$2003,8,사용내역!$F$3:$F$2003,"안전보건교육비·행사비 등"),0) -> 0 | K48: =IFERROR(SUMIFS(사용내역!$H$3:$H$2003,사용내역!$C$3:$C$2003,"대구",사용내역!$E$3:$E$2003,9,사용내역!$F$3:$F$2003,"안전보건교육비·행사비 등"),0) -> 0 | L48: =IFERROR(SUMIFS(사용내역!$H$3:$H$2003,사용내역!$C$3:$C$2003,"대구",사용내역!$E$3:$E$2003,10,사용내역!$F$3:$F$2003,"안전보건교육비·행사비 등"),0) -> 0 | M48: =IFERROR(SUMIFS(사용내역!$H$3:$H$2003,사용내역!$C$3:$C$2003,"대구",사용내역!$E$3:$E$2003,11,사용내역!$F$3:$F$2003,"안전보건교육비·행사비 등"),0) -> 0 | N48: =IFERROR(SUMIFS(사용내역!$H$3:$H$2003,사용내역!$C$3:$C$2003,"대구",사용내역!$E$3:$E$2003,12,사용내역!$F$3:$F$2003,"안전보건교육비·행사비 등"),0) -> 0 | O48: =SUM(C48:N48) -> 540000 | P48: =IFERROR(COUNTIFS(사용내역!$C$3:$C$2003,"대구",사용내역!$F$3:$F$2003,"안전보건교육비·행사비 등",사용내역!$J$3:$J$2003,"Y"),0) -> 0
B49: 근로자 건강관리비 등 | C49: =IFERROR(SUMIFS(사용내역!$H$3:$H$2003,사용내역!$C$3:$C$2003,"대구",사용내역!$E$3:$E$2003,1,사용내역!$F$3:$F$2003,"근로자 건강관리비 등"),0) -> 0 | D49: =IFERROR(SUMIFS(사용내역!$H$3:$H$2003,사용내역!$C$3:$C$2003,"대구",사용내역!$E$3:$E$2003,2,사용내역!$F$3:$F$2003,"근로자 건강관리비 등"),0) -> 0 | E49: =IFERROR(SUMIFS(사용내역!$H$3:$H$2003,사용내역!$C$3:$C$2003,"대구",사용내역!$E$3:$E$2003,3,사용내역!$F$3:$F$2003,"근로자 건강관리비 등"),0) -> 0 | F49: =IFERROR(SUMIFS(사용내역!$H$3:$H$2003,사용내역!$C$3:$C$2003,"대구",사용내역!$E$3:$E$2003,4,사용내역!$F$3:$F$2003,"근로자 건강관리비 등"),0) -> 0 | G49: =IFERROR(SUMIFS(사용내역!$H$3:$H$2003,사용내역!$C$3:$C$2003,"대구",사용내역!$E$3:$E$2003,5,사용내역!$F$3:$F$2003,"근로자 건강관리비 등"),0) -> 0 | H49: =IFERROR(SUMIFS(사용내역!$H$3:$H$2003,사용내역!$C$3:$C$2003,"대구",사용내역!$E$3:$E$2003,6,사용내역!$F$3:$F$2003,"근로자 건강관리비 등"),0) -> 0 | I49: =IFERROR(SUMIFS(사용내역!$H$3:$H$2003,사용내역!$C$3:$C$2003,"대구",사용내역!$E$3:$E$2003,7,사용내역!$F$3:$F$2003,"근로자 건강관리비 등"),0) -> 0 | J49: =IFERROR(SUMIFS(사용내역!$H$3:$H$2003,사용내역!$C$3:$C$2003,"대구",사용내역!$E$3:$E$2003,8,사용내역!$F$3:$F$2003,"근로자 건강관리비 등"),0) -> 0 | K49: =IFERROR(SUMIFS(사용내역!$H$3:$H$2003,사용내역!$C$3:$C$2003,"대구",사용내역!$E$3:$E$2003,9,사용내역!$F$3:$F$2003,"근로자 건강관리비 등"),0) -> 0 | L49: =IFERROR(SUMIFS(사용내역!$H$3:$H$2003,사용내역!$C$3:$C$2003,"대구",사용내역!$E$3:$E$2003,10,사용내역!$F$3:$F$2003,"근로자 건강관리비 등"),0) -> 0 | M49: =IFERROR(SUMIFS(사용내역!$H$3:$H$2003,사용내역!$C$3:$C$2003,"대구",사용내역!$E$3:$E$2003,11,사용내역!$F$3:$F$2003,"근로자 건강관리비 등"),0) -> 0 | N49: =IFERROR(SUMIFS(사용내역!$H$3:$H$2003,사용내역!$C$3:$C$2003,"대구",사용내역!$E$3:$E$2003,12,사용내역!$F$3:$F$2003,"근로자 건강관리비 등"),0) -> 0 | O49: =SUM(C49:N49) -> 0 | P49: =IFERROR(COUNTIFS(사용내역!$C$3:$C$2003,"대구",사용내역!$F$3:$F$2003,"근로자 건강관리비 등",사용내역!$J$3:$J$2003,"Y"),0) -> 0
B50: 건설재해예방 기술지도비 | C50: =IFERROR(SUMIFS(사용내역!$H$3:$H$2003,사용내역!$C$3:$C$2003,"대구",사용내역!$E$3:$E$2003,1,사용내역!$F$3:$F$2003,"건설재해예방 기술지도비"),0) -> 0 | D50: =IFERROR(SUMIFS(사용내역!$H$3:$H$2003,사용내역!$C$3:$C$2003,"대구",사용내역!$E$3:$E$2003,2,사용내역!$F$3:$F$2003,"건설재해예방 기술지도비"),0) -> 0 | E50: =IFERROR(SUMIFS(사용내역!$H$3:$H$2003,사용내역!$C$3:$C$2003,"대구",사용내역!$E$3:$E$2003,3,사용내역!$F$3:$F$2003,"건설재해예방 기술지도비"),0) -> 0 | F50: =IFERROR(SUMIFS(사용내역!$H$3:$H$2003,사용내역!$C$3:$C$2003,"대구",사용내역!$E$3:$E$2003,4,사용내역!$F$3:$F$2003,"건설재해예방 기술지도비"),0) -> 0 | G50: =IFERROR(SUMIFS(사용내역!$H$3:$H$2003,사용내역!$C$3:$C$2003,"대구",사용내역!$E$3:$E$2003,5,사용내역!$F$3:$F$2003,"건설재해예방 기술지도비"),0) -> 0 | H50: =IFERROR(SUMIFS(사용내역!$H$3:$H$2003,사용내역!$C$3:$C$2003,"대구",사용내역!$E$3:$E$2003,6,사용내역!$F$3:$F$2003,"건설재해예방 기술지도비"),0) -> 0 | I50: =IFERROR(SUMIFS(사용내역!$H$3:$H$2003,사용내역!$C$3:$C$2003,"대구",사용내역!$E$3:$E$2003,7,사용내역!$F$3:$F$2003,"건설재해예방 기술지도비"),0) -> 0 | J50: =IFERROR(SUMIFS(사용내역!$H$3:$H$2003,사용내역!$C$3:$C$2003,"대구",사용내역!$E$3:$E$2003,8,사용내역!$F$3:$F$2003,"건설재해예방 기술지도비"),0) -> 0 | K50: =IFERROR(SUMIFS(사용내역!$H$3:$H$2003,사용내역!$C$3:$C$2003,"대구",사용내역!$E$3:$E$2003,9,사용내역!$F$3:$F$2003,"건설재해예방 기술지도비"),0) -> 0 | L50: =IFERROR(SUMIFS(사용내역!$H$3:$H$2003,사용내역!$C$3:$C$2003,"대구",사용내역!$E$3:$E$2003,10,사용내역!$F$3:$F$2003,"건설재해예방 기술지도비"),0) -> 0 | M50: =IFERROR(SUMIFS(사용내역!$H$3:$H$2003,사용내역!$C$3:$C$2003,"대구",사용내역!$E$3:$E$2003,11,사용내역!$F$3:$F$2003,"건설재해예방 기술지도비"),0) -> 0 | N50: =IFERROR(SUMIFS(사용내역!$H$3:$H$2003,사용내역!$C$3:$C$2003,"대구",사용내역!$E$3:$E$2003,12,사용내역!$F$3:$F$2003,"건설재해예방 기술지도비"),0) -> 0 | O50: =SUM(C50:N50) -> 0 | P50: =IFERROR(COUNTIFS(사용내역!$C$3:$C$2003,"대구",사용내역!$F$3:$F$2003,"건설재해예방 기술지도비",사용내역!$J$3:$J$2003,"Y"),0) -> 0
B51: 기타 | C51: =IFERROR(SUMIFS(사용내역!$H$3:$H$2003,사용내역!$C$3:$C$2003,"대구",사용내역!$E$3:$E$2003,1,사용내역!$F$3:$F$2003,"기타"),0) -> 0 | D51: =IFERROR(SUMIFS(사용내역!$H$3:$H$2003,사용내역!$C$3:$C$2003,"대구",사용내역!$E$3:$E$2003,2,사용내역!$F$3:$F$2003,"기타"),0) -> 0 | E51: =IFERROR(SUMIFS(사용내역!$H$3:$H$2003,사용내역!$C$3:$C$2003,"대구",사용내역!$E$3:$E$2003,3,사용내역!$F$3:$F$2003,"기타"),0) -> 0 | F51: =IFERROR(SUMIFS(사용내역!$H$3:$H$2003,사용내역!$C$3:$C$2003,"대구",사용내역!$E$3:$E$2003,4,사용내역!$F$3:$F$2003,"기타"),0) -> 0 | G51: =IFERROR(SUMIFS(사용내역!$H$3:$H$2003,사용내역!$C$3:$C$2003,"대구",사용내역!$E$3:$E$2003,5,사용내역!$F$3:$F$2003,"기타"),0) -> 0 | H51: =IFERROR(SUMIFS(사용내역!$H$3:$H$2003,사용내역!$C$3:$C$2003,"대구",사용내역!$E$3:$E$2003,6,사용내역!$F$3:$F$2003,"기타"),0) -> 0 | I51: =IFERROR(SUMIFS(사용내역!$H$3:$H$2003,사용내역!$C$3:$C$2003,"대구",사용내역!$E$3:$E$2003,7,사용내역!$F$3:$F$2003,"기타"),0) -> 0 | J51: =IFERROR(SUMIFS(사용내역!$H$3:$H$2003,사용내역!$C$3:$C$2003,"대구",사용내역!$E$3:$E$2003,8,사용내역!$F$3:$F$2003,"기타"),0) -> 0 | K51: =IFERROR(SUMIFS(사용내역!$H$3:$H$2003,사용내역!$C$3:$C$2003,"대구",사용내역!$E$3:$E$2003,9,사용내역!$F$3:$F$2003,"기타"),0) -> 0 | L51: =IFERROR(SUMIFS(사용내역!$H$3:$H$2003,사용내역!$C$3:$C$2003,"대구",사용내역!$E$3:$E$2003,10,사용내역!$F$3:$F$2003,"기타"),0) -> 0 | M51: =IFERROR(SUMIFS(사용내역!$H$3:$H$2003,사용내역!$C$3:$C$2003,"대구",사용내역!$E$3:$E$2003,11,사용내역!$F$3:$F$2003,"기타"),0) -> 0 | N51: =IFERROR(SUMIFS(사용내역!$H$3:$H$2003,사용내역!$C$3:$C$2003,"대구",사용내역!$E$3:$E$2003,12,사용내역!$F$3:$F$2003,"기타"),0) -> 0 | O51: =SUM(C51:N51) -> 0 | P51: =IFERROR(COUNTIFS(사용내역!$C$3:$C$2003,"대구",사용내역!$F$3:$F$2003,"기타",사용내역!$J$3:$J$2003,"Y"),0) -> 0
B52: 산보위·위험성평가 안건 | C52: =IFERROR(SUMIFS(사용내역!$H$3:$H$2003,사용내역!$C$3:$C$2003,"대구",사용내역!$E$3:$E$2003,1,사용내역!$F$3:$F$2003,"산보위·위험성평가 안건"),0) -> 0 | D52: =IFERROR(SUMIFS(사용내역!$H$3:$H$2003,사용내역!$C$3:$C$2003,"대구",사용내역!$E$3:$E$2003,2,사용내역!$F$3:$F$2003,"산보위·위험성평가 안건"),0) -> 0 | E52: =IFERROR(SUMIFS(사용내역!$H$3:$H$2003,사용내역!$C$3:$C$2003,"대구",사용내역!$E$3:$E$2003,3,사용내역!$F$3:$F$2003,"산보위·위험성평가 안건"),0) -> 0 | F52: =IFERROR(SUMIFS(사용내역!$H$3:$H$2003,사용내역!$C$3:$C$2003,"대구",사용내역!$E$3:$E$2003,4,사용내역!$F$3:$F$2003,"산보위·위험성평가 안건"),0) -> 3682800 | G52: =IFERROR(SUMIFS(사용내역!$H$3:$H$2003,사용내역!$C$3:$C$2003,"대구",사용내역!$E$3:$E$2003,5,사용내역!$F$3:$F$2003,"산보위·위험성평가 안건"),0) -> 0 | H52: =IFERROR(SUMIFS(사용내역!$H$3:$H$2003,사용내역!$C$3:$C$2003,"대구",사용내역!$E$3:$E$2003,6,사용내역!$F$3:$F$2003,"산보위·위험성평가 안건"),0) -> 0 | I52: =IFERROR(SUMIFS(사용내역!$H$3:$H$2003,사용내역!$C$3:$C$2003,"대구",사용내역!$E$3:$E$2003,7,사용내역!$F$3:$F$2003,"산보위·위험성평가 안건"),0) -> 0 | J52: =IFERROR(SUMIFS(사용내역!$H$3:$H$2003,사용내역!$C$3:$C$2003,"대구",사용내역!$E$3:$E$2003,8,사용내역!$F$3:$F$2003,"산보위·위험성평가 안건"),0) -> 0 | K52: =IFERROR(SUMIFS(사용내역!$H$3:$H$2003,사용내역!$C$3:$C$2003,"대구",사용내역!$E$3:$E$2003,9,사용내역!$F$3:$F$2003,"산보위·위험성평가 안건"),0) -> 0 | L52: =IFERROR(SUMIFS(사용내역!$H$3:$H$2003,사용내역!$C$3:$C$2003,"대구",사용내역!$E$3:$E$2003,10,사용내역!$F$3:$F$2003,"산보위·위험성평가 안건"),0) -> 0 | M52: =IFERROR(SUMIFS(사용내역!$H$3:$H$2003,사용내역!$C$3:$C$2003,"대구",사용내역!$E$3:$E$2003,11,사용내역!$F$3:$F$2003,"산보위·위험성평가 안건"),0) -> 0 | N52: =IFERROR(SUMIFS(사용내역!$H$3:$H$2003,사용내역!$C$3:$C$2003,"대구",사용내역!$E$3:$E$2003,12,사용내역!$F$3:$F$2003,"산보위·위험성평가 안건"),0) -> 0 | O52: =SUM(C52:N52) -> 3682800 | P52: =IFERROR(COUNTIFS(사용내역!$C$3:$C$2003,"대구",사용내역!$F$3:$F$2003,"산보위·위험성평가 안건",사용내역!$J$3:$J$2003,"Y"),0) -> 0
A53: 대구본부 소계 | C53: =SUM(C44:C52) -> 2633400 | D53: =SUM(D44:D52) -> 5063400 | E53: =SUM(E44:E52) -> 3136640 | F53: =SUM(F44:F52) -> 7207300 | G53: =SUM(G44:G52) -> 3678400 | H53: =SUM(H44:H52) -> 2764200 | I53: =SUM(I44:I52) -> 0 | J53: =SUM(J44:J52) -> 0 | ... P53: =SUM(P44:P52) -> 0
A54: ▶ 전체 합계 | C54: =C13+C23+C33+C43+C53 -> 2633400 | D54: =D13+D23+D33+D43+D53 -> 5063400 | E54: =E13+E23+E33+E43+E53 -> 3136640 | F54: =F13+F23+F33+F43+F53 -> 7207300 | G54: =G13+G23+G33+G43+G53 -> 3678400 | H54: =H13+H23+H33+H43+H53 -> 2764200 | I54: =I13+I23+I33+I43+I53 -> 0 | J54: =J13+J23+J33+J43+J53 -> 0 | ... P54: =P13+P23+P33+P43+P53 -> 0

Sheet 2.예산입력
A1: ■ 연간 예산 입력표 — 노란색 셀에 금액(원)을 입력하세요
A2: ⚠ 이 시트의 예산을 입력하면 [예산대비_지출통계] 시트에 자동 반영됩니다. 본부별 / 항목별 연간 예산을 입력하세요.
A3: 본부 | B3: 항목 | C3: 연간 예산(원) | D3: 상반기 예산 | E3: 하반기 예산 | F3: 비고
A4: 본사 | B4: 안전관리자 등 인건비 | C4: =E4+D4 -> 0 | D4: 0 | E4: 0
B5: 안전시설비 | C5: =E5+D5 -> 0 | D5: 0 | E5: 0
B6: 보호구·안전용품 | C6: =E6+D6 -> 0 | D6: 0 | E6: 0
B7: 안전진단비 | C7: =E7+D7 -> 0 | D7: 0 | E7: 0
B8: 안전보건교육비·행사비 등 | C8: =E8+D8 -> 0 | D8: 0 | E8: 0
B9: 근로자 건강관리비 등 | C9: =E9+D9 -> 0 | D9: 0 | E9: 0
B10: 건설재해예방 기술지도비 | C10: =E10+D10 -> 0 | D10: 0 | E10: 0
B11: 기타 | C11: =E11+D11 -> 0 | D11: 0 | E11: 0
B12: 산보위·위험성평가 안건 | C12: =E12+D12 -> 0 | D12: 0 | E12: 0
A13: 본사 소계 | C13: =SUM(C4:C12) -> 0 | D13: =SUM(D4:D12) -> 0 | E13: =SUM(E4:E12) -> 0
A14: 충청본부 | B14: 안전관리자 등 인건비 | C14: =SUM(D14:E14) -> 0 | D14: 0 | E14: 0
B15: 안전시설비 | C15: =SUM(D15:E15) -> 0 | D15: 0 | E15: 0
B16: 보호구·안전용품 | C16: =SUM(D16:E16) -> 0 | D16: 0 | E16: 0
B17: 안전진단비 | C17: =SUM(D17:E17) -> 0 | D17: 0 | E17: 0
B18: 안전보건교육비·행사비 등 | C18: =SUM(D18:E18) -> 0 | D18: 0 | E18: 0
B19: 근로자 건강관리비 등 | C19: =SUM(D19:E19) -> 0 | D19: 0 | E19: 0
B20: 건설재해예방 기술지도비 | C20: =SUM(D20:E20) -> 0 | D20: 0 | E20: 0
B21: 기타 | C21: =SUM(D21:E21) -> 0 | D21: 0 | E21: 0
B22: 산보위·위험성평가 안건 | C22: =SUM(D22:E22) -> 0 | D22: 0 | E22: 0
A23: 충청본부 소계 | C23: =SUM(C14:C22) -> 0 | D23: =SUM(D14:D22) -> 0 | E23: =SUM(E14:E22) -> 0
A24: 호남본부 | B24: 안전관리자 등 인건비 | C24: =SUM(D24:E24) -> 0 | D24: 0 | E24: 0
B25: 안전시설비 | C25: =SUM(D25:E25) -> 0 | D25: 0 | E25: 0
B26: 보호구·안전용품 | C26: =SUM(D26:E26) -> 0 | D26: 0 | E26: 0
B27: 안전진단비 | C27: =SUM(D27:E27) -> 0 | D27: 0 | E27: 0
B28: 안전보건교육비·행사비 등 | C28: =SUM(D28:E28) -> 0 | D28: 0 | E28: 0
B29: 근로자 건강관리비 등 | C29: =SUM(D29:E29) -> 0 | D29: 0 | E29: 0
B30: 건설재해예방 기술지도비 | C30: 5 | D30: 0 | E30: 0
B31: 기타 | C31: =SUM(D31:E31) -> 0 | D31: 0 | E31: 0
B32: 산보위·위험성평가 안건 | C32: =SUM(D32:E32) -> 0 | D32: 0 | E32: 0
A33: 호남본부 소계 | C33: 0 | D33: =SUM(D24:D32) -> 0 | E33: =SUM(E24:E32) -> 0
A34: 부산본부 | B34: 안전관리자 등 인건비 | C34: =SUM(D34:E34) -> 0 | D34: 0 | E34: 0
B35: 안전시설비 | C35: =SUM(D35:E35) -> 0 | D35: 0 | E35: 0
B36: 보호구·안전용품 | C36: =SUM(D36:E36) -> 0 | D36: 0 | E36: 0
B37: 안전진단비 | C37: =SUM(D37:E37) -> 0 | D37: 0 | E37: 0
B38: 안전보건교육비·행사비 등 | C38: =SUM(D38:E38) -> 0 | D38: 0 | E38: 0
B39: 근로자 건강관리비 등 | C39: =SUM(D39:E39) -> 0 | D39: 0 | E39: 0
B40: 건설재해예방 기술지도비 | C40: =SUM(D40:E40) -> 0 | D40: 0 | E40: 0
B41: 기타 | C41: =SUM(D41:E41) -> 0 | D41: 0 | E41: 0
B42: 산보위·위험성평가 안건 | C42: =SUM(D42:E42) -> 0 | D42: 0 | E42: 0
A43: 부산본부 소계 | C43: =SUM(C34:C42) -> 0 | D43: =SUM(D34:D42) -> 0 | E43: =SUM(E34:E42) -> 0
A44: 대구본부 | B44: 안전관리자 등 인건비 | C44: =SUM(D44:E44) -> 0 | D44: 0 | E44: 0
B45: 안전시설비 | C45: =SUM(D45:E45) -> 0 | D45: 0 | E45: 0
B46: 보호구·안전용품 | C46: =SUM(D46:E46) -> 40000000 | D46: 40000000 | E46: 0
B47: 안전진단비 | C47: =SUM(D47:E47) -> 0 | D47: 0 | E47: 0
B48: 안전보건교육비·행사비 등 | C48: =SUM(D48:E48) -> 0 | D48: 0 | E48: 0
B49: 근로자 건강관리비 등 | C49: =SUM(D49:E49) -> 0 | D49: 0 | E49: 0
B50: 건설재해예방 기술지도비 | C50: =SUM(D50:E50) -> 0 | D50: 0 | E50: 0
B51: 기타 | C51: =SUM(D51:E51) -> 0 | D51: 0 | E51: 0
B52: 산보위·위험성평가 안건 | C52: =SUM(D52:E52) -> 0 | D52: 0 | E52: 0
A53: 대구본부 소계 | C53: =SUM(C44:C52) -> 40000000 | D53: =SUM(D44:D52) -> 40000000 | E53: =SUM(E44:E52) -> 0
A54: ▶ 전체 합계 | C54: =C13+C23+C33+C43+C53 -> 40000000 | D54: =D13+D23+D33+D43+D53 -> 40000000 | E54: =E13+E23+E33+E43+E53 -> 0

Sheet 3.예산대비_지출통계
A1: ■ 산업안전관리비 예산 대비 지출 현황
A2: ▶ 예산: [예산입력] 시트 참조 | 지출: [지출통계] 시트 참조 | 잔액·집행률 자동 계산 | 월별 지출은 [지출통계] 월별 합계 참조
A3: 본부 | B3: 항목 | C3: 연간예산 | D3: 누계지출 | E3: 잔액 | F3: 집행률 | G3: 월별 지출
G4: 1월 | H4: 2월 | I4: 3월 | J4: 4월 | K4: 5월 | L4: 6월 | M4: 7월 | N4: 8월 | O4: 9월 | P4: 10월 | Q4: 11월 | R4: 12월
A5: 본사 | B5: 안전관리자 등 인건비 | C5: ='2.예산입력'!C4 -> 0 | D5: ='1.지출통계'!O4 -> 0 | E5: =C5-D5 -> 0 | F5: =IF(C5=0,"-",TEXT(D5/C5,"0.0%")) -> - | G5: ='1.지출통계'!C4 -> 0 | H5: ='1.지출통계'!D4 -> 0 | I5: ='1.지출통계'!E4 -> 0 | J5: ='1.지출통계'!F4 -> 0 | K5: ='1.지출통계'!G4 -> 0 | L5: ='1.지출통계'!H4 -> 0 | M5: ='1.지출통계'!I4 -> 0 | N5: ='1.지출통계'!J4 -> 0 | ... R5: ='1.지출통계'!N4 -> 0
B6: 안전시설비 | C6: ='2.예산입력'!C5 -> 0 | D6: ='1.지출통계'!O5 -> 0 | E6: =C6-D6 -> 0 | F6: =IF(C6=0,"-",TEXT(D6/C6,"0.0%")) -> - | G6: ='1.지출통계'!C5 -> 0 | H6: ='1.지출통계'!D5 -> 0 | I6: ='1.지출통계'!E5 -> 0 | J6: ='1.지출통계'!F5 -> 0 | K6: ='1.지출통계'!G5 -> 0 | L6: ='1.지출통계'!H5 -> 0 | M6: ='1.지출통계'!I5 -> 0 | N6: ='1.지출통계'!J5 -> 0 | ... R6: ='1.지출통계'!N5 -> 0
B7: 보호구·안전용품 | C7: 0 | D7: ='1.지출통계'!O6 -> 0 | E7: =C7-D7 -> 0 | F7: =IF(C7=0,"-",TEXT(D7/C7,"0.0%")) -> - | G7: ='1.지출통계'!C6 -> 0 | H7: ='1.지출통계'!D6 -> 0 | I7: ='1.지출통계'!E6 -> 0 | J7: ='1.지출통계'!F6 -> 0 | K7: ='1.지출통계'!G6 -> 0 | L7: ='1.지출통계'!H6 -> 0 | M7: ='1.지출통계'!I6 -> 0 | N7: ='1.지출통계'!J6 -> 0 | ... R7: ='1.지출통계'!N6 -> 0
B8: 안전진단비 | C8: ='2.예산입력'!C7 -> 0 | D8: ='1.지출통계'!O7 -> 0 | E8: =C8-D8 -> 0 | F8: =IF(C8=0,"-",TEXT(D8/C8,"0.0%")) -> - | G8: ='1.지출통계'!C7 -> 0 | H8: ='1.지출통계'!D7 -> 0 | I8: ='1.지출통계'!E7 -> 0 | J8: ='1.지출통계'!F7 -> 0 | K8: ='1.지출통계'!G7 -> 0 | L8: ='1.지출통계'!H7 -> 0 | M8: ='1.지출통계'!I7 -> 0 | N8: ='1.지출통계'!J7 -> 0 | ... R8: ='1.지출통계'!N7 -> 0
B9: 안전보건교육비·행사비 등 | C9: ='2.예산입력'!C8 -> 0 | D9: ='1.지출통계'!O8 -> 0 | E9: =C9-D9 -> 0 | F9: =IF(C9=0,"-",TEXT(D9/C9,"0.0%")) -> - | G9: ='1.지출통계'!C8 -> 0 | H9: ='1.지출통계'!D8 -> 0 | I9: ='1.지출통계'!E8 -> 0 | J9: ='1.지출통계'!F8 -> 0 | K9: ='1.지출통계'!G8 -> 0 | L9: ='1.지출통계'!H8 -> 0 | M9: ='1.지출통계'!I8 -> 0 | N9: ='1.지출통계'!J8 -> 0 | ... R9: ='1.지출통계'!N8 -> 0
B10: 근로자 건강관리비 등 | C10: 0 | D10: ='1.지출통계'!O9 -> 0 | E10: =C10-D10 -> 0 | F10: =IF(C10=0,"-",TEXT(D10/C10,"0.0%")) -> - | G10: ='1.지출통계'!C9 -> 0 | H10: ='1.지출통계'!D9 -> 0 | I10: ='1.지출통계'!E9 -> 0 | J10: ='1.지출통계'!F9 -> 0 | K10: ='1.지출통계'!G9 -> 0 | L10: ='1.지출통계'!H9 -> 0 | M10: ='1.지출통계'!I9 -> 0 | N10: ='1.지출통계'!J9 -> 0 | ... R10: ='1.지출통계'!N9 -> 0
B11: 건설재해예방 기술지도비 | C11: ='2.예산입력'!C10 -> 0 | D11: ='1.지출통계'!O10 -> 0 | E11: =C11-D11 -> 0 | F11: =IF(C11=0,"-",TEXT(D11/C11,"0.0%")) -> - | G11: ='1.지출통계'!C10 -> 0 | H11: ='1.지출통계'!D10 -> 0 | I11: ='1.지출통계'!E10 -> 0 | J11: ='1.지출통계'!F10 -> 0 | K11: ='1.지출통계'!G10 -> 0 | L11: ='1.지출통계'!H10 -> 0 | M11: ='1.지출통계'!I10 -> 0 | N11: ='1.지출통계'!J10 -> 0 | ... R11: ='1.지출통계'!N10 -> 0
B12: 기타 | C12: ='2.예산입력'!C11 -> 0 | D12: ='1.지출통계'!O11 -> 0 | E12: =C12-D12 -> 0 | F12: =IF(C12=0,"-",TEXT(D12/C12,"0.0%")) -> - | G12: ='1.지출통계'!C11 -> 0 | H12: ='1.지출통계'!D11 -> 0 | I12: ='1.지출통계'!E11 -> 0 | J12: ='1.지출통계'!F11 -> 0 | K12: ='1.지출통계'!G11 -> 0 | L12: ='1.지출통계'!H11 -> 0 | M12: ='1.지출통계'!I11 -> 0 | N12: ='1.지출통계'!J11 -> 0 | ... R12: ='1.지출통계'!N11 -> 0
B13: 산보위·위험성평가 안건 | C13: ='2.예산입력'!C12 -> 0 | D13: ='1.지출통계'!O12 -> 0 | E13: =C13-D13 -> 0 | F13: =IF(C13=0,"-",TEXT(D13/C13,"0.0%")) -> - | G13: ='1.지출통계'!C12 -> 0 | H13: ='1.지출통계'!D12 -> 0 | I13: ='1.지출통계'!E12 -> 0 | J13: ='1.지출통계'!F12 -> 0 | K13: ='1.지출통계'!G12 -> 0 | L13: ='1.지출통계'!H12 -> 0 | M13: ='1.지출통계'!I12 -> 0 | N13: ='1.지출통계'!J12 -> 0 | ... R13: ='1.지출통계'!N12 -> 0
A14: 본사 소계 | C14: ='2.예산입력'!C13 -> 0 | D14: ='1.지출통계'!O13 -> 0 | E14: =C14-D14 -> 0 | F14: =IF(C14=0,"-",TEXT(D14/C14,"0.0%")) -> - | G14: ='1.지출통계'!C13 -> 0 | H14: ='1.지출통계'!D13 -> 0 | I14: ='1.지출통계'!E13 -> 0 | J14: ='1.지출통계'!F13 -> 0 | K14: ='1.지출통계'!G13 -> 0 | L14: ='1.지출통계'!H13 -> 0 | M14: ='1.지출통계'!I13 -> 0 | N14: ='1.지출통계'!J13 -> 0 | ... R14: ='1.지출통계'!N13 -> 0
A15: 충청본부 | B15: 안전관리자 등 인건비 | C15: ='2.예산입력'!C14 -> 0 | D15: ='1.지출통계'!O14 -> 0 | E15: =C15-D15 -> 0 | F15: =IF(C15=0,"-",TEXT(D15/C15,"0.0%")) -> - | G15: ='1.지출통계'!C14 -> 0 | H15: ='1.지출통계'!D14 -> 0 | I15: ='1.지출통계'!E14 -> 0 | J15: ='1.지출통계'!F14 -> 0 | K15: ='1.지출통계'!G14 -> 0 | L15: ='1.지출통계'!H14 -> 0 | M15: ='1.지출통계'!I14 -> 0 | N15: ='1.지출통계'!J14 -> 0 | ... R15: ='1.지출통계'!N14 -> 0
B16: 안전시설비 | C16: ='2.예산입력'!C15 -> 0 | D16: ='1.지출통계'!O15 -> 0 | E16: =C16-D16 -> 0 | F16: =IF(C16=0,"-",TEXT(D16/C16,"0.0%")) -> - | G16: ='1.지출통계'!C15 -> 0 | H16: ='1.지출통계'!D15 -> 0 | I16: ='1.지출통계'!E15 -> 0 | J16: ='1.지출통계'!F15 -> 0 | K16: ='1.지출통계'!G15 -> 0 | L16: ='1.지출통계'!H15 -> 0 | M16: ='1.지출통계'!I15 -> 0 | N16: ='1.지출통계'!J15 -> 0 | ... R16: ='1.지출통계'!N15 -> 0
B17: 보호구·안전용품 | C17: ='2.예산입력'!C16 -> 0 | D17: ='1.지출통계'!O16 -> 0 | E17: =C17-D17 -> 0 | F17: =IF(C17=0,"-",TEXT(D17/C17,"0.0%")) -> - | G17: ='1.지출통계'!C16 -> 0 | H17: ='1.지출통계'!D16 -> 0 | I17: ='1.지출통계'!E16 -> 0 | J17: ='1.지출통계'!F16 -> 0 | K17: ='1.지출통계'!G16 -> 0 | L17: ='1.지출통계'!H16 -> 0 | M17: ='1.지출통계'!I16 -> 0 | N17: ='1.지출통계'!J16 -> 0 | ... R17: ='1.지출통계'!N16 -> 0
B18: 안전진단비 | C18: ='2.예산입력'!C17 -> 0 | D18: ='1.지출통계'!O17 -> 0 | E18: =C18-D18 -> 0 | F18: =IF(C18=0,"-",TEXT(D18/C18,"0.0%")) -> - | G18: ='1.지출통계'!C17 -> 0 | H18: ='1.지출통계'!D17 -> 0 | I18: ='1.지출통계'!E17 -> 0 | J18: ='1.지출통계'!F17 -> 0 | K18: ='1.지출통계'!G17 -> 0 | L18: ='1.지출통계'!H17 -> 0 | M18: ='1.지출통계'!I17 -> 0 | N18: ='1.지출통계'!J17 -> 0 | ... R18: ='1.지출통계'!N17 -> 0
B19: 안전보건교육비·행사비 등 | C19: ='2.예산입력'!C18 -> 0 | D19: ='1.지출통계'!O18 -> 0 | E19: =C19-D19 -> 0 | F19: =IF(C19=0,"-",TEXT(D19/C19,"0.0%")) -> - | G19: ='1.지출통계'!C18 -> 0 | H19: ='1.지출통계'!D18 -> 0 | I19: ='1.지출통계'!E18 -> 0 | J19: ='1.지출통계'!F18 -> 0 | K19: ='1.지출통계'!G18 -> 0 | L19: ='1.지출통계'!H18 -> 0 | M19: ='1.지출통계'!I18 -> 0 | N19: ='1.지출통계'!J18 -> 0 | ... R19: ='1.지출통계'!N18 -> 0
B20: 근로자 건강관리비 등 | C20: ='2.예산입력'!C19 -> 0 | D20: ='1.지출통계'!O19 -> 0 | E20: =C20-D20 -> 0 | F20: =IF(C20=0,"-",TEXT(D20/C20,"0.0%")) -> - | G20: ='1.지출통계'!C19 -> 0 | H20: ='1.지출통계'!D19 -> 0 | I20: ='1.지출통계'!E19 -> 0 | J20: ='1.지출통계'!F19 -> 0 | K20: ='1.지출통계'!G19 -> 0 | L20: ='1.지출통계'!H19 -> 0 | M20: ='1.지출통계'!I19 -> 0 | N20: ='1.지출통계'!J19 -> 0 | ... R20: ='1.지출통계'!N19 -> 0
B21: 건설재해예방 기술지도비 | C21: ='2.예산입력'!C20 -> 0 | D21: ='1.지출통계'!O20 -> 0 | E21: =C21-D21 -> 0 | F21: =IF(C21=0,"-",TEXT(D21/C21,"0.0%")) -> - | G21: ='1.지출통계'!C20 -> 0 | H21: ='1.지출통계'!D20 -> 0 | I21: ='1.지출통계'!E20 -> 0 | J21: ='1.지출통계'!F20 -> 0 | K21: ='1.지출통계'!G20 -> 0 | L21: ='1.지출통계'!H20 -> 0 | M21: ='1.지출통계'!I20 -> 0 | N21: ='1.지출통계'!J20 -> 0 | ... R21: ='1.지출통계'!N20 -> 0
B22: 기타 | C22: ='2.예산입력'!C21 -> 0 | D22: ='1.지출통계'!O21 -> 0 | E22: =C22-D22 -> 0 | F22: =IF(C22=0,"-",TEXT(D22/C22,"0.0%")) -> - | G22: ='1.지출통계'!C21 -> 0 | H22: ='1.지출통계'!D21 -> 0 | I22: ='1.지출통계'!E21 -> 0 | J22: ='1.지출통계'!F21 -> 0 | K22: ='1.지출통계'!G21 -> 0 | L22: ='1.지출통계'!H21 -> 0 | M22: ='1.지출통계'!I21 -> 0 | N22: ='1.지출통계'!J21 -> 0 | ... R22: ='1.지출통계'!N21 -> 0
B23: 산보위·위험성평가 안건 | C23: ='2.예산입력'!C22 -> 0 | D23: ='1.지출통계'!O22 -> 0 | E23: =C23-D23 -> 0 | F23: =IF(C23=0,"-",TEXT(D23/C23,"0.0%")) -> - | G23: ='1.지출통계'!C22 -> 0 | H23: ='1.지출통계'!D22 -> 0 | I23: ='1.지출통계'!E22 -> 0 | J23: ='1.지출통계'!F22 -> 0 | K23: ='1.지출통계'!G22 -> 0 | L23: ='1.지출통계'!H22 -> 0 | M23: ='1.지출통계'!I22 -> 0 | N23: ='1.지출통계'!J22 -> 0 | ... R23: ='1.지출통계'!N22 -> 0
A24: 충청본부 소계 | C24: ='2.예산입력'!C23 -> 0 | D24: ='1.지출통계'!O23 -> 0 | E24: =C24-D24 -> 0 | F24: =IF(C24=0,"-",TEXT(D24/C24,"0.0%")) -> - | G24: ='1.지출통계'!C23 -> 0 | H24: ='1.지출통계'!D23 -> 0 | I24: ='1.지출통계'!E23 -> 0 | J24: ='1.지출통계'!F23 -> 0 | K24: ='1.지출통계'!G23 -> 0 | L24: ='1.지출통계'!H23 -> 0 | M24: ='1.지출통계'!I23 -> 0 | N24: ='1.지출통계'!J23 -> 0 | ... R24: ='1.지출통계'!N23 -> 0
A25: 호남본부 | B25: 안전관리자 등 인건비 | C25: ='2.예산입력'!C24 -> 0 | D25: ='1.지출통계'!O24 -> 0 | E25: =C25-D25 -> 0 | F25: =IF(C25=0,"-",TEXT(D25/C25,"0.0%")) -> - | G25: ='1.지출통계'!C24 -> 0 | H25: ='1.지출통계'!D24 -> 0 | I25: ='1.지출통계'!E24 -> 0 | J25: ='1.지출통계'!F24 -> 0 | K25: ='1.지출통계'!G24 -> 0 | L25: ='1.지출통계'!H24 -> 0 | M25: ='1.지출통계'!I24 -> 0 | N25: ='1.지출통계'!J24 -> 0 | ... R25: ='1.지출통계'!N24 -> 0
B26: 안전시설비 | C26: ='2.예산입력'!C25 -> 0 | D26: ='1.지출통계'!O25 -> 0 | E26: =C26-D26 -> 0 | F26: =IF(C26=0,"-",TEXT(D26/C26,"0.0%")) -> - | G26: ='1.지출통계'!C25 -> 0 | H26: ='1.지출통계'!D25 -> 0 | I26: ='1.지출통계'!E25 -> 0 | J26: ='1.지출통계'!F25 -> 0 | K26: ='1.지출통계'!G25 -> 0 | L26: ='1.지출통계'!H25 -> 0 | M26: ='1.지출통계'!I25 -> 0 | N26: ='1.지출통계'!J25 -> 0 | ... R26: ='1.지출통계'!N25 -> 0
B27: 보호구·안전용품 | C27: ='2.예산입력'!C26 -> 0 | D27: ='1.지출통계'!O26 -> 0 | E27: =C27-D27 -> 0 | F27: =IF(C27=0,"-",TEXT(D27/C27,"0.0%")) -> - | G27: ='1.지출통계'!C26 -> 0 | H27: ='1.지출통계'!D26 -> 0 | I27: ='1.지출통계'!E26 -> 0 | J27: ='1.지출통계'!F26 -> 0 | K27: ='1.지출통계'!G26 -> 0 | L27: ='1.지출통계'!H26 -> 0 | M27: ='1.지출통계'!I26 -> 0 | N27: ='1.지출통계'!J26 -> 0 | ... R27: ='1.지출통계'!N26 -> 0
B28: 안전진단비 | C28: ='2.예산입력'!C27 -> 0 | D28: ='1.지출통계'!O27 -> 0 | E28: =C28-D28 -> 0 | F28: =IF(C28=0,"-",TEXT(D28/C28,"0.0%")) -> - | G28: ='1.지출통계'!C27 -> 0 | H28: ='1.지출통계'!D27 -> 0 | I28: ='1.지출통계'!E27 -> 0 | J28: ='1.지출통계'!F27 -> 0 | K28: ='1.지출통계'!G27 -> 0 | L28: ='1.지출통계'!H27 -> 0 | M28: ='1.지출통계'!I27 -> 0 | N28: ='1.지출통계'!J27 -> 0 | ... R28: ='1.지출통계'!N27 -> 0
B29: 안전보건교육비·행사비 등 | C29: ='2.예산입력'!C28 -> 0 | D29: ='1.지출통계'!O28 -> 0 | E29: =C29-D29 -> 0 | F29: =IF(C29=0,"-",TEXT(D29/C29,"0.0%")) -> - | G29: ='1.지출통계'!C28 -> 0 | H29: ='1.지출통계'!D28 -> 0 | I29: ='1.지출통계'!E28 -> 0 | J29: ='1.지출통계'!F28 -> 0 | K29: ='1.지출통계'!G28 -> 0 | L29: ='1.지출통계'!H28 -> 0 | M29: ='1.지출통계'!I28 -> 0 | N29: ='1.지출통계'!J28 -> 0 | ... R29: ='1.지출통계'!N28 -> 0
B30: 근로자 건강관리비 등 | C30: ='2.예산입력'!C29 -> 0 | D30: ='1.지출통계'!O29 -> 0 | E30: =C30-D30 -> 0 | F30: =IF(C30=0,"-",TEXT(D30/C30,"0.0%")) -> - | G30: ='1.지출통계'!C29 -> 0 | H30: ='1.지출통계'!D29 -> 0 | I30: ='1.지출통계'!E29 -> 0 | J30: ='1.지출통계'!F29 -> 0 | K30: ='1.지출통계'!G29 -> 0 | L30: ='1.지출통계'!H29 -> 0 | M30: ='1.지출통계'!I29 -> 0 | N30: ='1.지출통계'!J29 -> 0 | ... R30: ='1.지출통계'!N29 -> 0
B31: 건설재해예방 기술지도비 | C31: ='2.예산입력'!C30 -> 5 | D31: ='1.지출통계'!O30 -> 0 | E31: =C31-D31 -> 5 | F31: =IF(C31=0,"-",TEXT(D31/C31,"0.0%")) -> 0.0% | G31: ='1.지출통계'!C30 -> 0 | H31: ='1.지출통계'!D30 -> 0 | I31: ='1.지출통계'!E30 -> 0 | J31: ='1.지출통계'!F30 -> 0 | K31: ='1.지출통계'!G30 -> 0 | L31: ='1.지출통계'!H30 -> 0 | M31: ='1.지출통계'!I30 -> 0 | N31: ='1.지출통계'!J30 -> 0 | ... R31: ='1.지출통계'!N30 -> 0
B32: 기타 | C32: ='2.예산입력'!C31 -> 0 | D32: ='1.지출통계'!O31 -> 0 | E32: =C32-D32 -> 0 | F32: =IF(C32=0,"-",TEXT(D32/C32,"0.0%")) -> - | G32: ='1.지출통계'!C31 -> 0 | H32: ='1.지출통계'!D31 -> 0 | I32: ='1.지출통계'!E31 -> 0 | J32: ='1.지출통계'!F31 -> 0 | K32: ='1.지출통계'!G31 -> 0 | L32: ='1.지출통계'!H31 -> 0 | M32: ='1.지출통계'!I31 -> 0 | N32: ='1.지출통계'!J31 -> 0 | ... R32: ='1.지출통계'!N31 -> 0
B33: 산보위·위험성평가 안건 | C33: ='2.예산입력'!C32 -> 0 | D33: ='1.지출통계'!O32 -> 0 | E33: =C33-D33 -> 0 | F33: =IF(C33=0,"-",TEXT(D33/C33,"0.0%")) -> - | G33: ='1.지출통계'!C32 -> 0 | H33: ='1.지출통계'!D32 -> 0 | I33: ='1.지출통계'!E32 -> 0 | J33: ='1.지출통계'!F32 -> 0 | K33: ='1.지출통계'!G32 -> 0 | L33: ='1.지출통계'!H32 -> 0 | M33: ='1.지출통계'!I32 -> 0 | N33: ='1.지출통계'!J32 -> 0 | ... R33: ='1.지출통계'!N32 -> 0
A34: 호남본부 소계 | C34: ='2.예산입력'!C33 -> 0 | D34: ='1.지출통계'!O33 -> 0 | E34: =C34-D34 -> 0 | F34: =IF(C34=0,"-",TEXT(D34/C34,"0.0%")) -> - | G34: ='1.지출통계'!C33 -> 0 | H34: ='1.지출통계'!D33 -> 0 | I34: ='1.지출통계'!E33 -> 0 | J34: ='1.지출통계'!F33 -> 0 | K34: ='1.지출통계'!G33 -> 0 | L34: ='1.지출통계'!H33 -> 0 | M34: ='1.지출통계'!I33 -> 0 | N34: ='1.지출통계'!J33 -> 0 | ... R34: ='1.지출통계'!N33 -> 0
A35: 부산본부 | B35: 안전관리자 등 인건비 | C35: ='2.예산입력'!C34 -> 0 | D35: ='1.지출통계'!O34 -> 0 | E35: =C35-D35 -> 0 | F35: =IF(C35=0,"-",TEXT(D35/C35,"0.0%")) -> - | G35: ='1.지출통계'!C34 -> 0 | H35: ='1.지출통계'!D34 -> 0 | I35: ='1.지출통계'!E34 -> 0 | J35: ='1.지출통계'!F34 -> 0 | K35: ='1.지출통계'!G34 -> 0 | L35: ='1.지출통계'!H34 -> 0 | M35: ='1.지출통계'!I34 -> 0 | N35: ='1.지출통계'!J34 -> 0 | ... R35: ='1.지출통계'!N34 -> 0
B36: 안전시설비 | C36: ='2.예산입력'!C35 -> 0 | D36: ='1.지출통계'!O35 -> 0 | E36: =C36-D36 -> 0 | F36: =IF(C36=0,"-",TEXT(D36/C36,"0.0%")) -> - | G36: ='1.지출통계'!C35 -> 0 | H36: ='1.지출통계'!D35 -> 0 | I36: ='1.지출통계'!E35 -> 0 | J36: ='1.지출통계'!F35 -> 0 | K36: ='1.지출통계'!G35 -> 0 | L36: ='1.지출통계'!H35 -> 0 | M36: ='1.지출통계'!I35 -> 0 | N36: ='1.지출통계'!J35 -> 0 | ... R36: ='1.지출통계'!N35 -> 0
B37: 보호구·안전용품 | C37: ='2.예산입력'!C36 -> 0 | D37: ='1.지출통계'!O36 -> 0 | E37: =C37-D37 -> 0 | F37: =IF(C37=0,"-",TEXT(D37/C37,"0.0%")) -> - | G37: ='1.지출통계'!C36 -> 0 | H37: ='1.지출통계'!D36 -> 0 | I37: ='1.지출통계'!E36 -> 0 | J37: ='1.지출통계'!F36 -> 0 | K37: ='1.지출통계'!G36 -> 0 | L37: ='1.지출통계'!H36 -> 0 | M37: ='1.지출통계'!I36 -> 0 | N37: ='1.지출통계'!J36 -> 0 | ... R37: ='1.지출통계'!N36 -> 0
B38: 안전진단비 | C38: ='2.예산입력'!C37 -> 0 | D38: ='1.지출통계'!O37 -> 0 | E38: =C38-D38 -> 0 | F38: =IF(C38=0,"-",TEXT(D38/C38,"0.0%")) -> - | G38: ='1.지출통계'!C37 -> 0 | H38: ='1.지출통계'!D37 -> 0 | I38: ='1.지출통계'!E37 -> 0 | J38: ='1.지출통계'!F37 -> 0 | K38: ='1.지출통계'!G37 -> 0 | L38: ='1.지출통계'!H37 -> 0 | M38: ='1.지출통계'!I37 -> 0 | N38: ='1.지출통계'!J37 -> 0 | ... R38: ='1.지출통계'!N37 -> 0
B39: 안전보건교육비·행사비 등 | C39: ='2.예산입력'!C38 -> 0 | D39: ='1.지출통계'!O38 -> 0 | E39: =C39-D39 -> 0 | F39: =IF(C39=0,"-",TEXT(D39/C39,"0.0%")) -> - | G39: ='1.지출통계'!C38 -> 0 | H39: ='1.지출통계'!D38 -> 0 | I39: ='1.지출통계'!E38 -> 0 | J39: ='1.지출통계'!F38 -> 0 | K39: ='1.지출통계'!G38 -> 0 | L39: ='1.지출통계'!H38 -> 0 | M39: ='1.지출통계'!I38 -> 0 | N39: ='1.지출통계'!J38 -> 0 | ... R39: ='1.지출통계'!N38 -> 0
B40: 근로자 건강관리비 등 | C40: ='2.예산입력'!C39 -> 0 | D40: ='1.지출통계'!O39 -> 0 | E40: =C40-D40 -> 0 | F40: =IF(C40=0,"-",TEXT(D40/C40,"0.0%")) -> - | G40: ='1.지출통계'!C39 -> 0 | H40: ='1.지출통계'!D39 -> 0 | I40: ='1.지출통계'!E39 -> 0 | J40: ='1.지출통계'!F39 -> 0 | K40: ='1.지출통계'!G39 -> 0 | L40: ='1.지출통계'!H39 -> 0 | M40: ='1.지출통계'!I39 -> 0 | N40: ='1.지출통계'!J39 -> 0 | ... R40: ='1.지출통계'!N39 -> 0
B41: 건설재해예방 기술지도비 | C41: ='2.예산입력'!C40 -> 0 | D41: ='1.지출통계'!O40 -> 0 | E41: =C41-D41 -> 0 | F41: =IF(C41=0,"-",TEXT(D41/C41,"0.0%")) -> - | G41: ='1.지출통계'!C40 -> 0 | H41: ='1.지출통계'!D40 -> 0 | I41: ='1.지출통계'!E40 -> 0 | J41: ='1.지출통계'!F40 -> 0 | K41: ='1.지출통계'!G40 -> 0 | L41: ='1.지출통계'!H40 -> 0 | M41: ='1.지출통계'!I40 -> 0 | N41: ='1.지출통계'!J40 -> 0 | ... R41: ='1.지출통계'!N40 -> 0
B42: 기타 | C42: ='2.예산입력'!C41 -> 0 | D42: ='1.지출통계'!O41 -> 0 | E42: =C42-D42 -> 0 | F42: =IF(C42=0,"-",TEXT(D42/C42,"0.0%")) -> - | G42: ='1.지출통계'!C41 -> 0 | H42: ='1.지출통계'!D41 -> 0 | I42: ='1.지출통계'!E41 -> 0 | J42: ='1.지출통계'!F41 -> 0 | K42: ='1.지출통계'!G41 -> 0 | L42: ='1.지출통계'!H41 -> 0 | M42: ='1.지출통계'!I41 -> 0 | N42: ='1.지출통계'!J41 -> 0 | ... R42: ='1.지출통계'!N41 -> 0
B43: 산보위·위험성평가 안건 | C43: ='2.예산입력'!C42 -> 0 | D43: ='1.지출통계'!O42 -> 0 | E43: =C43-D43 -> 0 | F43: =IF(C43=0,"-",TEXT(D43/C43,"0.0%")) -> - | G43: ='1.지출통계'!C42 -> 0 | H43: ='1.지출통계'!D42 -> 0 | I43: ='1.지출통계'!E42 -> 0 | J43: ='1.지출통계'!F42 -> 0 | K43: ='1.지출통계'!G42 -> 0 | L43: ='1.지출통계'!H42 -> 0 | M43: ='1.지출통계'!I42 -> 0 | N43: ='1.지출통계'!J42 -> 0 | ... R43: ='1.지출통계'!N42 -> 0
A44: 부산본부 소계 | C44: ='2.예산입력'!C43 -> 0 | D44: ='1.지출통계'!O43 -> 0 | E44: =C44-D44 -> 0 | F44: =IF(C44=0,"-",TEXT(D44/C44,"0.0%")) -> - | G44: ='1.지출통계'!C43 -> 0 | H44: ='1.지출통계'!D43 -> 0 | I44: ='1.지출통계'!E43 -> 0 | J44: ='1.지출통계'!F43 -> 0 | K44: ='1.지출통계'!G43 -> 0 | L44: ='1.지출통계'!H43 -> 0 | M44: ='1.지출통계'!I43 -> 0 | N44: ='1.지출통계'!J43 -> 0 | ... R44: ='1.지출통계'!N43 -> 0
A45: 대구본부 | B45: 안전관리자 등 인건비 | C45: ='2.예산입력'!C44 -> 0 | D45: ='1.지출통계'!O44 -> 14421000 | E45: =C45-D45 -> -14421000 | F45: =IF(C45=0,"-",TEXT(D45/C45,"0.0%")) -> - | G45: ='1.지출통계'!C44 -> 2633400 | H45: ='1.지출통계'!D44 -> 2633400 | I45: ='1.지출통계'!E44 -> 2633400 | J45: ='1.지출통계'!F44 -> 2633400 | K45: ='1.지출통계'!G44 -> 2633400 | L45: ='1.지출통계'!H44 -> 1254000 | M45: ='1.지출통계'!I44 -> 0 | N45: ='1.지출통계'!J44 -> 0 | ... R45: ='1.지출통계'!N44 -> 0
B46: 안전시설비 | C46: ='2.예산입력'!C45 -> 0 | D46: ='1.지출통계'!O45 -> 0 | E46: =C46-D46 -> 0 | F46: =IF(C46=0,"-",TEXT(D46/C46,"0.0%")) -> - | G46: ='1.지출통계'!C45 -> 0 | H46: ='1.지출통계'!D45 -> 0 | I46: ='1.지출통계'!E45 -> 0 | J46: ='1.지출통계'!F45 -> 0 | K46: ='1.지출통계'!G45 -> 0 | L46: ='1.지출통계'!H45 -> 0 | M46: ='1.지출통계'!I45 -> 0 | N46: ='1.지출통계'!J45 -> 0 | ... R46: ='1.지출통계'!N45 -> 0
B47: 보호구·안전용품 | C47: ='2.예산입력'!C46 -> 40000000 | D47: ='1.지출통계'!O46 -> 5839540 | E47: =C47-D47 -> 34160460 | F47: =IF(C47=0,"-",TEXT(D47/C47,"0.0%")) -> 14.6% | G47: ='1.지출통계'!C46 -> 0 | H47: ='1.지출통계'!D46 -> 2430000 | I47: ='1.지출통계'!E46 -> 383240 | J47: ='1.지출통계'!F46 -> 741100 | K47: ='1.지출통계'!G46 -> 775000 | L47: ='1.지출통계'!H46 -> 1510200 | M47: ='1.지출통계'!I46 -> 0 | N47: ='1.지출통계'!J46 -> 0 | ... R47: ='1.지출통계'!N46 -> 0
B48: 안전진단비 | C48: ='2.예산입력'!C47 -> 0 | D48: ='1.지출통계'!O47 -> 0 | E48: =C48-D48 -> 0 | F48: =IF(C48=0,"-",TEXT(D48/C48,"0.0%")) -> - | G48: ='1.지출통계'!C47 -> 0 | H48: ='1.지출통계'!D47 -> 0 | I48: ='1.지출통계'!E47 -> 0 | J48: ='1.지출통계'!F47 -> 0 | K48: ='1.지출통계'!G47 -> 0 | L48: ='1.지출통계'!H47 -> 0 | M48: ='1.지출통계'!I47 -> 0 | N48: ='1.지출통계'!J47 -> 0 | ... R48: ='1.지출통계'!N47 -> 0
B49: 안전보건교육비·행사비 등 | C49: ='2.예산입력'!C48 -> 0 | D49: ='1.지출통계'!O48 -> 540000 | E49: =C49-D49 -> -540000 | F49: =IF(C49=0,"-",TEXT(D49/C49,"0.0%")) -> - | G49: ='1.지출통계'!C48 -> 0 | H49: ='1.지출통계'!D48 -> 0 | I49: ='1.지출통계'!E48 -> 120000 | J49: ='1.지출통계'!F48 -> 150000 | K49: ='1.지출통계'!G48 -> 270000 | L49: ='1.지출통계'!H48 -> 0 | M49: ='1.지출통계'!I48 -> 0 | N49: ='1.지출통계'!J48 -> 0 | ... R49: ='1.지출통계'!N48 -> 0
B50: 근로자 건강관리비 등 | C50: ='2.예산입력'!C49 -> 0 | D50: ='1.지출통계'!O49 -> 0 | E50: =C50-D50 -> 0 | F50: =IF(C50=0,"-",TEXT(D50/C50,"0.0%")) -> - | G50: ='1.지출통계'!C49 -> 0 | H50: ='1.지출통계'!D49 -> 0 | I50: ='1.지출통계'!E49 -> 0 | J50: ='1.지출통계'!F49 -> 0 | K50: ='1.지출통계'!G49 -> 0 | L50: ='1.지출통계'!H49 -> 0 | M50: ='1.지출통계'!I49 -> 0 | N50: ='1.지출통계'!J49 -> 0 | ... R50: ='1.지출통계'!N49 -> 0
B51: 건설재해예방 기술지도비 | C51: ='2.예산입력'!C50 -> 0 | D51: ='1.지출통계'!O50 -> 0 | E51: =C51-D51 -> 0 | F51: =IF(C51=0,"-",TEXT(D51/C51,"0.0%")) -> - | G51: ='1.지출통계'!C50 -> 0 | H51: ='1.지출통계'!D50 -> 0 | I51: ='1.지출통계'!E50 -> 0 | J51: ='1.지출통계'!F50 -> 0 | K51: ='1.지출통계'!G50 -> 0 | L51: ='1.지출통계'!H50 -> 0 | M51: ='1.지출통계'!I50 -> 0 | N51: ='1.지출통계'!J50 -> 0 | ... R51: ='1.지출통계'!N50 -> 0
B52: 기타 | C52: ='2.예산입력'!C51 -> 0 | D52: ='1.지출통계'!O51 -> 0 | E52: =C52-D52 -> 0 | F52: =IF(C52=0,"-",TEXT(D52/C52,"0.0%")) -> - | G52: ='1.지출통계'!C51 -> 0 | H52: ='1.지출통계'!D51 -> 0 | I52: ='1.지출통계'!E51 -> 0 | J52: ='1.지출통계'!F51 -> 0 | K52: ='1.지출통계'!G51 -> 0 | L52: ='1.지출통계'!H51 -> 0 | M52: ='1.지출통계'!I51 -> 0 | N52: ='1.지출통계'!J51 -> 0 | ... R52: ='1.지출통계'!N51 -> 0
B53: 산보위·위험성평가 안건 | C53: ='2.예산입력'!C52 -> 0 | D53: ='1.지출통계'!O52 -> 3682800 | E53: =C53-D53 -> -3682800 | F53: =IF(C53=0,"-",TEXT(D53/C53,"0.0%")) -> - | G53: ='1.지출통계'!C52 -> 0 | H53: ='1.지출통계'!D52 -> 0 | I53: ='1.지출통계'!E52 -> 0 | J53: ='1.지출통계'!F52 -> 3682800 | K53: ='1.지출통계'!G52 -> 0 | L53: ='1.지출통계'!H52 -> 0 | M53: ='1.지출통계'!I52 -> 0 | N53: ='1.지출통계'!J52 -> 0 | ... R53: ='1.지출통계'!N52 -> 0
A54: 대구본부 소계 | C54: ='2.예산입력'!C53 -> 40000000 | D54: ='1.지출통계'!O53 -> 24483340 | E54: =C54-D54 -> 15516660 | F54: =IF(C54=0,"-",TEXT(D54/C54,"0.0%")) -> 61.2% | G54: ='1.지출통계'!C53 -> 2633400 | H54: ='1.지출통계'!D53 -> 5063400 | I54: ='1.지출통계'!E53 -> 3136640 | J54: ='1.지출통계'!F53 -> 7207300 | K54: ='1.지출통계'!G53 -> 3678400 | L54: ='1.지출통계'!H53 -> 2764200 | M54: ='1.지출통계'!I53 -> 0 | N54: ='1.지출통계'!J53 -> 0 | ... R54: ='1.지출통계'!N53 -> 0
A55: 🏢 전사 합계 | C55: ='2.예산입력'!C54 -> 40000000 | D55: ='1.지출통계'!O54 -> 24483340 | E55: =C55-D55 -> 15516660 | F55: =IF(C55=0,"-",TEXT(D55/C55,"0.0%")) -> 61.2% | G55: ='1.지출통계'!C54 -> 2633400 | H55: ='1.지출통계'!D54 -> 5063400 | I55: ='1.지출통계'!E54 -> 3136640 | J55: ='1.지출통계'!F54 -> 7207300 | K55: ='1.지출통계'!G54 -> 3678400 | L55: ='1.지출통계'!H54 -> 2764200 | M55: ='1.지출통계'!I54 -> 0 | N55: ='1.지출통계'!J54 -> 0 | ... R55: ='1.지출통계'!N54 -> 0

Sheet 전사_예산대비요약
A1: ■ 전사 예산 대비 지출 요약
A2: ▶ [예산입력] · [지출통계] 시트 자동 연동 | 예산 입력 즉시 반영
A3: ① 본부별 예산 대비 지출
A4: 본부 | B4: 연간 예산 | C4: 누계 지출 | D4: 잔액 | E4: 집행률(%) | F4: 집행현황
A5: 본사 | B5: ='3.예산대비_지출통계'!C14 -> 0 | C5: ='3.예산대비_지출통계'!D14 -> 0 | D5: =B5-C5 -> 0 | E5: =IF(B5=0,"-",TEXT(C5/B5,"0.0%")) -> - | F5: =IF(B5=0,"예산 미입력",REPT("■",ROUND(IF(B5=0,0,C5/B5)*20,0))&" "&IF(B5=0,"-",TEXT(C5/B5,"0%"))) -> 예산 미입력
A6: 충청본부 | B6: ='3.예산대비_지출통계'!C24 -> 0 | C6: ='3.예산대비_지출통계'!D24 -> 0 | D6: =B6-C6 -> 0 | E6: =IF(B6=0,"-",TEXT(C6/B6,"0.0%")) -> - | F6: =IF(B6=0,"예산 미입력",REPT("■",ROUND(IF(B6=0,0,C6/B6)*20,0))&" "&IF(B6=0,"-",TEXT(C6/B6,"0%"))) -> 예산 미입력
A7: 호남본부 | B7: ='3.예산대비_지출통계'!C34 -> 0 | C7: ='3.예산대비_지출통계'!D34 -> 0 | D7: =B7-C7 -> 0 | E7: =IF(B7=0,"-",TEXT(C7/B7,"0.0%")) -> - | F7: =IF(B7=0,"예산 미입력",REPT("■",ROUND(IF(B7=0,0,C7/B7)*20,0))&" "&IF(B7=0,"-",TEXT(C7/B7,"0%"))) -> 예산 미입력
A8: 부산본부 | B8: ='3.예산대비_지출통계'!C44 -> 0 | C8: ='3.예산대비_지출통계'!D44 -> 0 | D8: =B8-C8 -> 0 | E8: =IF(B8=0,"-",TEXT(C8/B8,"0.0%")) -> - | F8: =IF(B8=0,"예산 미입력",REPT("■",ROUND(IF(B8=0,0,C8/B8)*20,0))&" "&IF(B8=0,"-",TEXT(C8/B8,"0%"))) -> 예산 미입력
A9: 대구본부 | B9: ='3.예산대비_지출통계'!C54 -> 40000000 | C9: ='3.예산대비_지출통계'!D54 -> 24483340 | D9: =B9-C9 -> 15516660 | E9: =IF(B9=0,"-",TEXT(C9/B9,"0.0%")) -> 61.2% | F9: =IF(B9=0,"예산 미입력",REPT("■",ROUND(IF(B9=0,0,C9/B9)*20,0))&" "&IF(B9=0,"-",TEXT(C9/B9,"0%"))) -> ■■■■■■■■■■■■ 61%
A10: 🏢 전사 합계 | B10: =SUM(B5:B9) -> 40000000 | C10: =SUM(C5:C9) -> 24483340 | D10: =B10-C10 -> 15516660 | E10: =IF(B10=0,"-",TEXT(C10/B10,"0.0%")) -> 61.2% | F10: =IF(B10=0,"예산 미입력",REPT("■",ROUND(IF(B10=0,0,C10/B10)*20,0))&" "&IF(B10=0,"-",TEXT(C10/B10,"0%"))) -> ■■■■■■■■■■■■ 61%
A12: ② 항목별 전사 예산 대비 지출
A13: 항목 | B13: 연간 예산 합계 | C13: 누계 지출 합계 | D13: 잔액 | E13: 집행률(%) | F13: 집행현황
A14: 안전관리자 등 인건비 | B14: ='2.예산입력'!C4+'2.예산입력'!C14+'2.예산입력'!C24+'2.예산입력'!C34+'2.예산입력'!C44 -> 0 | C14: ='1.지출통계'!O4+'1.지출통계'!O14+'1.지출통계'!O24+'1.지출통계'!O34+'1.지출통계'!O44 -> 14421000 | D14: =B14-C14 -> -14421000 | E14: =IF(B14=0,"-",TEXT(C14/B14,"0.0%")) -> - | F14: =IF(B14=0,"예산 미입력",REPT("■",ROUND(IF(B14=0,0,C14/B14)*20,0))&" "&IF(B14=0,"-",TEXT(C14/B14,"0%"))) -> 예산 미입력
A15: 안전시설비 | B15: ='2.예산입력'!C5+'2.예산입력'!C15+'2.예산입력'!C25+'2.예산입력'!C35+'2.예산입력'!C45 -> 0 | C15: ='1.지출통계'!O5+'1.지출통계'!O15+'1.지출통계'!O25+'1.지출통계'!O35+'1.지출통계'!O45 -> 0 | D15: =B15-C15 -> 0 | E15: =IF(B15=0,"-",TEXT(C15/B15,"0.0%")) -> - | F15: =IF(B15=0,"예산 미입력",REPT("■",ROUND(IF(B15=0,0,C15/B15)*20,0))&" "&IF(B15=0,"-",TEXT(C15/B15,"0%"))) -> 예산 미입력
A16: 보호구·안전용품 | B16: ='2.예산입력'!C6+'2.예산입력'!C16+'2.예산입력'!C26+'2.예산입력'!C36+'2.예산입력'!C46 -> 40000000 | C16: ='1.지출통계'!O6+'1.지출통계'!O16+'1.지출통계'!O26+'1.지출통계'!O36+'1.지출통계'!O46 -> 5839540 | D16: =B16-C16 -> 34160460 | E16: =IF(B16=0,"-",TEXT(C16/B16,"0.0%")) -> 14.6% | F16: =IF(B16=0,"예산 미입력",REPT("■",ROUND(IF(B16=0,0,C16/B16)*20,0))&" "&IF(B16=0,"-",TEXT(C16/B16,"0%"))) -> ■■■ 15%
A17: 안전진단비 | B17: ='2.예산입력'!C7+'2.예산입력'!C17+'2.예산입력'!C27+'2.예산입력'!C37+'2.예산입력'!C47 -> 0 | C17: ='1.지출통계'!O7+'1.지출통계'!O17+'1.지출통계'!O27+'1.지출통계'!O37+'1.지출통계'!O47 -> 0 | D17: =B17-C17 -> 0 | E17: =IF(B17=0,"-",TEXT(C17/B17,"0.0%")) -> - | F17: =IF(B17=0,"예산 미입력",REPT("■",ROUND(IF(B17=0,0,C17/B17)*20,0))&" "&IF(B17=0,"-",TEXT(C17/B17,"0%"))) -> 예산 미입력
A18: 안전보건교육비·행사비 등 | B18: ='2.예산입력'!C8+'2.예산입력'!C18+'2.예산입력'!C28+'2.예산입력'!C38+'2.예산입력'!C48 -> 0 | C18: ='1.지출통계'!O8+'1.지출통계'!O18+'1.지출통계'!O28+'1.지출통계'!O38+'1.지출통계'!O48 -> 540000 | D18: =B18-C18 -> -540000 | E18: =IF(B18=0,"-",TEXT(C18/B18,"0.0%")) -> - | F18: =IF(B18=0,"예산 미입력",REPT("■",ROUND(IF(B18=0,0,C18/B18)*20,0))&" "&IF(B18=0,"-",TEXT(C18/B18,"0%"))) -> 예산 미입력
A19: 근로자 건강관리비 등 | B19: ='2.예산입력'!C9+'2.예산입력'!C19+'2.예산입력'!C29+'2.예산입력'!C39+'2.예산입력'!C49 -> 0 | C19: ='1.지출통계'!O9+'1.지출통계'!O19+'1.지출통계'!O29+'1.지출통계'!O39+'1.지출통계'!O49 -> 0 | D19: =B19-C19 -> 0 | E19: =IF(B19=0,"-",TEXT(C19/B19,"0.0%")) -> - | F19: =IF(B19=0,"예산 미입력",REPT("■",ROUND(IF(B19=0,0,C19/B19)*20,0))&" "&IF(B19=0,"-",TEXT(C19/B19,"0%"))) -> 예산 미입력
A20: 건설재해예방 기술지도비 | B20: ='2.예산입력'!C10+'2.예산입력'!C20+'2.예산입력'!C30+'2.예산입력'!C40+'2.예산입력'!C50 -> 5 | C20: ='1.지출통계'!O10+'1.지출통계'!O20+'1.지출통계'!O30+'1.지출통계'!O40+'1.지출통계'!O50 -> 0 | D20: =B20-C20 -> 5 | E20: =IF(B20=0,"-",TEXT(C20/B20,"0.0%")) -> 0.0% | F20: =IF(B20=0,"예산 미입력",REPT("■",ROUND(IF(B20=0,0,C20/B20)*20,0))&" "&IF(B20=0,"-",TEXT(C20/B20,"0%"))) -> 0%
A21: 기타 | B21: ='2.예산입력'!C11+'2.예산입력'!C21+'2.예산입력'!C31+'2.예산입력'!C41+'2.예산입력'!C51 -> 0 | C21: ='1.지출통계'!O11+'1.지출통계'!O21+'1.지출통계'!O31+'1.지출통계'!O41+'1.지출통계'!O51 -> 0 | D21: =B21-C21 -> 0 | E21: =IF(B21=0,"-",TEXT(C21/B21,"0.0%")) -> - | F21: =IF(B21=0,"예산 미입력",REPT("■",ROUND(IF(B21=0,0,C21/B21)*20,0))&" "&IF(B21=0,"-",TEXT(C21/B21,"0%"))) -> 예산 미입력
A22: 산보위·위험성평가 안건 | B22: ='2.예산입력'!C12+'2.예산입력'!C22+'2.예산입력'!C32+'2.예산입력'!C42+'2.예산입력'!C52 -> 0 | C22: ='1.지출통계'!O12+'1.지출통계'!O22+'1.지출통계'!O32+'1.지출통계'!O42+'1.지출통계'!O52 -> 3682800 | D22: =B22-C22 -> -3682800 | E22: =IF(B22=0,"-",TEXT(C22/B22,"0.0%")) -> - | F22: =IF(B22=0,"예산 미입력",REPT("■",ROUND(IF(B22=0,0,C22/B22)*20,0))&" "&IF(B22=0,"-",TEXT(C22/B22,"0%"))) -> 예산 미입력
A23: 전체 합계 | B23: =SUM(B14:B22) -> 40000005 | C23: =SUM(C14:C22) -> 24483340 | D23: =B23-C23 -> 15516665 | E23: =IF(B23=0,"-",TEXT(C23/B23,"0.0%")) -> 61.2%

Sheet 사용내역
B1: ■산업안전보건관리비 사용내역(6.1일 기준)
B2: No | C2: 본부 | D2: 지급일자 | E2: 월 | F2: 항목명 | G2: 세부항목 / 품목명 | H2: 금액 (원) | I2: 적정 여부 | J2: 위험성평가·산보위 반영여부 | K2: 위험성평가·산보위 의결 내용 | L2: 비고 | M2: 관련 문서번호(증빙)
B3: =ROW()-2 -> 1 | C3: 대구 | D3: 46045 | E3: =MONTH(D3) -> 1 | F3: 안전관리자 등 인건비 | G3: 안전관리자 대행료 | H3: 1379400 | M3: 지출결의서(현금)-대구현장경영팀-26-0018
B4: =ROW()-2 -> 2 | C4: 대구 | D4: 46063 | E4: =MONTH(D4) -> 2 | F4: 안전관리자 등 인건비 | G4: 안전관리자 대행료 | H4: 1379400 | M4: 지출결의서(현금)-대구현장경영팀-26-0037
B5: =ROW()-2 -> 3 | C5: 대구 | D5: 46091 | E5: =MONTH(D5) -> 3 | F5: 안전관리자 등 인건비 | G5: 안전관리자 대행료 | H5: 1379400 | M5: 지출결의서(현금)-대구현장경영팀-26-0055
B6: =ROW()-2 -> 4 | C6: 대구 | D6: 46122 | E6: =MONTH(D6) -> 4 | F6: 안전관리자 등 인건비 | G6: 안전관리자 대행료 | H6: 1379400 | M6: 지출결의서(현금)-대구현장경영팀-26-0055
B7: =ROW()-2 -> 5 | C7: 대구 | D7: 46164 | E7: =MONTH(D7) -> 5 | F7: 안전관리자 등 인건비 | G7: 안전관리자 대행료 | H7: 1379400 | M7: 지출결의서(현금)-대구현장경영팀-26-0112
B8: =ROW()-2 -> 6 | C8: 대구 | D8: 46031 | E8: =MONTH(D8) -> 1 | F8: 안전관리자 등 인건비 | G8: 보건관리자 대행료 | H8: 1254000 | M8: 지출결의서(현금)-대구현장경영팀-26-0013
B9: =ROW()-2 -> 7 | C9: 대구 | D9: 46063 | E9: =MONTH(D9) -> 2 | F9: 안전관리자 등 인건비 | G9: 보건관리자 대행료 | H9: 1254000 | M9: 지출결의서(현금)-대구현장경영팀-26-0036
B10: =ROW()-2 -> 8 | C10: 대구 | D10: 46091 | E10: =MONTH(D10) -> 3 | F10: 안전관리자 등 인건비 | G10: 보건관리자 대행료 | H10: 1254000 | M10: 지출결의서(현금)-대구현장경영팀-26-0056
B11: =ROW()-2 -> 9 | C11: 대구 | D11: 46122 | E11: =MONTH(D11) -> 4 | F11: 안전관리자 등 인건비 | G11: 보건관리자 대행료 | H11: 1254000 | M11: 지출결의서(현금)-대구현장경영팀-26-0079
B12: =ROW()-2 -> 10 | C12: 대구 | D12: 46164 | E12: =MONTH(D12) -> 5 | F12: 안전관리자 등 인건비 | G12: 보건관리자 대행료 | H12: 1254000 | M12: 지출결의서(현금)-대구현장경영팀-26-0111
B13: =ROW()-2 -> 11 | C13: 대구 | D13: 46183 | E13: =MONTH(D13) -> 6 | F13: 안전관리자 등 인건비 | G13: 보건관리자 대행료 | H13: 1254000 | M13: 지출결의서(현금)-대구현장경영팀-26-0139
B14: =ROW()-2 -> 12 | C14: 대구 | D14: 46174 | E14: =MONTH(D14) -> 6 | F14: 보호구·안전용품 | G14: 6월 살충제 106개 | H14: 540600 | M14: 구매결의서-대구현장경영팀-26-0019
... B18: =ROW()-2 -> 16 | C18: 대구 | D18: 46149 | E18: =MONTH(D18) -> 5 | F18: 보호구·안전용품 | G18: 위험 전기작업중 75*145 PC2T 비너부착 200개 | H18: 600000 | M18: 구매결의서-대구현장경영팀-26-0016
B19: =ROW()-2 -> 17 | C19: 대구 | D19: 46142 | E19: =MONTH(D19) -> 4 | F19: 산보위·위험성평가 안건 | G19: 5월 생수 221개 | H19: 1060800 | J19: 2분기 산보위 반영 | K19: 2분기 산보위 의결진행 | L19: 5월 생수 | M19: 구매결의서-대구현장경영팀-26-0015
B20: =ROW()-2 -> 18 | C20: 대구 | D20: 46141 | E20: =MONTH(D20) -> 4 | F20: 보호구·안전용품 | G20: 음주측정기(AL5500) 1개 | H20: 71000 | M20: 구매결의서-대구현장경영팀-26-0014
B21: =ROW()-2 -> 19 | C21: 대구 | D21: 46133 | E21: =MONTH(D21) -> 4 | F21: 보호구·안전용품 | G21: 안전화 / 블랙야크 고어텍스 안전화 YAK-603 1개 | H21: 104000 | M21: 구매결의서-대구현장경영팀-26-0012
B22: =ROW()-2 -> 20 | C22: 대구 | D22: 46126 | E22: =MONTH(D22) -> 4 | F22: 산보위·위험성평가 안건 | G22: 핸드폰거치대(QC-6) 114개 | H22: 2622000 | J22: 1분기 산보위 반영 | K22: 1분기 산보위 의결진행 | L22: 핸드폰 거치대 | M22: 구매결의서-대구현장경영팀-26-0011
B23: =ROW()-2 -> 21 | C23: 대구 | D23: 46125 | E23: =MONTH(D23) -> 4 | F23: 보호구·안전용품 | G23: 살충제 / 컴배트 스피드 에어졸(바퀴용) 111개 | H23: 566100 | M23: 구매결의서-대구현장경영팀-26-0010
B24: =ROW()-2 -> 22 | C24: 대구 | D24: 46112 | E24: =MONTH(D24) -> 3 | F24: 보호구·안전용품 | G24: 활선경보기 / DA-3505 1개 | H24: 29000 | M24: 구매결의서-대구현장경영팀-26-0008
B25: =ROW()-2 -> 23 | C25: 대구 | D25: 46112 | E25: =MONTH(D25) -> 3 | F25: 보호구·안전용품 | G25: 안전화(블랙야크 YAK-4000G 경량) 1개 | H25: 158000 | M25: 구매결의서-대구현장경영팀-26-0008
B26: =ROW()-2 -> 24 | C26: 대구 | D26: 46104 | E26: =MONTH(D26) -> 3 | F26: 보호구·안전용품 | G26: 안전운전 스티커 | H26: 135000 | M26: 기안서-대구현장경영팀-26-0019
B27: =ROW()-2 -> 25 | C27: 대구 | D27: 46097 | E27: =MONTH(D27) -> 3 | F27: 보호구·안전용품 | G27: 차량고임목 / 버팀목(1t이상) 4개 | H27: 37600 | M27: 구매결의서-대구현장경영팀-26-0005
B28: =ROW()-2 -> 26 | C28: 대구 | D28: 46097 | E28: =MONTH(D28) -> 3 | F28: 보호구·안전용품 | G28: 차량고임목 4개 | H28: 23640 | M28: 구매결의서-대구현장경영팀-26-0005
B29: =ROW()-2 -> 27 | C29: 대구 | D29: 46077 | E29: =MONTH(D29) -> 2 | F29: 보호구·안전용품 | G29: 안전현황판-PE소형 90개 | H29: 2430000 | M29: 구매결의서-대구현장경영팀-26-0003
B30: 26 | C30: 대구 | D30: 46171 | E30: =IF(D30="","",MONTH(D30)) -> 5 | F30: 안전보건교육비·행사비 등 | G30: 4월 재량보상 | H30: 270000 | M30: 지출결의서(현금)-대구현장경영팀-26-0122
B31: 26 | C31: 대구 | D31: 46127 | E31: =IF(D31="","",MONTH(D31)) -> 4 | F31: 안전보건교육비·행사비 등 | G31: 3월 재량보상 | H31: 150000 | M31: 지출결의서(현금)-대구현장경영팀-26-0087
B32: 26 | C32: 대구 | D32: 46112 | E32: =IF(D32="","",MONTH(D32)) -> 3 | F32: 안전보건교육비·행사비 등 | G32: 2월 재량보상 | H32: 120000 | M32: 지출결의서(현금)-대구현장경영팀-26-0065
E33: =IF(D33="","",MONTH(D33))
E34: =IF(D34="","",MONTH(D34))
E35: =IF(D35="","",MONTH(D35))
E36: =IF(D36="","",MONTH(D36))
E37: =IF(D37="","",MONTH(D37))
E38: =IF(D38="","",MONTH(D38))
E39: =IF(D39="","",MONTH(D39))

Sheet 드롭다운 목록
A1: 본부 | B1: 항목명
A2: 본사 | B2: 안전관리자 등 인건비
A3: 충청본부 | B3: 안전시설비
A4: 호남본부 | B4: 보호구·안전용품
A5: 부산본부 | B5: 안전진단비
A6: 대구본부 | B6: 안전보건교육비·행사비 등
B7: 근로자 건강관리비 등
B8: 건설재해예방 기술지도비
B9: 기타
B10: 산보위·위험성평가 안건
