Workbook

Sheet 대구본부(F)
A1: 대구본부 업무용 차량 유류비 사용 추이
A4: 유가정보 | B4: 유종별 평균가격 | C4: 1월 | D4: 2월 | E4: 3월 | F4: 4월 | G4: 5월 | H4: 6월 | I4: 7월 | J4: 8월 | K4: 9월 | L4: 10월 | M4: 11월 | N4: 12월 | O4: 비고
B5: 24년 휘발유 평균가격 | C5: 1569.25 | D5: 1614.51 | E5: 1639.1 | F5: 1687.79 | G5: 1697.47 | H5: 1657.37 | I5: 1707.13 | J5: 1691.28 | K5: 1622.2 | L5: 1591.34 | M5: 1628.29 | N5: 1653.64
B6: 25년 휘발유 평균가격 | C6: 1708.528 | D6: 1728.2596 | E6: 1688.9252 | F6: 1646.69 | G6: 1636.4429 | H6: 1642.084 | I6: 1667.5768 | J6: 1665.9094 | K6: - | L6: - | M6: - | N6: -
B7: 전년대비 증감비용 | C7: =C6-C5 -> 139.278 | D7: =D6-D5 -> 113.74964 | E7: =E6-E5 -> 49.825161 | F7: =F6-F5 -> -41.1 | G7: =G6-G5 -> -61.027097 | H7: =H6-H5 -> -15.286 | I7: =I6-I5 -> -39.553226 | J7: =J6-J5 -> -25.370645 | ... M7: =M6-M5 -> #VALUE! | N7: -
B8: 24년 경유 평균가격 | C8: 1480.07 | D8: 1517.75 | E8: 1538.97 | F8: 1557.77 | G8: 1539.59 | H8: 1487.36 | I8: 1542.46 | J8: 1528.85 | K8: 1458.22 | L8: 1421.44 | M8: 1461.04 | N8: 1497.25
B9: 25년 경유 평균가격 | C9: 1563.59 | D9: 1594.0139 | E9: 1555.0313 | F9: 1513.2103 | G9: 1502.1461 | H9: 1505.4363 | I9: 1531.5497 | J9: 1535.7429 | K9: - | L9: - | M9: - | N9: -
B10: 전년대비 증감비용 | C10: =C9-C8 -> 83.52 | D10: =D9-D8 -> 76.263929 | E10: =E9-E8 -> 16.06129 | F10: =F9-F8 -> -44.559667 | G10: =G9-G8 -> -37.443871 | H10: =H9-H8 -> 18.076333 | I10: =I9-I8 -> -10.910323 | J10: =J9-J8 -> 6.8929032 | ... M10: =M9-M8 -> #VALUE! | N10: -
A12: 유류비 추이 | B12: 유류비(원) | C12: 1월 | D12: 2월 | E12: 3월 | F12: 4월 | G12: 5월 | H12: 6월 | I12: 7월 | J12: 8월 | K12: 9월 | L12: 10월 | M12: 11월 | N12: 12월 | O12: 합계
B13: 24년 유류비 | C13: ='24년 1월'!M364 -> 26007285 | D13: ='24년 2월'!M361 -> 23750488 | E13: ='24년 3월'!M365 -> 25807555 | F13: ='24년 4월'!M359 -> 25479889 | G13: ='24년 5월'!M359 -> 26892799 | H13: ='24년 6월'!M356 -> 24934788 | I13: ='24년 7월'!M356 -> 31678997 | J13: ='24년 8월'!M381 -> 27914670 | K13: ='24년 9월'!M357 -> 22160555 | L13: ='24년 10월'!M357 -> 21949989 | M13: ='24년 11월'!M358 -> 20506508 | N13: ='24년 12월'!M357 -> 21911519 | O13: =SUM(C13:N13) -> 298995042
B14: 25년 유류비 | C14: =SUMIFS('25년 1월'!$M:$M,'25년 1월'!$C:$C,"대구본부") -> 20083108 | D14: =SUMIFS('25년 2월'!$M:$M,'25년 2월'!$C:$C,"대구본부") -> 24804772 | E14: =SUMIFS('25년 3월'!$M:$M,'25년 3월'!$C:$C,"대구본부") -> 25654882 | F14: =SUMIFS('25년 4월'!$M:$M,'25년 4월'!$C:$C,"대구본부") -> 26463113 | G14: =SUMIFS('25년 5월'!$M:$M,'25년 5월'!$C:$C,"대구본부") -> 22739833 | H14: =SUMIFS('25년 6월'!$M:$M,'25년 6월'!$C:$C,"대구본부") -> 24765125 | I14: =SUMIFS('25년 7월'!$M:$M,'25년 7월'!$C:$C,"대구본부") -> 37192081 | J14: =SUMIFS('25년 8월'!$M:$M,'25년 8월'!$C:$C,"대구본부") -> 33145274 | K14: =SUMIFS('25년 9월'!$M:$M,'25년 9월'!$C:$C,"대구본부") -> 33611150 | L14: =SUMIFS('25년 10월'!$M:$M,'25년 10월'!$C:$C,"대구본부") -> 28683813 | M14: =SUMIFS('25년 11월'!$M:$M,'25년 11월'!$C:$C,"대구본부") -> 27113280 | N14: =SUMIFS('25년 12월'!$M:$M,'25년 12월'!$C:$C,"대구본부") -> 28276434 | O14: =SUM(C14:N14) -> 332532865
B15: 전년대비 증감비용 | C15: =C13-C14 -> 5924177 | D15: =D13-D14 -> -1054284 | E15: =E13-E14 -> 152673 | F15: =F13-F14 -> -983224 | G15: =G13-G14 -> 4152966 | H15: =H13-H14 -> 169663 | I15: =I13-I14 -> -5513084 | J15: =J13-J14 -> -5230604 | ... N15: =N13-N14 -> -6364915 | O15: =SUM(C15:N15) -> -33537823
A17: 주행거리 추이 | B17: 총주행거리(km) | C17: 1월 | D17: 2월 | E17: 3월 | F17: 4월 | G17: 5월 | H17: 6월 | I17: 7월 | J17: 8월 | K17: 9월 | L17: 10월 | M17: 11월 | N17: 12월 | O17: 합계
B18: 24년 총주행거리 | C18: =SUMIFS('24년 1월'!$K:$K,'24년 1월'!$C:$C,"대구본부") -> 250386 | D18: =SUMIFS('24년 2월'!$K:$K,'24년 2월'!$C:$C,"대구본부") -> 222091 | E18: =SUMIFS('24년 3월'!$K:$K,'24년 3월'!$C:$C,"대구본부") -> 239023 | F18: =SUMIFS('24년 4월'!$K:$K,'24년 4월'!$C:$C,"대구본부") -> 241165 | G18: =SUMIFS('24년 5월'!$K:$K,'24년 5월'!$C:$C,"대구본부") -> 242634 | H18: =SUMIFS('24년 6월'!$K:$K,'24년 6월'!$C:$C,"대구본부") -> 222218 | I18: =SUMIFS('24년 7월'!$K:$K,'24년 7월'!$C:$C,"대구본부") -> 266937 | J18: =SUMIFS('24년 8월'!$K:$K,'24년 8월'!$C:$C,"대구본부") -> 233814 | K18: =SUMIFS('24년 9월'!$K:$K,'24년 9월'!$C:$C,"대구본부") -> 210131 | L18: =SUMIFS('24년 10월'!$K:$K,'24년 10월'!$C:$C,"대구본부") -> 221342 | M18: =SUMIFS('24년 11월'!$K:$K,'24년 11월'!$C:$C,"대구본부") -> 205845 | N18: =SUMIFS('24년 12월'!$K:$K,'24년 12월'!$C:$C,"대구본부") -> 197414 | O18: =SUM(C18:N18) -> 2753000
B19: 25년 총주행거리 | C19: =SUMIFS('25년 1월'!$K:$K,'25년 1월'!$C:$C,"대구본부") -> 181481 | D19: =SUMIFS('25년 2월'!$K:$K,'25년 2월'!$C:$C,"대구본부") -> 211941 | E19: =SUMIFS('25년 3월'!$K:$K,'25년 3월'!$C:$C,"대구본부") -> 247369 | F19: =SUMIFS('25년 4월'!$K:$K,'25년 4월'!$C:$C,"대구본부") -> 248953 | G19: =SUMIFS('25년 5월'!$K:$K,'25년 5월'!$C:$C,"대구본부") -> 219129 | H19: =SUMIFS('25년 6월'!$K:$K,'25년 6월'!$C:$C,"대구본부") -> 227896 | I19: =SUMIFS('25년 7월'!$K:$K,'25년 7월'!$C:$C,"대구본부") -> 273699 | J19: =SUMIFS('25년 8월'!$K:$K,'25년 8월'!$C:$C,"대구본부") -> 228192 | K19: =SUMIFS('25년 9월'!$K:$K,'25년 9월'!$C:$C,"대구본부") -> 251773 | L19: =SUMIFS('25년 10월'!$K:$K,'25년 10월'!$C:$C,"대구본부") -> 217816 | M19: =SUMIFS('25년 11월'!$K:$K,'25년 11월'!$C:$C,"대구본부") -> 208450 | N19: =SUMIFS('25년 12월'!$K:$K,'25년 12월'!$C:$C,"대구본부") -> 198276 | O19: =SUM(C19:N19) -> 2714975
B20: 전년대비 증감비용 | C20: =C18-C19 -> 68905 | D20: =D18-D19 -> 10150 | E20: =E18-E19 -> -8346 | F20: =F18-F19 -> -7788 | G20: =G18-G19 -> 23505 | H20: =H18-H19 -> -5678 | I20: =I18-I19 -> -6762 | J20: =J18-J19 -> 5622 | ... N20: =N18-N19 -> -862 | O20: =SUM(C20:N20) -> 38025

Sheet 운용팀별(F)
A1: 동대구운용팀 | AG1: 원인분석
A4: 구분 | B4: 24년 | E4: 25년
B5: 경유 유류비 | C5: 휘발유 유류비 | D5: EV 유류비 | E5: 경유 유류비 | F5: 휘발유 유류비 | G5: EV 유류비 | I5: 구분 | J5: 24년 유류비 | K5: 25년 유류비 | L5: 증감비용 | N5: 24년 주행거리 | O5: 25년 주행거리 | P5: 증감거리
A6: 1월 | B6: =SUMIFS('24년 1월'!$M:$M,'24년 1월'!$C:$C,"동대구운용팀",'24년 1월'!$I:$I,"경유") -> 2563000 | C6: =SUMIFS('24년 4월'!$M:$M,'24년 4월'!$C:$C,"동대구운용팀",'24년 4월'!$I:$I,"휘발유") -> 2002525 | D6: =SUMIFS('24년 4월'!$M:$M,'24년 4월'!$C:$C,"동대구운용팀",'24년 4월'!$I:$I,"EV") -> 0 | E6: =SUMIFS('25년 1월'!$M:$M,'25년 1월'!$C:$C,"동대구운용팀",'25년 1월'!$I:$I,"경유") -> 2694000 | F6: =SUMIFS('25년 4월'!$M:$M,'25년 4월'!$C:$C,"동대구운용팀",'25년 4월'!$I:$I,"휘발유") -> 3535671 | G6: =SUMIFS('25년 4월'!$M:$M,'25년 4월'!$C:$C,"동대구운용팀",'25년 4월'!$I:$I,"EV") -> 0 | I6: 1월 | J6: =B6+C6+D6 -> 4565525 | K6: =E6+F6+G6 -> 6229671 | L6: =K6-J6 -> 1664146 | N6: =SUMIFS('24년 4월'!$K:$K,'24년 4월'!$B:$B,"소계",'24년 4월'!$C:$C,"동대구운용팀") -> 46650 | O6: =SUMIFS('25년 4월'!$K:$K,'25년 4월'!$B:$B,"소계",'25년 4월'!$C:$C,"동대구운용팀") -> 49016 | P6: =O6-N6 -> 2366
A7: 2월 | B7: =SUMIFS('24년 2월'!$M:$M,'24년 2월'!$C:$C,"동대구운용팀",'24년 2월'!$I:$I,"경유") -> 2225000 | C7: =SUMIFS('24년 2월'!$M:$M,'24년 2월'!$C:$C,"동대구운용팀",'24년 2월'!$I:$I,"휘발유") -> 1688000 | D7: =SUMIFS('24년 2월'!$M:$M,'24년 2월'!$C:$C,"동대구운용팀",'24년 2월'!$I:$I,"EV") -> 0 | E7: =SUMIFS('25년 2월'!$M:$M,'25년 2월'!$C:$C,"동대구운용팀",'25년 2월'!$I:$I,"경유") -> 2808000 | F7: =SUMIFS('25년 2월'!$M:$M,'25년 2월'!$C:$C,"동대구운용팀",'25년 2월'!$I:$I,"휘발유") -> 3210933 | G7: =SUMIFS('25년 2월'!$M:$M,'25년 2월'!$C:$C,"동대구운용팀",'25년 2월'!$I:$I,"EV") -> 0 | I7: 2월 | J7: =B7+C7+D7 -> 3913000 | K7: =E7+F7+G7 -> 6018933 | L7: =K7-J7 -> 2105933 | N7: =SUMIFS('24년 2월'!$K:$K,'24년 2월'!$B:$B,"소계",'24년 2월'!$C:$C,"동대구운용팀") -> 40563 | O7: =SUMIFS('25년 2월'!$K:$K,'25년 2월'!$B:$B,"소계",'25년 2월'!$C:$C,"동대구운용팀") -> 41653 | P7: =O7-N7 -> 1090
A8: 3월 | B8: =SUMIFS('24년 3월'!$M:$M,'24년 3월'!$C:$C,"동대구운용팀",'24년 3월'!$I:$I,"경유") -> 2444399 | C8: =SUMIFS('24년 3월'!$M:$M,'24년 3월'!$C:$C,"동대구운용팀",'24년 3월'!$I:$I,"휘발유") -> 1788000 | D8: =SUMIFS('24년 3월'!$M:$M,'24년 3월'!$C:$C,"동대구운용팀",'24년 3월'!$I:$I,"EV") -> 0 | E8: =SUMIFS('25년 3월'!$M:$M,'25년 3월'!$C:$C,"동대구운용팀",'25년 3월'!$I:$I,"경유") -> 3338000 | F8: =SUMIFS('25년 3월'!$M:$M,'25년 3월'!$C:$C,"동대구운용팀",'25년 3월'!$I:$I,"휘발유") -> 3209292 | G8: =SUMIFS('25년 3월'!$M:$M,'25년 3월'!$C:$C,"동대구운용팀",'25년 3월'!$I:$I,"EV") -> 0 | I8: 3월 | J8: =B8+C8+D8 -> 4232399 | K8: =E8+F8+G8 -> 6547292 | L8: =K8-J8 -> 2314893 | N8: =SUMIFS('24년 3월'!$K:$K,'24년 3월'!$B:$B,"소계",'24년 3월'!$C:$C,"동대구운용팀") -> 44746 | O8: =SUMIFS('25년 3월'!$K:$K,'25년 3월'!$B:$B,"소계",'25년 3월'!$C:$C,"동대구운용팀") -> 48092 | P8: =O8-N8 -> 3346
A9: 4월 | B9: =SUMIFS('24년 4월'!$M:$M,'24년 4월'!$C:$C,"동대구운용팀",'24년 4월'!$I:$I,"경유") -> 2452000 | C9: =SUMIFS('24년 4월'!$M:$M,'24년 4월'!$C:$C,"동대구운용팀",'24년 4월'!$I:$I,"휘발유") -> 2002525 | D9: =SUMIFS('24년 4월'!$M:$M,'24년 4월'!$C:$C,"동대구운용팀",'24년 4월'!$I:$I,"EV") -> 0 | E9: =SUMIFS('25년 4월'!$M:$M,'25년 4월'!$C:$C,"동대구운용팀",'25년 4월'!$I:$I,"경유") -> 2997000 | F9: =SUMIFS('25년 4월'!$M:$M,'25년 4월'!$C:$C,"동대구운용팀",'25년 4월'!$I:$I,"휘발유") -> 3535671 | G9: =SUMIFS('25년 4월'!$M:$M,'25년 4월'!$C:$C,"동대구운용팀",'25년 4월'!$I:$I,"EV") -> 0 | I9: 4월 | J9: =B9+C9+D9 -> 4454525 | K9: =E9+F9+G9 -> 6532671 | L9: =K9-J9 -> 2078146 | N9: =SUMIFS('24년 4월'!$K:$K,'24년 4월'!$B:$B,"소계",'24년 4월'!$C:$C,"동대구운용팀") -> 46650 | O9: =SUMIFS('25년 4월'!$K:$K,'25년 4월'!$B:$B,"소계",'25년 4월'!$C:$C,"동대구운용팀") -> 49016 | P9: =O9-N9 -> 2366
A10: 5월 | B10: =SUMIFS('24년 5월'!$M:$M,'24년 5월'!$C:$C,"동대구운용팀",'24년 5월'!$I:$I,"경유") -> 2703000 | C10: =SUMIFS('24년 5월'!$M:$M,'24년 5월'!$C:$C,"동대구운용팀",'24년 5월'!$I:$I,"휘발유") -> 1866000 | D10: =SUMIFS('24년 5월'!$M:$M,'24년 5월'!$C:$C,"동대구운용팀",'24년 5월'!$I:$I,"EV") -> 11560 | E10: =SUMIFS('25년 5월'!$M:$M,'25년 5월'!$C:$C,"동대구운용팀",'25년 5월'!$I:$I,"경유") -> 2830000 | F10: =SUMIFS('25년 5월'!$M:$M,'25년 5월'!$C:$C,"동대구운용팀",'25년 5월'!$I:$I,"휘발유") -> 3203980 | G10: =SUMIFS('25년 5월'!$M:$M,'25년 5월'!$C:$C,"동대구운용팀",'25년 5월'!$I:$I,"EV") -> 0 | I10: 5월 | J10: =B10+C10+D10 -> 4580560 | K10: =E10+F10+G10 -> 6033980 | L10: =K10-J10 -> 1453420 | N10: =SUMIFS('24년 5월'!$K:$K,'24년 5월'!$B:$B,"소계",'24년 5월'!$C:$C,"동대구운용팀") -> 44950 | O10: =SUMIFS('25년 5월'!$K:$K,'25년 5월'!$B:$B,"소계",'25년 5월'!$C:$C,"동대구운용팀") -> 44070 | P10: =O10-N10 -> -880
A11: 6월 | B11: =SUMIFS('24년 6월'!$M:$M,'24년 6월'!$C:$C,"동대구운용팀",'24년 6월'!$I:$I,"경유") -> 2425000 | C11: =SUMIFS('24년 6월'!$M:$M,'24년 6월'!$C:$C,"동대구운용팀",'24년 6월'!$I:$I,"휘발유") -> 1674000 | D11: =SUMIFS('24년 6월'!$M:$M,'24년 6월'!$C:$C,"동대구운용팀",'24년 6월'!$I:$I,"EV") -> 212502 | E11: =SUMIFS('25년 6월'!$M:$M,'25년 6월'!$C:$C,"동대구운용팀",'25년 6월'!$I:$I,"경유") -> 3008000 | F11: =SUMIFS('25년 6월'!$M:$M,'25년 6월'!$C:$C,"동대구운용팀",'25년 6월'!$I:$I,"휘발유") -> 3503000 | G11: =SUMIFS('25년 6월'!$M:$M,'25년 6월'!$C:$C,"동대구운용팀",'25년 6월'!$I:$I,"EV") -> 0 | I11: 6월 | J11: =B11+C11+D11 -> 4311502 | K11: =E11+F11+G11 -> 6511000 | L11: =K11-J11 -> 2199498 | N11: =SUMIFS('24년 6월'!$K:$K,'24년 6월'!$B:$B,"소계",'24년 6월'!$C:$C,"동대구운용팀") -> 41817 | O11: =SUMIFS('25년 6월'!$K:$K,'25년 6월'!$B:$B,"소계",'25년 6월'!$C:$C,"동대구운용팀") -> 43719 | P11: =O11-N11 -> 1902
A12: 7월 | B12: =SUMIFS('24년 7월'!$M:$M,'24년 7월'!$C:$C,"동대구운용팀",'24년 7월'!$I:$I,"경유") -> 3445000 | C12: =SUMIFS('24년 7월'!$M:$M,'24년 7월'!$C:$C,"동대구운용팀",'24년 7월'!$I:$I,"휘발유") -> 1886000 | D12: =SUMIFS('24년 7월'!$M:$M,'24년 7월'!$C:$C,"동대구운용팀",'24년 7월'!$I:$I,"EV") -> 324904 | E12: =SUMIFS('25년 7월'!$M:$M,'25년 7월'!$C:$C,"동대구운용팀",'25년 7월'!$I:$I,"경유") -> 3460000 | F12: =SUMIFS('25년 7월'!$M:$M,'25년 7월'!$C:$C,"동대구운용팀",'25년 7월'!$I:$I,"휘발유") -> 5020255 | G12: =SUMIFS('25년 7월'!$M:$M,'25년 7월'!$C:$C,"동대구운용팀",'25년 7월'!$I:$I,"EV") -> 0 | I12: 7월 | J12: =B12+C12+D12 -> 5655904 | K12: =E12+F12+G12 -> 8480255 | L12: =K12-J12 -> 2824351 | N12: =SUMIFS('24년 7월'!$K:$K,'24년 7월'!$B:$B,"소계",'24년 7월'!$C:$C,"동대구운용팀") -> 49299 | O12: =SUMIFS('25년 7월'!$K:$K,'25년 7월'!$B:$B,"소계",'25년 7월'!$C:$C,"동대구운용팀") -> 54803 | P12: =O12-N12 -> 5504
A13: 8월 | B13: =SUMIFS('24년 8월'!$M:$M,'24년 8월'!$C:$C,"동대구운용팀",'24년 8월'!$I:$I,"경유") -> 3009000 | C13: =SUMIFS('24년 8월'!$M:$M,'24년 8월'!$C:$C,"동대구운용팀",'24년 8월'!$I:$I,"휘발유") -> 1864000 | D13: =SUMIFS('24년 8월'!$M:$M,'24년 8월'!$C:$C,"동대구운용팀",'24년 8월'!$I:$I,"EV") -> 324268 | E13: =SUMIFS('25년 8월'!$M:$M,'25년 8월'!$C:$C,"동대구운용팀",'25년 8월'!$I:$I,"경유") -> 2991000 | F13: =SUMIFS('25년 8월'!$M:$M,'25년 8월'!$C:$C,"동대구운용팀",'25년 8월'!$I:$I,"휘발유") -> 4198985 | G13: =SUMIFS('25년 8월'!$M:$M,'25년 8월'!$C:$C,"동대구운용팀",'25년 8월'!$I:$I,"EV") -> 0 | I13: 8월 | J13: =B13+C13+D13 -> 5197268 | K13: =E13+F13+G13 -> 7189985 | L13: =K13-J13 -> 1992717 | N13: =SUMIFS('24년 8월'!$K:$K,'24년 8월'!$B:$B,"소계",'24년 8월'!$C:$C,"동대구운용팀") -> 43963 | O13: =SUMIFS('25년 8월'!$K:$K,'25년 8월'!$B:$B,"소계",'25년 8월'!$C:$C,"동대구운용팀") -> 46778 | P13: =O13-N13 -> 2815
A14: 9월 | B14: =SUMIFS('24년 9월'!$M:$M,'24년 9월'!$C:$C,"동대구운용팀",'24년 9월'!$I:$I,"경유") -> 2730000 | C14: =SUMIFS('24년 9월'!$M:$M,'24년 9월'!$C:$C,"동대구운용팀",'24년 9월'!$I:$I,"휘발유") -> 2704000 | D14: =SUMIFS('24년 9월'!$M:$M,'24년 9월'!$C:$C,"동대구운용팀",'24년 9월'!$I:$I,"EV") -> 0 | E14: =SUMIFS('25년 9월'!$M:$M,'25년 9월'!$C:$C,"동대구운용팀",'25년 9월'!$I:$I,"경유") -> 2685000 | F14: =SUMIFS('25년 9월'!$M:$M,'25년 9월'!$C:$C,"동대구운용팀",'25년 9월'!$I:$I,"휘발유") -> 4452028 | G14: =SUMIFS('25년 9월'!$M:$M,'25년 9월'!$C:$C,"동대구운용팀",'25년 9월'!$I:$I,"EV") -> 0 | I14: 9월 | J14: =B14+C14+D14 -> 5434000 | K14: =E14+F14+G14 -> 7137028 | L14: =K14-J14 -> 1703028 | N14: =SUMIFS('24년 9월'!$K:$K,'24년 9월'!$B:$B,"소계",'24년 9월'!$C:$C,"동대구운용팀") -> 41310 | O14: =SUMIFS('25년 9월'!$K:$K,'25년 9월'!$B:$B,"소계",'25년 9월'!$C:$C,"동대구운용팀") -> 49797 | P14: =O14-N14 -> 8487
A15: 10월 | B15: =SUMIFS('24년 10월'!$M:$M,'24년 10월'!$C:$C,"동대구운용팀",'24년 10월'!$I:$I,"경유") -> 2591000 | C15: =SUMIFS('24년 10월'!$M:$M,'24년 10월'!$C:$C,"동대구운용팀",'24년 10월'!$I:$I,"휘발유") -> 2211609 | D15: =SUMIFS('24년 10월'!$M:$M,'24년 10월'!$C:$C,"동대구운용팀",'24년 10월'!$I:$I,"EV") -> 0 | E15: =SUMIFS('25년 10월'!$M:$M,'25년 10월'!$C:$C,"동대구운용팀",'25년 10월'!$I:$I,"경유") -> 2708000 | F15: =SUMIFS('25년 10월'!$M:$M,'25년 10월'!$C:$C,"동대구운용팀",'25년 10월'!$I:$I,"휘발유") -> 3636168 | G15: =SUMIFS('25년 10월'!$M:$M,'25년 10월'!$C:$C,"동대구운용팀",'25년 10월'!$I:$I,"EV") -> 0 | I15: 10월 | J15: =B15+C15+D15 -> 4802609 | K15: =E15+F15+G15 -> 6344168 | L15: =K15-J15 -> 1541559 | N15: =SUMIFS('24년 10월'!$K:$K,'24년 10월'!$B:$B,"소계",'24년 10월'!$C:$C,"동대구운용팀") -> 41249 | O15: =SUMIFS('25년 10월'!$K:$K,'25년 10월'!$B:$B,"소계",'25년 10월'!$C:$C,"동대구운용팀") -> 43692 | P15: =O15-N15 -> 2443
A16: 11월 | B16: =SUMIFS('24년 11월'!$M:$M,'24년 11월'!$C:$C,"동대구운용팀",'24년 11월'!$I:$I,"경유") -> 2574875 | C16: =SUMIFS('24년 11월'!$M:$M,'24년 11월'!$C:$C,"동대구운용팀",'24년 11월'!$I:$I,"휘발유") -> 2221198 | D16: =SUMIFS('24년 11월'!$M:$M,'24년 11월'!$C:$C,"동대구운용팀",'24년 11월'!$I:$I,"EV") -> 0 | E16: =SUMIFS('25년 11월'!$M:$M,'25년 11월'!$C:$C,"동대구운용팀",'25년 11월'!$I:$I,"경유") -> 2499000 | F16: =SUMIFS('25년 11월'!$M:$M,'25년 11월'!$C:$C,"동대구운용팀",'25년 11월'!$I:$I,"휘발유") -> 3313879 | G16: =SUMIFS('25년 11월'!$M:$M,'25년 11월'!$C:$C,"동대구운용팀",'25년 11월'!$I:$I,"EV") -> 0 | I16: 11월 | J16: =B16+C16+D16 -> 4796073 | K16: =E16+F16+G16 -> 5812879 | L16: =K16-J16 -> 1016806 | N16: =SUMIFS('24년 11월'!$K:$K,'24년 11월'!$B:$B,"소계",'24년 11월'!$C:$C,"동대구운용팀") -> 37873 | O16: =SUMIFS('25년 11월'!$K:$K,'25년 11월'!$B:$B,"소계",'25년 11월'!$C:$C,"동대구운용팀") -> 40462 | P16: =O16-N16 -> 2589
A17: 12월 | B17: =SUMIFS('24년 12월'!$M:$M,'24년 12월'!$C:$C,"동대구운용팀",'24년 12월'!$I:$I,"경유") -> 2650000 | C17: =SUMIFS('24년 12월'!$M:$M,'24년 12월'!$C:$C,"동대구운용팀",'24년 12월'!$I:$I,"휘발유") -> 2384606 | D17: =SUMIFS('24년 12월'!$M:$M,'24년 12월'!$C:$C,"동대구운용팀",'24년 12월'!$I:$I,"EV") -> 0 | E17: =SUMIFS('25년 12월'!$M:$M,'25년 12월'!$C:$C,"동대구운용팀",'25년 12월'!$I:$I,"경유") -> 2992000 | F17: =SUMIFS('25년 12월'!$M:$M,'25년 12월'!$C:$C,"동대구운용팀",'25년 12월'!$I:$I,"휘발유") -> 3457595 | G17: =SUMIFS('25년 12월'!$M:$M,'25년 12월'!$C:$C,"동대구운용팀",'25년 12월'!$I:$I,"EV") -> 0 | I17: 12월 | J17: =B17+C17+D17 -> 5034606 | K17: =E17+F17+G17 -> 6449595 | L17: =K17-J17 -> 1414989 | N17: =SUMIFS('24년 12월'!$K:$K,'24년 12월'!$B:$B,"소계",'24년 12월'!$C:$C,"동대구운용팀") -> 38888 | O17: =SUMIFS('25년 12월'!$K:$K,'25년 12월'!$B:$B,"소계",'25년 12월'!$C:$C,"동대구운용팀") -> 40966 | P17: =O17-N17 -> 2078
A18: 합계 | B18: =SUM(B6:B17) -> 31812274 | C18: =SUM(C6:C17) -> 24292463 | D18: =SUM(D6:D17) -> 873234 | E18: =SUM(E6:E17) -> 35010000 | F18: =SUM(F6:F17) -> 44277457 | G18: =SUM(G6:G17) -> 0 | P18: =SUM(P6:P17) -> 34106
A20: 서대구운용팀 | AG20: 원인분석
A24: 구분 | B24: 24년 | E24: 25년
B25: 경유 유류비 | C25: 휘발유 유류비 | D25: EV 유류비 | E25: 경유 유류비 | F25: 휘발유 유류비 | G25: EV 유류비 | I25: 구분 | J25: 24년 유류비 | K25: 25년 유류비 | L25: 증감비용 | N25: 24년 주행거리 | O25: 25년 주행거리 | P25: 증감거리
A26: 1월 | B26: =SUMIFS('24년 1월'!$M:$M,'24년 1월'!$C:$C,"서대구운용팀",'24년 1월'!$I:$I,"경유") -> 904000 | C26: =SUMIFS('24년 1월'!$M:$M,'24년 1월'!$C:$C,"서대구운용팀",'24년 1월'!$I:$I,"휘발유") -> 1181000 | D26: =SUMIFS('24년 1월'!$M:$M,'24년 1월'!$C:$C,"서대구운용팀",'24년 1월'!$I:$I,"EV") -> 0 | E26: =SUMIFS('25년 1월'!$M:$M,'25년 1월'!$C:$C,"서대구운용팀",'25년 1월'!$I:$I,"경유") -> 1047000 | F26: =SUMIFS('25년 1월'!$M:$M,'25년 1월'!$C:$C,"서대구운용팀",'25년 1월'!$I:$I,"휘발유") -> 1697000 | G26: =SUMIFS('25년 1월'!$M:$M,'25년 1월'!$C:$C,"서대구운용팀",'25년 1월'!$I:$I,"EV") -> 0 | I26: 1월 | J26: =B26+C26+D26 -> 2085000 | K26: =E26+F26+G26 -> 2744000 | L26: =K26-J26 -> 659000 | N26: =SUMIFS('24년 4월'!$K:$K,'24년 4월'!$B:$B,"소계",'24년 4월'!$C:$C,"서대구운용팀") -> 24287 | O26: =SUMIFS('25년 4월'!$K:$K,'25년 4월'!$B:$B,"소계",'25년 4월'!$C:$C,"서대구운용팀") -> 24887 | P26: =O26-N26 -> 600
A27: 2월 | B27: =SUMIFS('24년 2월'!$M:$M,'24년 2월'!$C:$C,"서대구운용팀",'24년 2월'!$I:$I,"경유") -> 1125000 | C27: =SUMIFS('24년 2월'!$M:$M,'24년 2월'!$C:$C,"서대구운용팀",'24년 2월'!$I:$I,"휘발유") -> 956462 | D27: =SUMIFS('24년 2월'!$M:$M,'24년 2월'!$C:$C,"서대구운용팀",'24년 2월'!$I:$I,"EV") -> 23845 | E27: =SUMIFS('25년 2월'!$M:$M,'25년 2월'!$C:$C,"서대구운용팀",'25년 2월'!$I:$I,"경유") -> 1340000 | F27: =SUMIFS('25년 2월'!$M:$M,'25년 2월'!$C:$C,"서대구운용팀",'25년 2월'!$I:$I,"휘발유") -> 1808915 | G27: =SUMIFS('25년 2월'!$M:$M,'25년 2월'!$C:$C,"서대구운용팀",'25년 2월'!$I:$I,"EV") -> 0 | I27: 2월 | J27: =B27+C27+D27 -> 2105307 | K27: =E27+F27+G27 -> 3148915 | L27: =K27-J27 -> 1043608 | N27: =SUMIFS('24년 2월'!$K:$K,'24년 2월'!$B:$B,"소계",'24년 2월'!$C:$C,"서대구운용팀") -> 22765 | O27: =SUMIFS('25년 2월'!$K:$K,'25년 2월'!$B:$B,"소계",'25년 2월'!$C:$C,"서대구운용팀") -> 19871 | P27: =O27-N27 -> -2894
A28: 3월 | B28: =SUMIFS('24년 3월'!$M:$M,'24년 1월'!$C:$C,"서대구운용팀",'24년 3월'!$I:$I,"경유") -> 1335000 | C28: =SUMIFS('24년 3월'!$M:$M,'24년 3월'!$C:$C,"서대구운용팀",'24년 3월'!$I:$I,"휘발유") -> 1163000 | D28: =SUMIFS('24년 3월'!$M:$M,'24년 3월'!$C:$C,"서대구운용팀",'24년 3월'!$I:$I,"EV") -> 0 | E28: =SUMIFS('25년 3월'!$M:$M,'25년 3월'!$C:$C,"서대구운용팀",'25년 3월'!$I:$I,"경유") -> 1753000 | F28: =SUMIFS('25년 3월'!$M:$M,'25년 3월'!$C:$C,"서대구운용팀",'25년 3월'!$I:$I,"휘발유") -> 1901000 | G28: =SUMIFS('25년 3월'!$M:$M,'25년 3월'!$C:$C,"서대구운용팀",'25년 3월'!$I:$I,"EV") -> 0 | I28: 3월 | J28: =B28+C28+D28 -> 2498000 | K28: =E28+F28+G28 -> 3654000 | L28: =K28-J28 -> 1156000 | N28: =SUMIFS('24년 3월'!$K:$K,'24년 3월'!$B:$B,"소계",'24년 3월'!$C:$C,"서대구운용팀") -> 25413 | O28: =SUMIFS('25년 3월'!$K:$K,'25년 3월'!$B:$B,"소계",'25년 3월'!$C:$C,"서대구운용팀") -> 26861 | P28: =O28-N28 -> 1448
A29: 4월 | B29: =SUMIFS('24년 4월'!$M:$M,'24년 4월'!$C:$C,"서대구운용팀",'24년 4월'!$I:$I,"경유") -> 1059000 | C29: =SUMIFS('24년 4월'!$M:$M,'24년 4월'!$C:$C,"서대구운용팀",'24년 4월'!$I:$I,"휘발유") -> 1153000 | D29: =SUMIFS('24년 4월'!$M:$M,'24년 4월'!$C:$C,"서대구운용팀",'24년 4월'!$I:$I,"EV") -> 0 | E29: =SUMIFS('25년 4월'!$M:$M,'25년 4월'!$C:$C,"서대구운용팀",'25년 4월'!$I:$I,"경유") -> 1653000 | F29: =SUMIFS('25년 4월'!$M:$M,'25년 4월'!$C:$C,"서대구운용팀",'25년 4월'!$I:$I,"휘발유") -> 1927000 | G29: =SUMIFS('25년 4월'!$M:$M,'25년 4월'!$C:$C,"서대구운용팀",'25년 4월'!$I:$I,"EV") -> 0 | I29: 4월 | J29: =B29+C29+D29 -> 2212000 | K29: =E29+F29+G29 -> 3580000 | L29: =K29-J29 -> 1368000 | N29: =SUMIFS('24년 4월'!$K:$K,'24년 4월'!$B:$B,"소계",'24년 4월'!$C:$C,"서대구운용팀") -> 24287 | O29: =SUMIFS('25년 4월'!$K:$K,'25년 4월'!$B:$B,"소계",'25년 4월'!$C:$C,"서대구운용팀") -> 24887 | P29: =O29-N29 -> 600
A30: 5월 | B30: =SUMIFS('24년 5월'!$M:$M,'24년 5월'!$C:$C,"서대구운용팀",'24년 5월'!$I:$I,"경유") -> 977000 | C30: =SUMIFS('24년 5월'!$M:$M,'24년 5월'!$C:$C,"서대구운용팀",'24년 5월'!$I:$I,"휘발유") -> 1164527 | D30: =SUMIFS('24년 5월'!$M:$M,'24년 5월'!$C:$C,"서대구운용팀",'24년 5월'!$I:$I,"EV") -> 0 | E30: =SUMIFS('25년 5월'!$M:$M,'25년 5월'!$C:$C,"서대구운용팀",'25년 5월'!$I:$I,"경유") -> 1386000 | F30: =SUMIFS('25년 5월'!$M:$M,'25년 5월'!$C:$C,"서대구운용팀",'25년 5월'!$I:$I,"휘발유") -> 1680000 | G30: =SUMIFS('25년 5월'!$M:$M,'25년 5월'!$C:$C,"서대구운용팀",'25년 5월'!$I:$I,"EV") -> 0 | I30: 5월 | J30: =B30+C30+D30 -> 2141527 | K30: =E30+F30+G30 -> 3066000 | L30: =K30-J30 -> 924473 | N30: =SUMIFS('24년 5월'!$K:$K,'24년 5월'!$B:$B,"소계",'24년 5월'!$C:$C,"서대구운용팀") -> 22995 | O30: =SUMIFS('25년 5월'!$K:$K,'25년 5월'!$B:$B,"소계",'25년 5월'!$C:$C,"서대구운용팀") -> 23461 | P30: =O30-N30 -> 466
A31: 6월 | B31: =SUMIFS('24년 6월'!$M:$M,'24년 6월'!$C:$C,"서대구운용팀",'24년 6월'!$I:$I,"경유") -> 844000 | C31: =SUMIFS('24년 6월'!$M:$M,'24년 6월'!$C:$C,"서대구운용팀",'24년 6월'!$I:$I,"휘발유") -> 1126000 | D31: =SUMIFS('24년 6월'!$M:$M,'24년 6월'!$C:$C,"서대구운용팀",'24년 6월'!$I:$I,"EV") -> 0 | E31: =SUMIFS('25년 6월'!$M:$M,'25년 6월'!$C:$C,"서대구운용팀",'25년 6월'!$I:$I,"경유") -> 1570000 | F31: =SUMIFS('25년 6월'!$M:$M,'25년 6월'!$C:$C,"서대구운용팀",'25년 6월'!$I:$I,"휘발유") -> 1990000 | G31: =SUMIFS('25년 6월'!$M:$M,'25년 6월'!$C:$C,"서대구운용팀",'25년 6월'!$I:$I,"EV") -> 0 | I31: 6월 | J31: =B31+C31+D31 -> 1970000 | K31: =E31+F31+G31 -> 3560000 | L31: =K31-J31 -> 1590000 | N31: =SUMIFS('24년 6월'!$K:$K,'24년 6월'!$B:$B,"소계",'24년 6월'!$C:$C,"서대구운용팀") -> 20042 | O31: =SUMIFS('25년 6월'!$K:$K,'25년 6월'!$B:$B,"소계",'25년 6월'!$C:$C,"서대구운용팀") -> 22151 | P31: =O31-N31 -> 2109
A32: 7월 | B32: =SUMIFS('24년 7월'!$M:$M,'24년 7월'!$C:$C,"서대구운용팀",'24년 7월'!$I:$I,"경유") -> 1093000 | C32: =SUMIFS('24년 7월'!$M:$M,'24년 7월'!$C:$C,"서대구운용팀",'24년 7월'!$I:$I,"휘발유") -> 1587000 | D32: =SUMIFS('24년 7월'!$M:$M,'24년 7월'!$C:$C,"서대구운용팀",'24년 7월'!$I:$I,"EV") -> 0 | E32: =SUMIFS('25년 7월'!$M:$M,'25년 7월'!$C:$C,"서대구운용팀",'25년 7월'!$I:$I,"경유") -> 924000 | F32: =SUMIFS('25년 7월'!$M:$M,'25년 7월'!$C:$C,"서대구운용팀",'25년 7월'!$I:$I,"휘발유") -> 4232000 | G32: =SUMIFS('25년 7월'!$M:$M,'25년 7월'!$C:$C,"서대구운용팀",'25년 7월'!$I:$I,"EV") -> 0 | I32: 7월 | J32: =B32+C32+D32 -> 2680000 | K32: =E32+F32+G32 -> 5156000 | L32: =K32-J32 -> 2476000 | N32: =SUMIFS('24년 7월'!$K:$K,'24년 7월'!$B:$B,"소계",'24년 7월'!$C:$C,"서대구운용팀") -> 25278 | O32: =SUMIFS('25년 7월'!$K:$K,'25년 7월'!$B:$B,"소계",'25년 7월'!$C:$C,"서대구운용팀") -> 28523 | P32: =O32-N32 -> 3245
A33: 8월 | B33: =SUMIFS('24년 8월'!$M:$M,'24년 8월'!$C:$C,"서대구운용팀",'24년 8월'!$I:$I,"경유") -> 1024000 | C33: =SUMIFS('24년 8월'!$M:$M,'24년 8월'!$C:$C,"서대구운용팀",'24년 8월'!$I:$I,"휘발유") -> 1212000 | D33: =SUMIFS('24년 8월'!$M:$M,'24년 8월'!$C:$C,"서대구운용팀",'24년 8월'!$I:$I,"EV") -> 0 | E33: =SUMIFS('25년 8월'!$M:$M,'25년 8월'!$C:$C,"서대구운용팀",'25년 8월'!$I:$I,"경유") -> 918000 | F33: =SUMIFS('25년 8월'!$M:$M,'25년 8월'!$C:$C,"서대구운용팀",'25년 8월'!$I:$I,"휘발유") -> 3328000 | G33: =SUMIFS('25년 8월'!$M:$M,'25년 8월'!$C:$C,"서대구운용팀",'25년 8월'!$I:$I,"EV") -> 0 | I33: 8월 | J33: =B33+C33+D33 -> 2236000 | K33: =E33+F33+G33 -> 4246000 | L33: =K33-J33 -> 2010000 | N33: =SUMIFS('24년 8월'!$K:$K,'24년 8월'!$B:$B,"소계",'24년 8월'!$C:$C,"서대구운용팀") -> 21808 | O33: =SUMIFS('25년 8월'!$K:$K,'25년 8월'!$B:$B,"소계",'25년 8월'!$C:$C,"서대구운용팀") -> 22804 | P33: =O33-N33 -> 996
A34: 9월 | B34: =SUMIFS('24년 9월'!$M:$M,'24년 9월'!$C:$C,"서대구운용팀",'24년 9월'!$I:$I,"경유") -> 1200000 | C34: =SUMIFS('24년 9월'!$M:$M,'24년 9월'!$C:$C,"서대구운용팀",'24년 9월'!$I:$I,"휘발유") -> 1606000 | D34: =SUMIFS('24년 9월'!$M:$M,'24년 9월'!$C:$C,"서대구운용팀",'24년 9월'!$I:$I,"EV") -> 0 | E34: =SUMIFS('25년 9월'!$M:$M,'25년 9월'!$C:$C,"서대구운용팀",'25년 9월'!$I:$I,"경유") -> 870000 | F34: =SUMIFS('25년 9월'!$M:$M,'25년 9월'!$C:$C,"서대구운용팀",'25년 9월'!$I:$I,"휘발유") -> 3895000 | G34: =SUMIFS('25년 9월'!$M:$M,'25년 9월'!$C:$C,"서대구운용팀",'25년 9월'!$I:$I,"EV") -> 0 | I34: 9월 | J34: =B34+C34+D34 -> 2806000 | K34: =E34+F34+G34 -> 4765000 | L34: =K34-J34 -> 1959000 | N34: =SUMIFS('24년 9월'!$K:$K,'24년 9월'!$B:$B,"소계",'24년 9월'!$C:$C,"서대구운용팀") -> 21834 | O34: =SUMIFS('25년 9월'!$K:$K,'25년 9월'!$B:$B,"소계",'25년 9월'!$C:$C,"서대구운용팀") -> 30010 | P34: =O34-N34 -> 8176
A35: 10월 | B35: =SUMIFS('24년 10월'!$M:$M,'24년 10월'!$C:$C,"서대구운용팀",'24년 10월'!$I:$I,"경유") -> 1397000 | C35: =SUMIFS('24년 10월'!$M:$M,'24년 10월'!$C:$C,"서대구운용팀",'24년 10월'!$I:$I,"휘발유") -> 1876801 | D35: =SUMIFS('24년 10월'!$M:$M,'24년 10월'!$C:$C,"서대구운용팀",'24년 10월'!$I:$I,"EV") -> 0 | E35: =SUMIFS('25년 10월'!$M:$M,'25년 10월'!$C:$C,"서대구운용팀",'25년 10월'!$I:$I,"경유") -> 695000 | F35: =SUMIFS('25년 10월'!$M:$M,'25년 10월'!$C:$C,"서대구운용팀",'25년 10월'!$I:$I,"휘발유") -> 2982000 | G35: =SUMIFS('25년 10월'!$M:$M,'25년 10월'!$C:$C,"서대구운용팀",'25년 10월'!$I:$I,"EV") -> 0 | I35: 10월 | J35: =B35+C35+D35 -> 3273801 | K35: =E35+F35+G35 -> 3677000 | L35: =K35-J35 -> 403199 | N35: =SUMIFS('24년 10월'!$K:$K,'24년 10월'!$B:$B,"소계",'24년 10월'!$C:$C,"서대구운용팀") -> 24474 | O35: =SUMIFS('25년 10월'!$K:$K,'25년 10월'!$B:$B,"소계",'25년 10월'!$C:$C,"서대구운용팀") -> 24965 | P35: =O35-N35 -> 491
A36: 11월 | B36: =SUMIFS('24년 11월'!$M:$M,'24년 11월'!$C:$C,"서대구운용팀",'24년 11월'!$I:$I,"경유") -> 922000 | C36: =SUMIFS('24년 11월'!$M:$M,'24년 11월'!$C:$C,"서대구운용팀",'24년 11월'!$I:$I,"휘발유") -> 1804105 | D36: =SUMIFS('24년 11월'!$M:$M,'24년 11월'!$C:$C,"서대구운용팀",'24년 11월'!$I:$I,"EV") -> 0 | E36: =SUMIFS('25년 11월'!$M:$M,'25년 11월'!$C:$C,"서대구운용팀",'25년 11월'!$I:$I,"경유") -> 770000 | F36: =SUMIFS('25년 11월'!$M:$M,'25년 11월'!$C:$C,"서대구운용팀",'25년 11월'!$I:$I,"휘발유") -> 2711000 | G36: =SUMIFS('25년 11월'!$M:$M,'25년 11월'!$C:$C,"서대구운용팀",'25년 11월'!$I:$I,"EV") -> 0 | I36: 11월 | J36: =B36+C36+D36 -> 2726105 | K36: =E36+F36+G36 -> 3481000 | L36: =K36-J36 -> 754895 | N36: =SUMIFS('24년 11월'!$K:$K,'24년 11월'!$B:$B,"소계",'24년 11월'!$C:$C,"서대구운용팀") -> 18559 | O36: =SUMIFS('25년 11월'!$K:$K,'25년 11월'!$B:$B,"소계",'25년 11월'!$C:$C,"서대구운용팀") -> 22153 | P36: =O36-N36 -> 3594
A37: 12월 | B37: =SUMIFS('24년 12월'!$M:$M,'24년 12월'!$C:$C,"서대구운용팀",'24년 12월'!$I:$I,"경유") -> 1167000 | C37: =SUMIFS('24년 12월'!$M:$M,'24년 12월'!$C:$C,"서대구운용팀",'24년 12월'!$I:$I,"휘발유") -> 1719000 | D37: =SUMIFS('24년 12월'!$M:$M,'24년 12월'!$C:$C,"서대구운용팀",'24년 12월'!$I:$I,"EV") -> 0 | E37: =SUMIFS('25년 12월'!$M:$M,'25년 12월'!$C:$C,"서대구운용팀",'25년 12월'!$I:$I,"경유") -> 732000 | F37: =SUMIFS('25년 12월'!$M:$M,'25년 12월'!$C:$C,"서대구운용팀",'25년 12월'!$I:$I,"휘발유") -> 2446000 | G37: =SUMIFS('25년 12월'!$M:$M,'25년 12월'!$C:$C,"서대구운용팀",'25년 12월'!$I:$I,"EV") -> 0 | I37: 12월 | J37: =B37+C37+D37 -> 2886000 | N37: =SUMIFS('24년 12월'!$K:$K,'24년 12월'!$B:$B,"소계",'24년 12월'!$C:$C,"서대구운용팀") -> 17533 | O37: -
A38: 합계 | B38: =SUM(B26:B37) -> 13047000 | C38: =SUM(C26:C37) -> 16548895 | D38: =SUM(D26:D37) -> 23845 | E38: =SUM(E26:E37) -> 13658000 | F38: =SUM(F26:F37) -> 30597915 | G38: =SUM(G26:G37) -> 0 | P38: =SUM(P26:P37) -> 18831
A41: 남대구운용팀 | AG41: 원인분석
B44: 24년 | E44: 25년
A45: 구분 | B45: 경유 유류비 | C45: 휘발유 유류비 | D45: EV 유류비 | E45: 경유 유류비 | F45: 휘발유 유류비 | G45: EV 유류비 | I45: 구분 | J45: 24년 유류비 | K45: 25년 유류비 | L45: 증감비용 | N45: 24년 주행거리 | O45: 25년 주행거리 | P45: 증감거리
A46: 1월 | B46: =SUMIFS('24년 1월'!$M:$M,'24년 1월'!$C:$C,"남대구운용팀",'24년 1월'!$I:$I,"경유") -> 758000 | C46: =SUMIFS('24년 1월'!$M:$M,'24년 1월'!$C:$C,"남대구운용팀",'24년 1월'!$I:$I,"휘발유") -> 898000 | D46: =SUMIFS('24년 1월'!$M:$M,'24년 1월'!$C:$C,"남대구운용팀",'24년 1월'!$I:$I,"EV") -> 0 | E46: =SUMIFS('25년 1월'!$M:$M,'25년 1월'!$C:$C,"남대구운용팀",'25년 1월'!$I:$I,"경유") -> 702000 | F46: =SUMIFS('25년 1월'!$M:$M,'25년 1월'!$C:$C,"남대구운용팀",'25년 1월'!$I:$I,"휘발유") -> 197000 | G46: =SUMIFS('25년 1월'!$M:$M,'25년 1월'!$C:$C,"남대구운용팀",'25년 1월'!$I:$I,"EV") -> 281748 | I46: 1월 | J46: =B46+C46+D46 -> 1656000 | K46: =E46+F46+G46 -> 1180748 | L46: =K46-J46 -> -475252 | N46: =SUMIFS('24년 4월'!$K:$K,'24년 4월'!$B:$B,"소계",'24년 4월'!$C:$C,"남대구운용팀") -> 22696 | O46: =SUMIFS('25년 4월'!$K:$K,'25년 4월'!$B:$B,"소계",'25년 4월'!$C:$C,"남대구운용팀") -> 22901 | P46: =O46-N46 -> 205
A47: 2월 | B47: =SUMIFS('24년 2월'!$M:$M,'24년 2월'!$C:$C,"남대구운용팀",'24년 2월'!$I:$I,"경유") -> 772000 | C47: =SUMIFS('24년 2월'!$M:$M,'24년 2월'!$C:$C,"남대구운용팀",'24년 2월'!$I:$I,"휘발유") -> 990000 | D47: =SUMIFS('24년 2월'!$M:$M,'24년 2월'!$C:$C,"남대구운용팀",'24년 2월'!$I:$I,"EV") -> 0 | E47: =SUMIFS('25년 2월'!$M:$M,'25년 2월'!$C:$C,"남대구운용팀",'25년 2월'!$I:$I,"경유") -> 764000 | F47: =SUMIFS('25년 2월'!$M:$M,'25년 2월'!$C:$C,"남대구운용팀",'25년 2월'!$I:$I,"휘발유") -> 260000 | G47: =SUMIFS('25년 2월'!$M:$M,'25년 2월'!$C:$C,"남대구운용팀",'25년 2월'!$I:$I,"EV") -> 152583 | I47: 2월 | J47: =B47+C47+D47 -> 1762000 | K47: =E47+F47+G47 -> 1176583 | L47: =K47-J47 -> -585417 | N47: =SUMIFS('24년 2월'!$K:$K,'24년 2월'!$B:$B,"소계",'24년 2월'!$C:$C,"남대구운용팀") -> 19504 | O47: =SUMIFS('25년 2월'!$K:$K,'25년 2월'!$B:$B,"소계",'25년 2월'!$C:$C,"남대구운용팀") -> 19820 | P47: =O47-N47 -> 316
A48: 3월 | B48: =SUMIFS('24년 3월'!$M:$M,'24년 3월'!$C:$C,"남대구운용팀",'24년 3월'!$I:$I,"경유") -> 1037000 | C48: =SUMIFS('24년 3월'!$M:$M,'24년 3월'!$C:$C,"남대구운용팀",'24년 3월'!$I:$I,"휘발유") -> 1093000 | D48: =SUMIFS('24년 3월'!$M:$M,'24년 3월'!$C:$C,"남대구운용팀",'24년 3월'!$I:$I,"EV") -> 0 | E48: =SUMIFS('25년 3월'!$M:$M,'25년 3월'!$C:$C,"남대구운용팀",'25년 3월'!$I:$I,"경유") -> 789000 | F48: =SUMIFS('25년 3월'!$M:$M,'25년 3월'!$C:$C,"남대구운용팀",'25년 3월'!$I:$I,"휘발유") -> 276000 | G48: =SUMIFS('25년 3월'!$M:$M,'25년 3월'!$C:$C,"남대구운용팀",'25년 3월'!$I:$I,"EV") -> 197132 | I48: 3월 | J48: =B48+C48+D48 -> 2130000 | K48: =E48+F48+G48 -> 1262132 | L48: =K48-J48 -> -867868 | N48: =SUMIFS('24년 3월'!$K:$K,'24년 3월'!$B:$B,"소계",'24년 3월'!$C:$C,"남대구운용팀") -> 23215 | O48: =SUMIFS('25년 3월'!$K:$K,'25년 3월'!$B:$B,"소계",'25년 3월'!$C:$C,"남대구운용팀") -> 25065 | P48: =O48-N48 -> 1850
A49: 4월 | B49: =SUMIFS('24년 4월'!$M:$M,'24년 4월'!$C:$C,"남대구운용팀",'24년 4월'!$I:$I,"경유") -> 864000 | C49: =SUMIFS('24년 4월'!$M:$M,'24년 4월'!$C:$C,"남대구운용팀",'24년 4월'!$I:$I,"휘발유") -> 1209000 | D49: =SUMIFS('24년 4월'!$M:$M,'24년 4월'!$C:$C,"남대구운용팀",'24년 4월'!$I:$I,"EV") -> 0 | E49: =SUMIFS('25년 4월'!$M:$M,'25년 4월'!$C:$C,"남대구운용팀",'25년 4월'!$I:$I,"경유") -> 676000 | F49: =SUMIFS('25년 4월'!$M:$M,'25년 4월'!$C:$C,"남대구운용팀",'25년 4월'!$I:$I,"휘발유") -> 309000 | G49: =SUMIFS('25년 4월'!$M:$M,'25년 4월'!$C:$C,"남대구운용팀",'25년 4월'!$I:$I,"EV") -> 110984 | I49: 4월 | J49: =B49+C49+D49 -> 2073000 | K49: =E49+F49+G49 -> 1095984 | L49: =K49-J49 -> -977016 | N49: =SUMIFS('24년 4월'!$K:$K,'24년 4월'!$B:$B,"소계",'24년 4월'!$C:$C,"남대구운용팀") -> 22696 | O49: =SUMIFS('25년 4월'!$K:$K,'25년 4월'!$B:$B,"소계",'25년 4월'!$C:$C,"남대구운용팀") -> 22901 | P49: =O49-N49 -> 205
A50: 5월 | B50: =SUMIFS('24년 5월'!$M:$M,'24년 5월'!$C:$C,"남대구운용팀",'24년 5월'!$I:$I,"경유") -> 1180000 | C50: =SUMIFS('24년 5월'!$M:$M,'24년 5월'!$C:$C,"남대구운용팀",'24년 5월'!$I:$I,"휘발유") -> 965000 | D50: =SUMIFS('24년 5월'!$M:$M,'24년 5월'!$C:$C,"남대구운용팀",'24년 5월'!$I:$I,"EV") -> 105870 | E50: =SUMIFS('25년 5월'!$M:$M,'25년 5월'!$C:$C,"남대구운용팀",'25년 5월'!$I:$I,"경유") -> 690000 | F50: =SUMIFS('25년 5월'!$M:$M,'25년 5월'!$C:$C,"남대구운용팀",'25년 5월'!$I:$I,"휘발유") -> 270000 | G50: =SUMIFS('25년 5월'!$M:$M,'25년 5월'!$C:$C,"남대구운용팀",'25년 5월'!$I:$I,"EV") -> 8093 | I50: 5월 | J50: =B50+C50+D50 -> 2250870 | K50: =E50+F50+G50 -> 968093 | L50: =K50-J50 -> -1282777 | N50: =SUMIFS('24년 5월'!$K:$K,'24년 5월'!$B:$B,"소계",'24년 5월'!$C:$C,"남대구운용팀") -> 22352 | O50: =SUMIFS('25년 5월'!$K:$K,'25년 5월'!$B:$B,"소계",'25년 5월'!$C:$C,"남대구운용팀") -> 19307 | P50: =O50-N50 -> -3045
A51: 6월 | B51: =SUMIFS('24년 6월'!$M:$M,'24년 6월'!$C:$C,"남대구운용팀",'24년 6월'!$I:$I,"경유") -> 1376000 | C51: =SUMIFS('24년 6월'!$M:$M,'24년 6월'!$C:$C,"남대구운용팀",'24년 6월'!$I:$I,"휘발유") -> 1086000 | D51: =SUMIFS('24년 6월'!$M:$M,'24년 6월'!$C:$C,"남대구운용팀",'24년 6월'!$I:$I,"EV") -> 211258 | E51: =SUMIFS('25년 6월'!$M:$M,'25년 6월'!$C:$C,"남대구운용팀",'25년 6월'!$I:$I,"경유") -> 548000 | F51: =SUMIFS('25년 6월'!$M:$M,'25년 6월'!$C:$C,"남대구운용팀",'25년 6월'!$I:$I,"휘발유") -> 349000 | G51: =SUMIFS('25년 6월'!$M:$M,'25년 6월'!$C:$C,"남대구운용팀",'25년 6월'!$I:$I,"EV") -> 64502 | I51: 6월 | J51: =B51+C51+D51 -> 2673258 | K51: =E51+F51+G51 -> 961502 | L51: =K51-J51 -> -1711756 | N51: =SUMIFS('24년 6월'!$K:$K,'24년 6월'!$B:$B,"소계",'24년 6월'!$C:$C,"남대구운용팀") -> 24083 | O51: =SUMIFS('25년 6월'!$K:$K,'25년 6월'!$B:$B,"소계",'25년 6월'!$C:$C,"남대구운용팀") -> 22102 | P51: =O51-N51 -> -1981
A52: 7월 | B52: =SUMIFS('24년 7월'!$M:$M,'24년 7월'!$C:$C,"남대구운용팀",'24년 7월'!$I:$I,"경유") -> 1667000 | C52: =SUMIFS('24년 7월'!$M:$M,'24년 7월'!$C:$C,"남대구운용팀",'24년 7월'!$I:$I,"휘발유") -> 1260000 | D52: =SUMIFS('24년 7월'!$M:$M,'24년 7월'!$C:$C,"남대구운용팀",'24년 7월'!$I:$I,"EV") -> 228052 | E52: =SUMIFS('25년 7월'!$M:$M,'25년 7월'!$C:$C,"남대구운용팀",'25년 7월'!$I:$I,"경유") -> 865000 | F52: =SUMIFS('25년 7월'!$M:$M,'25년 7월'!$C:$C,"남대구운용팀",'25년 7월'!$I:$I,"휘발유") -> 2718000 | G52: =SUMIFS('25년 7월'!$M:$M,'25년 7월'!$C:$C,"남대구운용팀",'25년 7월'!$I:$I,"EV") -> 84488 | I52: 7월 | J52: =B52+C52+D52 -> 3155052 | K52: =E52+F52+G52 -> 3667488 | L52: =K52-J52 -> 512436 | N52: =SUMIFS('24년 7월'!$K:$K,'24년 7월'!$B:$B,"소계",'24년 7월'!$C:$C,"남대구운용팀") -> 26608 | O52: =SUMIFS('25년 7월'!$K:$K,'25년 7월'!$B:$B,"소계",'25년 7월'!$C:$C,"남대구운용팀") -> 25695 | P52: =O52-N52 -> -913
A53: 8월 | B53: =SUMIFS('24년 8월'!$M:$M,'24년 8월'!$C:$C,"남대구운용팀",'24년 8월'!$I:$I,"경유") -> 1437402 | C53: =SUMIFS('24년 8월'!$M:$M,'24년 8월'!$C:$C,"남대구운용팀",'24년 8월'!$I:$I,"휘발유") -> 1118000 | D53: =SUMIFS('24년 8월'!$M:$M,'24년 8월'!$C:$C,"남대구운용팀",'24년 8월'!$I:$I,"EV") -> 247003 | E53: =SUMIFS('25년 8월'!$M:$M,'25년 8월'!$C:$C,"남대구운용팀",'25년 8월'!$I:$I,"경유") -> 641000 | F53: =SUMIFS('25년 8월'!$M:$M,'25년 8월'!$C:$C,"남대구운용팀",'25년 8월'!$I:$I,"휘발유") -> 2860000 | G53: =SUMIFS('25년 8월'!$M:$M,'25년 8월'!$C:$C,"남대구운용팀",'25년 8월'!$I:$I,"EV") -> 140544 | I53: 8월 | J53: =B53+C53+D53 -> 2802405 | K53: =E53+F53+G53 -> 3641544 | L53: =K53-J53 -> 839139 | N53: =SUMIFS('24년 8월'!$K:$K,'24년 8월'!$B:$B,"소계",'24년 8월'!$C:$C,"남대구운용팀") -> 23815 | O53: =SUMIFS('25년 8월'!$K:$K,'25년 8월'!$B:$B,"소계",'25년 8월'!$C:$C,"남대구운용팀") -> 19990 | P53: =O53-N53 -> -3825
A54: 9월 | B54: =SUMIFS('24년 9월'!$M:$M,'24년 9월'!$C:$C,"남대구운용팀",'24년 9월'!$I:$I,"경유") -> 1012000 | C54: =SUMIFS('24년 9월'!$M:$M,'24년 9월'!$C:$C,"남대구운용팀",'24년 9월'!$I:$I,"휘발유") -> 0 | D54: =SUMIFS('24년 9월'!$M:$M,'24년 9월'!$C:$C,"남대구운용팀",'24년 9월'!$I:$I,"EV") -> 352686 | E54: =SUMIFS('25년 9월'!$M:$M,'25년 9월'!$C:$C,"남대구운용팀",'25년 9월'!$I:$I,"경유") -> 731000 | F54: =SUMIFS('25년 9월'!$M:$M,'25년 9월'!$C:$C,"남대구운용팀",'25년 9월'!$I:$I,"휘발유") -> 3015000 | G54: =SUMIFS('25년 9월'!$M:$M,'25년 9월'!$C:$C,"남대구운용팀",'25년 9월'!$I:$I,"EV") -> 65351 | I54: 9월 | J54: =B54+C54+D54 -> 1364686 | K54: =E54+F54+G54 -> 3811351 | L54: =K54-J54 -> 2446665 | N54: =SUMIFS('24년 9월'!$K:$K,'24년 9월'!$B:$B,"소계",'24년 9월'!$C:$C,"남대구운용팀") -> 22206 | O54: =SUMIFS('25년 9월'!$K:$K,'25년 9월'!$B:$B,"소계",'25년 9월'!$C:$C,"남대구운용팀") -> 23175 | P54: =O54-N54 -> 969
A55: 10월 | B55: =SUMIFS('24년 10월'!$M:$M,'24년 10월'!$C:$C,"남대구운용팀",'24년 10월'!$I:$I,"경유") -> 886000 | C55: =SUMIFS('24년 10월'!$M:$M,'24년 10월'!$C:$C,"남대구운용팀",'24년 10월'!$I:$I,"휘발유") -> 0 | D55: =SUMIFS('24년 10월'!$M:$M,'24년 10월'!$C:$C,"남대구운용팀",'24년 10월'!$I:$I,"EV") -> 205311 | E55: =SUMIFS('25년 10월'!$M:$M,'25년 10월'!$C:$C,"남대구운용팀",'25년 10월'!$I:$I,"경유") -> 652000 | F55: =SUMIFS('25년 10월'!$M:$M,'25년 10월'!$C:$C,"남대구운용팀",'25년 10월'!$I:$I,"휘발유") -> 2400000 | G55: =SUMIFS('25년 10월'!$M:$M,'25년 10월'!$C:$C,"남대구운용팀",'25년 10월'!$I:$I,"EV") -> 24247 | I55: 10월 | J55: =B55+C55+D55 -> 1091311 | K55: =E55+F55+G55 -> 3076247 | L55: =K55-J55 -> 1984936 | N55: =SUMIFS('24년 10월'!$K:$K,'24년 10월'!$B:$B,"소계",'24년 10월'!$C:$C,"남대구운용팀") -> 23658 | O55: =SUMIFS('25년 10월'!$K:$K,'25년 10월'!$B:$B,"소계",'25년 10월'!$C:$C,"남대구운용팀") -> 19515 | P55: =O55-N55 -> -4143
A56: 11월 | B56: =SUMIFS('24년 11월'!$M:$M,'24년 11월'!$C:$C,"남대구운용팀",'24년 11월'!$I:$I,"경유") -> 1013000 | C56: =SUMIFS('24년 11월'!$M:$M,'24년 11월'!$C:$C,"남대구운용팀",'24년 11월'!$I:$I,"휘발유") -> 0 | D56: =SUMIFS('24년 11월'!$M:$M,'24년 11월'!$C:$C,"남대구운용팀",'24년 11월'!$I:$I,"EV") -> 275650 | E56: =SUMIFS('25년 11월'!$M:$M,'25년 11월'!$C:$C,"남대구운용팀",'25년 11월'!$I:$I,"경유") -> 528000 | F56: =SUMIFS('25년 11월'!$M:$M,'25년 11월'!$C:$C,"남대구운용팀",'25년 11월'!$I:$I,"휘발유") -> 2411831 | G56: =SUMIFS('25년 11월'!$M:$M,'25년 11월'!$C:$C,"남대구운용팀",'25년 11월'!$I:$I,"EV") -> 16570 | I56: 11월 | J56: =B56+C56+D56 -> 1288650 | K56: =E56+F56+G56 -> 2956401 | L56: =K56-J56 -> 1667751 | N56: =SUMIFS('24년 11월'!$K:$K,'24년 11월'!$B:$B,"소계",'24년 11월'!$C:$C,"남대구운용팀") -> 22713 | O56: =SUMIFS('25년 11월'!$K:$K,'25년 11월'!$B:$B,"소계",'25년 11월'!$C:$C,"남대구운용팀") -> 20846 | P56: =O56-N56 -> -1867
A57: 12월 | B57: =SUMIFS('24년 12월'!$M:$M,'24년 12월'!$C:$C,"남대구운용팀",'24년 12월'!$I:$I,"경유") -> 1088000 | C57: =SUMIFS('24년 12월'!$M:$M,'24년 12월'!$C:$C,"남대구운용팀",'24년 12월'!$I:$I,"휘발유") -> 0 | D57: =SUMIFS('24년 12월'!$M:$M,'24년 12월'!$C:$C,"남대구운용팀",'24년 12월'!$I:$I,"EV") -> 325182 | E57: =SUMIFS('25년 12월'!$M:$M,'25년 12월'!$C:$C,"남대구운용팀",'25년 12월'!$I:$I,"경유") -> 675000 | F57: =SUMIFS('25년 12월'!$M:$M,'25년 12월'!$C:$C,"남대구운용팀",'25년 12월'!$I:$I,"휘발유") -> 2240000 | G57: =SUMIFS('25년 12월'!$M:$M,'25년 12월'!$C:$C,"남대구운용팀",'25년 12월'!$I:$I,"EV") -> 29590 | I57: 12월 | J57: =B57+C57+D57 -> 1413182 | K57: =E57+F57+G57 -> 2944590 | L57: =K57-J57 -> 1531408 | N57: =SUMIFS('24년 12월'!$K:$K,'24년 12월'!$B:$B,"소계",'24년 12월'!$C:$C,"남대구운용팀") -> 20217 | O57: =SUMIFS('25년 12월'!$K:$K,'25년 12월'!$B:$B,"소계",'25년 12월'!$C:$C,"남대구운용팀") -> 18393 | P57: =O57-N57 -> -1824
A58: 합계 | B58: =SUM(B46:B57) -> 13090402 | C58: =SUM(C46:C57) -> 8619000 | D58: =SUM(D46:D57) -> 1951012 | E58: =SUM(E46:E57) -> 8261000 | F58: =SUM(F46:F57) -> 17305831 | G58: =SUM(G46:G57) -> 1175832 | P58: =SUM(P46:P57) -> -14053
A61: 구미운용팀 | AG61: 원인분석
A64: 구분 | B64: 24년 | E64: 25년
B65: 경유 유류비 | C65: 휘발유 유류비 | D65: EV 유류비 | E65: 경유 유류비 | F65: 휘발유 유류비 | G65: EV 유류비 | I65: 구분 | J65: 24년 유류비 | K65: 25년 유류비 | L65: 증감비용 | N65: 24년 주행거리 | O65: 25년 주행거리 | P65: 증감거리
A66: 1월 | B66: =SUMIFS('24년 1월'!$M:$M,'24년 1월'!$C:$C,"구미운용팀",'24년 1월'!$I:$I,"경유") -> 2334511 | C66: =SUMIFS('24년 1월'!$M:$M,'24년 1월'!$C:$C,"구미운용팀",'24년 1월'!$I:$I,"휘발유") -> 1147000 | D66: =SUMIFS('24년 1월'!$M:$M,'24년 1월'!$C:$C,"구미운용팀",'24년 1월'!$I:$I,"EV") -> 0 | E66: =SUMIFS('25년 1월'!$M:$M,'25년 1월'!$C:$C,"구미운용팀",'25년 1월'!$I:$I,"경유") -> 1355000 | F66: =SUMIFS('25년 1월'!$M:$M,'25년 1월'!$C:$C,"구미운용팀",'25년 1월'!$I:$I,"휘발유") -> 646000 | G66: =SUMIFS('25년 1월'!$M:$M,'25년 1월'!$C:$C,"구미운용팀",'25년 1월'!$I:$I,"EV") -> 10490 | I66: 1월 | J66: =B66+C66+D66 -> 3481511 | K66: =E66+F66+G66 -> 2011490 | L66: =K66-J66 -> -1470021 | N66: =SUMIFS('24년 4월'!$K:$K,'24년 4월'!$B:$B,"소계",'24년 4월'!$C:$C,"구미운용팀") -> 28402 | O66: =SUMIFS('25년 4월'!$K:$K,'25년 4월'!$B:$B,"소계",'25년 4월'!$C:$C,"구미운용팀") -> 27940 | P66: =O66-N66 -> -462
A67: 2월 | B67: =SUMIFS('24년 2월'!$M:$M,'24년 2월'!$C:$C,"구미운용팀",'24년 2월'!$I:$I,"경유") -> 1982970 | C67: =SUMIFS('24년 2월'!$M:$M,'24년 2월'!$C:$C,"구미운용팀",'24년 2월'!$I:$I,"휘발유") -> 1000000 | D67: =SUMIFS('24년 2월'!$M:$M,'24년 2월'!$C:$C,"구미운용팀",'24년 2월'!$I:$I,"EV") -> 17354 | E67: =SUMIFS('25년 2월'!$M:$M,'25년 2월'!$C:$C,"구미운용팀",'25년 2월'!$I:$I,"경유") -> 1720000 | F67: =SUMIFS('25년 2월'!$M:$M,'25년 2월'!$C:$C,"구미운용팀",'25년 2월'!$I:$I,"휘발유") -> 480000 | G67: =SUMIFS('25년 2월'!$M:$M,'25년 2월'!$C:$C,"구미운용팀",'25년 2월'!$I:$I,"EV") -> 0 | I67: 2월 | J67: =B67+C67+D67 -> 3000324 | K67: =E67+F67+G67 -> 2200000 | L67: =K67-J67 -> -800324 | N67: =SUMIFS('24년 2월'!$K:$K,'24년 2월'!$B:$B,"소계",'24년 2월'!$C:$C,"구미운용팀") -> 24302 | O67: =SUMIFS('25년 2월'!$K:$K,'25년 2월'!$B:$B,"소계",'25년 2월'!$C:$C,"구미운용팀") -> 22484 | P67: =O67-N67 -> -1818
A68: 3월 | B68: =SUMIFS('24년 3월'!$M:$M,'24년 3월'!$C:$C,"구미운용팀",'24년 3월'!$I:$I,"경유") -> 2274000 | C68: =SUMIFS('24년 3월'!$M:$M,'24년 3월'!$C:$C,"구미운용팀",'24년 3월'!$I:$I,"휘발유") -> 1180000 | D68: =SUMIFS('24년 3월'!$M:$M,'24년 3월'!$C:$C,"구미운용팀",'24년 3월'!$I:$I,"EV") -> 34902 | E68: =SUMIFS('25년 3월'!$M:$M,'25년 3월'!$C:$C,"구미운용팀",'25년 3월'!$I:$I,"경유") -> 1710000 | F68: =SUMIFS('25년 3월'!$M:$M,'25년 3월'!$C:$C,"구미운용팀",'25년 3월'!$I:$I,"휘발유") -> 480000 | G68: =SUMIFS('25년 3월'!$M:$M,'25년 3월'!$C:$C,"구미운용팀",'25년 3월'!$I:$I,"EV") -> 0 | I68: 3월 | J68: =B68+C68+D68 -> 3488902 | K68: =E68+F68+G68 -> 2190000 | L68: =K68-J68 -> -1298902 | N68: =SUMIFS('24년 3월'!$K:$K,'24년 3월'!$B:$B,"소계",'24년 3월'!$C:$C,"구미운용팀") -> 27860 | O68: =SUMIFS('25년 3월'!$K:$K,'25년 3월'!$B:$B,"소계",'25년 3월'!$C:$C,"구미운용팀") -> 24611 | P68: =O68-N68 -> -3249
A69: 4월 | B69: =SUMIFS('24년 4월'!$M:$M,'24년 4월'!$C:$C,"구미운용팀",'24년 4월'!$I:$I,"경유") -> 2303000 | C69: =SUMIFS('24년 4월'!$M:$M,'24년 4월'!$C:$C,"구미운용팀",'24년 4월'!$I:$I,"휘발유") -> 1208000 | D69: =SUMIFS('24년 4월'!$M:$M,'24년 4월'!$C:$C,"구미운용팀",'24년 4월'!$I:$I,"EV") -> 0 | E69: =SUMIFS('25년 4월'!$M:$M,'25년 4월'!$C:$C,"구미운용팀",'25년 4월'!$I:$I,"경유") -> 1650000 | F69: =SUMIFS('25년 4월'!$M:$M,'25년 4월'!$C:$C,"구미운용팀",'25년 4월'!$I:$I,"휘발유") -> 600000 | G69: =SUMIFS('25년 4월'!$M:$M,'25년 4월'!$C:$C,"구미운용팀",'25년 4월'!$I:$I,"EV") -> 0 | I69: 4월 | J69: =B69+C69+D69 -> 3511000 | K69: =E69+F69+G69 -> 2250000 | L69: =K69-J69 -> -1261000 | N69: =SUMIFS('24년 4월'!$K:$K,'24년 4월'!$B:$B,"소계",'24년 4월'!$C:$C,"구미운용팀") -> 28402 | O69: =SUMIFS('25년 4월'!$K:$K,'25년 4월'!$B:$B,"소계",'25년 4월'!$C:$C,"구미운용팀") -> 27940 | P69: =O69-N69 -> -462
A70: 5월 | B70: =SUMIFS('24년 5월'!$M:$M,'24년 5월'!$C:$C,"구미운용팀",'24년 5월'!$I:$I,"경유") -> 2229000 | C70: =SUMIFS('24년 5월'!$M:$M,'24년 5월'!$C:$C,"구미운용팀",'24년 5월'!$I:$I,"휘발유") -> 1350000 | D70: =SUMIFS('24년 5월'!$M:$M,'24년 5월'!$C:$C,"구미운용팀",'24년 5월'!$I:$I,"EV") -> 0 | E70: =SUMIFS('25년 5월'!$M:$M,'25년 5월'!$C:$C,"구미운용팀",'25년 5월'!$I:$I,"경유") -> 1580000 | F70: =SUMIFS('25년 5월'!$M:$M,'25년 5월'!$C:$C,"구미운용팀",'25년 5월'!$I:$I,"휘발유") -> 540000 | G70: =SUMIFS('25년 5월'!$M:$M,'25년 5월'!$C:$C,"구미운용팀",'25년 5월'!$I:$I,"EV") -> 0 | I70: 5월 | J70: =B70+C70+D70 -> 3579000 | K70: =E70+F70+G70 -> 2120000 | L70: =K70-J70 -> -1459000 | N70: =SUMIFS('24년 5월'!$K:$K,'24년 5월'!$B:$B,"소계",'24년 5월'!$C:$C,"구미운용팀") -> 29976 | O70: =SUMIFS('25년 5월'!$K:$K,'25년 5월'!$B:$B,"소계",'25년 5월'!$C:$C,"구미운용팀") -> 23672 | P70: =O70-N70 -> -6304
A71: 6월 | B71: =SUMIFS('24년 6월'!$M:$M,'24년 6월'!$C:$C,"구미운용팀",'24년 6월'!$I:$I,"경유") -> 2059500 | C71: =SUMIFS('24년 6월'!$M:$M,'24년 6월'!$C:$C,"구미운용팀",'24년 6월'!$I:$I,"휘발유") -> 1317000 | D71: =SUMIFS('24년 6월'!$M:$M,'24년 6월'!$C:$C,"구미운용팀",'24년 6월'!$I:$I,"EV") -> 0 | E71: =SUMIFS('25년 6월'!$M:$M,'25년 6월'!$C:$C,"구미운용팀",'25년 6월'!$I:$I,"경유") -> 1530000 | F71: =SUMIFS('25년 6월'!$M:$M,'25년 6월'!$C:$C,"구미운용팀",'25년 6월'!$I:$I,"휘발유") -> 420000 | G71: =SUMIFS('25년 6월'!$M:$M,'25년 6월'!$C:$C,"구미운용팀",'25년 6월'!$I:$I,"EV") -> 0 | I71: 6월 | J71: =B71+C71+D71 -> 3376500 | K71: =E71+F71+G71 -> 1950000 | L71: =K71-J71 -> -1426500 | N71: =SUMIFS('24년 6월'!$K:$K,'24년 6월'!$B:$B,"소계",'24년 6월'!$C:$C,"구미운용팀") -> 25796 | O71: =SUMIFS('25년 6월'!$K:$K,'25년 6월'!$B:$B,"소계",'25년 6월'!$C:$C,"구미운용팀") -> 23426 | P71: =O71-N71 -> -2370
A72: 7월 | B72: =SUMIFS('24년 7월'!$M:$M,'24년 7월'!$C:$C,"구미운용팀",'24년 7월'!$I:$I,"경유") -> 2747000 | C72: =SUMIFS('24년 7월'!$M:$M,'24년 7월'!$C:$C,"구미운용팀",'24년 7월'!$I:$I,"휘발유") -> 1419000 | D72: =SUMIFS('24년 7월'!$M:$M,'24년 7월'!$C:$C,"구미운용팀",'24년 7월'!$I:$I,"EV") -> 0 | E72: =SUMIFS('25년 7월'!$M:$M,'25년 7월'!$C:$C,"구미운용팀",'25년 7월'!$I:$I,"경유") -> 2110000 | F72: =SUMIFS('25년 7월'!$M:$M,'25년 7월'!$C:$C,"구미운용팀",'25년 7월'!$I:$I,"휘발유") -> 1406000 | G72: =SUMIFS('25년 7월'!$M:$M,'25년 7월'!$C:$C,"구미운용팀",'25년 7월'!$I:$I,"EV") -> 0 | I72: 7월 | J72: =B72+C72+D72 -> 4166000 | K72: =E72+F72+G72 -> 3516000 | L72: =K72-J72 -> -650000 | N72: =SUMIFS('24년 7월'!$K:$K,'24년 7월'!$B:$B,"소계",'24년 7월'!$C:$C,"구미운용팀") -> 30755 | O72: =SUMIFS('25년 7월'!$K:$K,'25년 7월'!$B:$B,"소계",'25년 7월'!$C:$C,"구미운용팀") -> 28373 | P72: =O72-N72 -> -2382
A73: 8월 | B73: =SUMIFS('24년 8월'!$M:$M,'24년 8월'!$C:$C,"구미운용팀",'24년 8월'!$I:$I,"경유") -> 2200000 | C73: =SUMIFS('24년 8월'!$M:$M,'24년 8월'!$C:$C,"구미운용팀",'24년 8월'!$I:$I,"휘발유") -> 1184000 | D73: =SUMIFS('24년 8월'!$M:$M,'24년 8월'!$C:$C,"구미운용팀",'24년 8월'!$I:$I,"EV") -> 0 | E73: =SUMIFS('25년 8월'!$M:$M,'25년 8월'!$C:$C,"구미운용팀",'25년 8월'!$I:$I,"경유") -> 1959612 | F73: =SUMIFS('25년 8월'!$M:$M,'25년 8월'!$C:$C,"구미운용팀",'25년 8월'!$I:$I,"휘발유") -> 1724133 | G73: =SUMIFS('25년 8월'!$M:$M,'25년 8월'!$C:$C,"구미운용팀",'25년 8월'!$I:$I,"EV") -> 0 | I73: 8월 | J73: =B73+C73+D73 -> 3384000 | K73: =E73+F73+G73 -> 3683745 | L73: =K73-J73 -> 299745 | N73: =SUMIFS('24년 8월'!$K:$K,'24년 8월'!$B:$B,"소계",'24년 8월'!$C:$C,"구미운용팀") -> 26089 | O73: =SUMIFS('25년 8월'!$K:$K,'25년 8월'!$B:$B,"소계",'25년 8월'!$C:$C,"구미운용팀") -> 25185 | P73: =O73-N73 -> -904
A74: 9월 | B74: =SUMIFS('24년 9월'!$M:$M,'24년 9월'!$C:$C,"구미운용팀",'24년 9월'!$I:$I,"경유") -> 1260000 | C74: =SUMIFS('24년 9월'!$M:$M,'24년 9월'!$C:$C,"구미운용팀",'24년 9월'!$I:$I,"휘발유") -> 1012000 | D74: =SUMIFS('24년 9월'!$M:$M,'24년 9월'!$C:$C,"구미운용팀",'24년 9월'!$I:$I,"EV") -> 0 | E74: =SUMIFS('25년 9월'!$M:$M,'25년 9월'!$C:$C,"구미운용팀",'25년 9월'!$I:$I,"경유") -> 1860000 | F74: =SUMIFS('25년 9월'!$M:$M,'25년 9월'!$C:$C,"구미운용팀",'25년 9월'!$I:$I,"휘발유") -> 1764771 | G74: =SUMIFS('25년 9월'!$M:$M,'25년 9월'!$C:$C,"구미운용팀",'25년 9월'!$I:$I,"EV") -> 0 | I74: 9월 | J74: =B74+C74+D74 -> 2272000 | K74: =E74+F74+G74 -> 3624771 | L74: =K74-J74 -> 1352771 | N74: =SUMIFS('24년 9월'!$K:$K,'24년 9월'!$B:$B,"소계",'24년 9월'!$C:$C,"구미운용팀") -> 21490 | O74: =SUMIFS('25년 9월'!$K:$K,'25년 9월'!$B:$B,"소계",'25년 9월'!$C:$C,"구미운용팀") -> 28154 | P74: =O74-N74 -> 6664
A75: 10월 | B75: =SUMIFS('24년 10월'!$M:$M,'24년 10월'!$C:$C,"구미운용팀",'24년 10월'!$I:$I,"경유") -> 1347000 | C75: =SUMIFS('24년 10월'!$M:$M,'24년 10월'!$C:$C,"구미운용팀",'24년 10월'!$I:$I,"휘발유") -> 855000 | D75: =SUMIFS('24년 10월'!$M:$M,'24년 10월'!$C:$C,"구미운용팀",'24년 10월'!$I:$I,"EV") -> 0 | E75: =SUMIFS('25년 10월'!$M:$M,'25년 10월'!$C:$C,"구미운용팀",'25년 10월'!$I:$I,"경유") -> 1549000 | F75: =SUMIFS('25년 10월'!$M:$M,'25년 10월'!$C:$C,"구미운용팀",'25년 10월'!$I:$I,"휘발유") -> 1234000 | G75: =SUMIFS('25년 10월'!$M:$M,'25년 10월'!$C:$C,"구미운용팀",'25년 10월'!$I:$I,"EV") -> 0 | I75: 10월 | J75: =B75+C75+D75 -> 2202000 | K75: =E75+F75+G75 -> 2783000 | L75: =K75-J75 -> 581000 | N75: =SUMIFS('24년 10월'!$K:$K,'24년 10월'!$B:$B,"소계",'24년 10월'!$C:$C,"구미운용팀") -> 22535 | O75: =SUMIFS('25년 10월'!$K:$K,'25년 10월'!$B:$B,"소계",'25년 10월'!$C:$C,"구미운용팀") -> 22083 | P75: =O75-N75 -> -452
A76: 11월 | B76: =SUMIFS('24년 11월'!$M:$M,'24년 11월'!$C:$C,"구미운용팀",'24년 11월'!$I:$I,"경유") -> 1248000 | C76: =SUMIFS('24년 11월'!$M:$M,'24년 11월'!$C:$C,"구미운용팀",'24년 11월'!$I:$I,"휘발유") -> 910000 | D76: =SUMIFS('24년 11월'!$M:$M,'24년 11월'!$C:$C,"구미운용팀",'24년 11월'!$I:$I,"EV") -> 5220 | E76: =SUMIFS('25년 11월'!$M:$M,'25년 11월'!$C:$C,"구미운용팀",'25년 11월'!$I:$I,"경유") -> 1420000 | F76: =SUMIFS('25년 11월'!$M:$M,'25년 11월'!$C:$C,"구미운용팀",'25년 11월'!$I:$I,"휘발유") -> 1285000 | G76: =SUMIFS('25년 11월'!$M:$M,'25년 11월'!$C:$C,"구미운용팀",'25년 11월'!$I:$I,"EV") -> 0 | I76: 11월 | J76: =B76+C76+D76 -> 2163220 | K76: =E76+F76+G76 -> 2705000 | L76: =K76-J76 -> 541780 | N76: =SUMIFS('24년 11월'!$K:$K,'24년 11월'!$B:$B,"소계",'24년 11월'!$C:$C,"구미운용팀") -> 21925 | O76: =SUMIFS('25년 11월'!$K:$K,'25년 11월'!$B:$B,"소계",'25년 11월'!$C:$C,"구미운용팀") -> 22648 | P76: =O76-N76 -> 723
A77: 12월 | B77: =SUMIFS('24년 12월'!$M:$M,'24년 12월'!$C:$C,"구미운용팀",'24년 12월'!$I:$I,"경유") -> 1178000 | C77: =SUMIFS('24년 12월'!$M:$M,'24년 12월'!$C:$C,"구미운용팀",'24년 12월'!$I:$I,"휘발유") -> 860000 | D77: =SUMIFS('24년 12월'!$M:$M,'24년 12월'!$C:$C,"구미운용팀",'24년 12월'!$I:$I,"EV") -> 0 | E77: =SUMIFS('25년 12월'!$M:$M,'25년 12월'!$C:$C,"구미운용팀",'25년 12월'!$I:$I,"경유") -> 1498000 | F77: =SUMIFS('25년 12월'!$M:$M,'25년 12월'!$C:$C,"구미운용팀",'25년 12월'!$I:$I,"휘발유") -> 1371000 | G77: =SUMIFS('25년 12월'!$M:$M,'25년 12월'!$C:$C,"구미운용팀",'25년 12월'!$I:$I,"EV") -> 0 | I77: 12월 | J77: =B77+C77+D77 -> 2038000 | K77: =E77+F77+G77 -> 2869000 | L77: =K77-J77 -> 831000 | N77: =SUMIFS('24년 12월'!$K:$K,'24년 12월'!$B:$B,"소계",'24년 12월'!$C:$C,"구미운용팀") -> 20306 | O77: =SUMIFS('25년 12월'!$K:$K,'25년 12월'!$B:$B,"소계",'25년 12월'!$C:$C,"구미운용팀") -> 20413 | P77: =O77-N77 -> 107
A78: 합계 | B78: =SUM(B66:B77) -> 23162981 | C78: =SUM(C66:C77) -> 13442000 | D78: =SUM(D66:D77) -> 57476 | E78: =SUM(E66:E77) -> 19941612 | F78: =SUM(F66:F77) -> 11950904 | G78: =SUM(G66:G77) -> 10490 | P78: =SUM(P66:P77) -> -10909
A80: 문경운용팀 | AG80: 원인분석
A83: 구분 | B83: 24년 | E83: 25년
B84: 경유 유류비 | C84: 휘발유 유류비 | D84: EV 유류비 | E84: 경유 유류비 | F84: 휘발유 유류비 | G84: EV 유류비 | I84: 구분 | J84: 24년 유류비 | K84: 25년 유류비 | L84: 증감비용 | N84: 24년 주행거리 | O84: 25년 주행거리 | P84: 증감거리
A85: 1월 | B85: =SUMIFS('24년 1월'!$M:$M,'24년 1월'!$C:$C,"문경운용팀",'24년 1월'!$I:$I,"경유") -> 2232000 | C85: =SUMIFS('24년 1월'!$M:$M,'24년 1월'!$C:$C,"문경운용팀",'24년 1월'!$I:$I,"휘발유") -> 784000 | D85: =SUMIFS('24년 1월'!$M:$M,'24년 1월'!$C:$C,"문경운용팀",'24년 1월'!$I:$I,"EV") -> 0 | E85: =SUMIFS('25년 1월'!$M:$M,'25년 1월'!$C:$C,"문경운용팀",'25년 1월'!$I:$I,"경유") -> 1730000 | F85: =SUMIFS('25년 1월'!$M:$M,'25년 1월'!$C:$C,"문경운용팀",'25년 1월'!$I:$I,"휘발유") -> 315000 | G85: =SUMIFS('25년 1월'!$M:$M,'25년 1월'!$C:$C,"문경운용팀",'25년 1월'!$I:$I,"EV") -> 40002 | I85: 1월 | J85: =B85+C85+D85 -> 3016000 | K85: =E85+F85+G85 -> 2085002 | L85: =K85-J85 -> -930998 | N85: =SUMIFS('24년 4월'!$K:$K,'24년 4월'!$B:$B,"소계",'24년 4월'!$C:$C,"문경운용팀") -> 22911 | O85: =SUMIFS('25년 4월'!$K:$K,'25년 4월'!$B:$B,"소계",'25년 4월'!$C:$C,"문경운용팀") -> 21742 | P85: =O85-N85 -> -1169
A86: 2월 | B86: =SUMIFS('24년 2월'!$M:$M,'24년 2월'!$C:$C,"문경운용팀",'24년 2월'!$I:$I,"경유") -> 1771000 | C86: =SUMIFS('24년 2월'!$M:$M,'24년 2월'!$C:$C,"문경운용팀",'24년 2월'!$I:$I,"휘발유") -> 528000 | D86: =SUMIFS('24년 2월'!$M:$M,'24년 2월'!$C:$C,"문경운용팀",'24년 2월'!$I:$I,"EV") -> 0 | E86: =SUMIFS('25년 2월'!$M:$M,'25년 2월'!$C:$C,"문경운용팀",'25년 2월'!$I:$I,"경유") -> 2178748 | F86: =SUMIFS('25년 2월'!$M:$M,'25년 2월'!$C:$C,"문경운용팀",'25년 2월'!$I:$I,"휘발유") -> 50000 | G86: =SUMIFS('25년 2월'!$M:$M,'25년 2월'!$C:$C,"문경운용팀",'25년 2월'!$I:$I,"EV") -> 62593 | I86: 2월 | J86: =B86+C86+D86 -> 2299000 | K86: =E86+F86+G86 -> 2291341 | L86: =K86-J86 -> -7659 | N86: =SUMIFS('24년 2월'!$K:$K,'24년 2월'!$B:$B,"소계",'24년 2월'!$C:$C,"문경운용팀") -> 20257 | O86: =SUMIFS('25년 2월'!$K:$K,'25년 2월'!$B:$B,"소계",'25년 2월'!$C:$C,"문경운용팀") -> 19601 | P86: =O86-N86 -> -656
A87: 3월 | B87: =SUMIFS('24년 3월'!$M:$M,'24년 3월'!$C:$C,"문경운용팀",'24년 3월'!$I:$I,"경유") -> 2168000 | C87: =SUMIFS('24년 3월'!$M:$M,'24년 3월'!$C:$C,"문경운용팀",'24년 3월'!$I:$I,"휘발유") -> 701000 | D87: =SUMIFS('24년 3월'!$M:$M,'24년 3월'!$C:$C,"문경운용팀",'24년 3월'!$I:$I,"EV") -> 0 | E87: =SUMIFS('25년 3월'!$M:$M,'25년 3월'!$C:$C,"문경운용팀",'25년 3월'!$I:$I,"경유") -> 2039000 | F87: =SUMIFS('25년 3월'!$M:$M,'25년 3월'!$C:$C,"문경운용팀",'25년 3월'!$I:$I,"휘발유") -> 0 | G87: =SUMIFS('25년 3월'!$M:$M,'25년 3월'!$C:$C,"문경운용팀",'25년 3월'!$I:$I,"EV") -> 39136 | I87: 3월 | J87: =B87+C87+D87 -> 2869000 | K87: =E87+F87+G87 -> 2078136 | L87: =K87-J87 -> -790864 | N87: =SUMIFS('24년 3월'!$K:$K,'24년 3월'!$B:$B,"소계",'24년 3월'!$C:$C,"문경운용팀") -> 23307 | O87: =SUMIFS('25년 3월'!$K:$K,'25년 3월'!$B:$B,"소계",'25년 3월'!$C:$C,"문경운용팀") -> 21410 | P87: =O87-N87 -> -1897
A88: 4월 | B88: =SUMIFS('24년 4월'!$M:$M,'24년 4월'!$C:$C,"문경운용팀",'24년 4월'!$I:$I,"경유") -> 1837000 | C88: =SUMIFS('24년 4월'!$M:$M,'24년 4월'!$C:$C,"문경운용팀",'24년 4월'!$I:$I,"휘발유") -> 667000 | D88: =SUMIFS('24년 4월'!$M:$M,'24년 4월'!$C:$C,"문경운용팀",'24년 4월'!$I:$I,"EV") -> 0 | E88: =SUMIFS('25년 4월'!$M:$M,'25년 4월'!$C:$C,"문경운용팀",'25년 4월'!$I:$I,"경유") -> 2375000 | F88: =SUMIFS('25년 4월'!$M:$M,'25년 4월'!$C:$C,"문경운용팀",'25년 4월'!$I:$I,"휘발유") -> 0 | G88: =SUMIFS('25년 4월'!$M:$M,'25년 4월'!$C:$C,"문경운용팀",'25년 4월'!$I:$I,"EV") -> 62458 | I88: 4월 | J88: =B88+C88+D88 -> 2504000 | K88: =E88+F88+G88 -> 2437458 | L88: =K88-J88 -> -66542 | N88: =SUMIFS('24년 4월'!$K:$K,'24년 4월'!$B:$B,"소계",'24년 4월'!$C:$C,"문경운용팀") -> 22911 | O88: =SUMIFS('25년 4월'!$K:$K,'25년 4월'!$B:$B,"소계",'25년 4월'!$C:$C,"문경운용팀") -> 21742 | P88: =O88-N88 -> -1169
A89: 5월 | B89: =SUMIFS('24년 5월'!$M:$M,'24년 5월'!$C:$C,"문경운용팀",'24년 5월'!$I:$I,"경유") -> 2080000 | C89: =SUMIFS('24년 5월'!$M:$M,'24년 5월'!$C:$C,"문경운용팀",'24년 5월'!$I:$I,"휘발유") -> 678000 | D89: =SUMIFS('24년 5월'!$M:$M,'24년 5월'!$C:$C,"문경운용팀",'24년 5월'!$I:$I,"EV") -> 0 | E89: =SUMIFS('25년 5월'!$M:$M,'25년 5월'!$C:$C,"문경운용팀",'25년 5월'!$I:$I,"경유") -> 2029000 | F89: =SUMIFS('25년 5월'!$M:$M,'25년 5월'!$C:$C,"문경운용팀",'25년 5월'!$I:$I,"휘발유") -> 0 | G89: =SUMIFS('25년 5월'!$M:$M,'25년 5월'!$C:$C,"문경운용팀",'25년 5월'!$I:$I,"EV") -> 68760 | I89: 5월 | J89: =B89+C89+D89 -> 2758000 | K89: =E89+F89+G89 -> 2097760 | L89: =K89-J89 -> -660240 | N89: =SUMIFS('24년 5월'!$K:$K,'24년 5월'!$B:$B,"소계",'24년 5월'!$C:$C,"문경운용팀") -> 23965 | O89: =SUMIFS('25년 5월'!$K:$K,'25년 5월'!$B:$B,"소계",'25년 5월'!$C:$C,"문경운용팀") -> 22565 | P89: =O89-N89 -> -1400
A90: 6월 | B90: =SUMIFS('24년 6월'!$M:$M,'24년 6월'!$C:$C,"문경운용팀",'24년 6월'!$I:$I,"경유") -> 1982000 | C90: =SUMIFS('24년 6월'!$M:$M,'24년 6월'!$C:$C,"문경운용팀",'24년 6월'!$I:$I,"휘발유") -> 705000 | D90: =SUMIFS('24년 6월'!$M:$M,'24년 6월'!$C:$C,"문경운용팀",'24년 6월'!$I:$I,"EV") -> 0 | E90: =SUMIFS('25년 6월'!$M:$M,'25년 6월'!$C:$C,"문경운용팀",'25년 6월'!$I:$I,"경유") -> 2047000 | F90: =SUMIFS('25년 6월'!$M:$M,'25년 6월'!$C:$C,"문경운용팀",'25년 6월'!$I:$I,"휘발유") -> 0 | G90: =SUMIFS('25년 6월'!$M:$M,'25년 6월'!$C:$C,"문경운용팀",'25년 6월'!$I:$I,"EV") -> 88249 | I90: 6월 | J90: =B90+C90+D90 -> 2687000 | K90: =E90+F90+G90 -> 2135249 | L90: =K90-J90 -> -551751 | N90: =SUMIFS('24년 6월'!$K:$K,'24년 6월'!$B:$B,"소계",'24년 6월'!$C:$C,"문경운용팀") -> 23488 | O90: =SUMIFS('25년 6월'!$K:$K,'25년 6월'!$B:$B,"소계",'25년 6월'!$C:$C,"문경운용팀") -> 22216 | P90: =O90-N90 -> -1272
A91: 7월 | B91: =SUMIFS('24년 7월'!$M:$M,'24년 7월'!$C:$C,"문경운용팀",'24년 7월'!$I:$I,"경유") -> 2427000 | C91: =SUMIFS('24년 7월'!$M:$M,'24년 7월'!$C:$C,"문경운용팀",'24년 7월'!$I:$I,"휘발유") -> 790000 | D91: =SUMIFS('24년 7월'!$M:$M,'24년 7월'!$C:$C,"문경운용팀",'24년 7월'!$I:$I,"EV") -> 0 | E91: =SUMIFS('25년 7월'!$M:$M,'25년 7월'!$C:$C,"문경운용팀",'25년 7월'!$I:$I,"경유") -> 2067000 | F91: =SUMIFS('25년 7월'!$M:$M,'25년 7월'!$C:$C,"문경운용팀",'25년 7월'!$I:$I,"휘발유") -> 563000 | G91: =SUMIFS('25년 7월'!$M:$M,'25년 7월'!$C:$C,"문경운용팀",'25년 7월'!$I:$I,"EV") -> 120150 | I91: 7월 | J91: =B91+C91+D91 -> 3217000 | K91: =E91+F91+G91 -> 2750150 | L91: =K91-J91 -> -466850 | N91: =SUMIFS('24년 7월'!$K:$K,'24년 7월'!$B:$B,"소계",'24년 7월'!$C:$C,"문경운용팀") -> 25881 | O91: =SUMIFS('25년 7월'!$K:$K,'25년 7월'!$B:$B,"소계",'25년 7월'!$C:$C,"문경운용팀") -> 25511 | P91: =O91-N91 -> -370
A92: 8월 | B92: =SUMIFS('24년 8월'!$M:$M,'24년 8월'!$C:$C,"문경운용팀",'24년 8월'!$I:$I,"경유") -> 1938000 | C92: =SUMIFS('24년 8월'!$M:$M,'24년 8월'!$C:$C,"문경운용팀",'24년 8월'!$I:$I,"휘발유") -> 723000 | D92: =SUMIFS('24년 8월'!$M:$M,'24년 8월'!$C:$C,"문경운용팀",'24년 8월'!$I:$I,"EV") -> 0 | E92: =SUMIFS('25년 8월'!$M:$M,'25년 8월'!$C:$C,"문경운용팀",'25년 8월'!$I:$I,"경유") -> 1849000 | F92: =SUMIFS('25년 8월'!$M:$M,'25년 8월'!$C:$C,"문경운용팀",'25년 8월'!$I:$I,"휘발유") -> 659000 | G92: =SUMIFS('25년 8월'!$M:$M,'25년 8월'!$C:$C,"문경운용팀",'25년 8월'!$I:$I,"EV") -> 0 | I92: 8월 | J92: =B92+C92+D92 -> 2661000 | K92: =E92+F92+G92 -> 2508000 | L92: =K92-J92 -> -153000 | N92: =SUMIFS('24년 8월'!$K:$K,'24년 8월'!$B:$B,"소계",'24년 8월'!$C:$C,"문경운용팀") -> 23600 | O92: =SUMIFS('25년 8월'!$K:$K,'25년 8월'!$B:$B,"소계",'25년 8월'!$C:$C,"문경운용팀") -> 21429 | P92: =O92-N92 -> -2171
A93: 9월 | B93: =SUMIFS('24년 9월'!$M:$M,'24년 9월'!$C:$C,"문경운용팀",'24년 9월'!$I:$I,"경유") -> 1874000 | C93: =SUMIFS('24년 9월'!$M:$M,'24년 9월'!$C:$C,"문경운용팀",'24년 9월'!$I:$I,"휘발유") -> 435000 | D93: =SUMIFS('24년 9월'!$M:$M,'24년 9월'!$C:$C,"문경운용팀",'24년 9월'!$I:$I,"EV") -> 76999 | E93: =SUMIFS('25년 9월'!$M:$M,'25년 9월'!$C:$C,"문경운용팀",'25년 9월'!$I:$I,"경유") -> 1947000 | F93: =SUMIFS('25년 9월'!$M:$M,'25년 9월'!$C:$C,"문경운용팀",'25년 9월'!$I:$I,"휘발유") -> 601000 | G93: =SUMIFS('25년 9월'!$M:$M,'25년 9월'!$C:$C,"문경운용팀",'25년 9월'!$I:$I,"EV") -> 0 | I93: 9월 | J93: =B93+C93+D93 -> 2385999 | K93: =E93+F93+G93 -> 2548000 | L93: =K93-J93 -> 162001 | N93: =SUMIFS('24년 9월'!$K:$K,'24년 9월'!$B:$B,"소계",'24년 9월'!$C:$C,"문경운용팀") -> 21250 | O93: =SUMIFS('25년 9월'!$K:$K,'25년 9월'!$B:$B,"소계",'25년 9월'!$C:$C,"문경운용팀") -> 22401 | P93: =O93-N93 -> 1151
A94: 10월 | B94: =SUMIFS('24년 10월'!$M:$M,'24년 10월'!$C:$C,"문경운용팀",'24년 10월'!$I:$I,"경유") -> 1929000 | C94: =SUMIFS('24년 10월'!$M:$M,'24년 10월'!$C:$C,"문경운용팀",'24년 10월'!$I:$I,"휘발유") -> 471000 | D94: =SUMIFS('24년 10월'!$M:$M,'24년 10월'!$C:$C,"문경운용팀",'24년 10월'!$I:$I,"EV") -> 66347 | E94: =SUMIFS('25년 10월'!$M:$M,'25년 10월'!$C:$C,"문경운용팀",'25년 10월'!$I:$I,"경유") -> 1499000 | F94: =SUMIFS('25년 10월'!$M:$M,'25년 10월'!$C:$C,"문경운용팀",'25년 10월'!$I:$I,"휘발유") -> 570000 | G94: =SUMIFS('25년 10월'!$M:$M,'25년 10월'!$C:$C,"문경운용팀",'25년 10월'!$I:$I,"EV") -> 0 | I94: 10월 | J94: =B94+C94+D94 -> 2466347 | K94: =E94+F94+G94 -> 2069000 | L94: =K94-J94 -> -397347 | N94: =SUMIFS('24년 10월'!$K:$K,'24년 10월'!$B:$B,"소계",'24년 10월'!$C:$C,"문경운용팀") -> 21898 | O94: =SUMIFS('25년 10월'!$K:$K,'25년 10월'!$B:$B,"소계",'25년 10월'!$C:$C,"문경운용팀") -> 18964 | P94: =O94-N94 -> -2934
A95: 11월 | B95: =SUMIFS('24년 11월'!$M:$M,'24년 11월'!$C:$C,"문경운용팀",'24년 11월'!$I:$I,"경유") -> 1710000 | C95: =SUMIFS('24년 11월'!$M:$M,'24년 11월'!$C:$C,"문경운용팀",'24년 11월'!$I:$I,"휘발유") -> 360000 | D95: =SUMIFS('24년 11월'!$M:$M,'24년 11월'!$C:$C,"문경운용팀",'24년 11월'!$I:$I,"EV") -> 45152 | E95: =SUMIFS('25년 11월'!$M:$M,'25년 11월'!$C:$C,"문경운용팀",'25년 11월'!$I:$I,"경유") -> 1726000 | F95: =SUMIFS('25년 11월'!$M:$M,'25년 11월'!$C:$C,"문경운용팀",'25년 11월'!$I:$I,"휘발유") -> 355000 | G95: =SUMIFS('25년 11월'!$M:$M,'25년 11월'!$C:$C,"문경운용팀",'25년 11월'!$I:$I,"EV") -> 0 | I95: 11월 | J95: =B95+C95+D95 -> 2115152 | K95: =E95+F95+G95 -> 2081000 | L95: =K95-J95 -> -34152 | N95: =SUMIFS('24년 11월'!$K:$K,'24년 11월'!$B:$B,"소계",'24년 11월'!$C:$C,"문경운용팀") -> 19941 | O95: =SUMIFS('25년 11월'!$K:$K,'25년 11월'!$B:$B,"소계",'25년 11월'!$C:$C,"문경운용팀") -> 17521 | P95: =O95-N95 -> -2420
A96: 12월 | B96: =SUMIFS('24년 12월'!$M:$M,'24년 12월'!$C:$C,"문경운용팀",'24년 12월'!$I:$I,"경유") -> 1659000 | C96: =SUMIFS('24년 12월'!$M:$M,'24년 12월'!$C:$C,"문경운용팀",'24년 12월'!$I:$I,"휘발유") -> 360000 | D96: =SUMIFS('24년 12월'!$M:$M,'24년 12월'!$C:$C,"문경운용팀",'24년 12월'!$I:$I,"EV") -> 51230 | E96: =SUMIFS('25년 12월'!$M:$M,'25년 12월'!$C:$C,"문경운용팀",'25년 12월'!$I:$I,"경유") -> 1632000 | F96: =SUMIFS('25년 12월'!$M:$M,'25년 12월'!$C:$C,"문경운용팀",'25년 12월'!$I:$I,"휘발유") -> 290000 | G96: =SUMIFS('25년 12월'!$M:$M,'25년 12월'!$C:$C,"문경운용팀",'25년 12월'!$I:$I,"EV") -> 0 | I96: 12월 | J96: =B96+C96+D96 -> 2070230 | K96: =E96+F96+G96 -> 1922000 | L96: =K96-J96 -> -148230 | N96: =SUMIFS('24년 12월'!$K:$K,'24년 12월'!$B:$B,"소계",'24년 12월'!$C:$C,"문경운용팀") -> 19007 | O96: =SUMIFS('25년 12월'!$K:$K,'25년 12월'!$B:$B,"소계",'25년 12월'!$C:$C,"문경운용팀") -> 16842 | P96: =O96-N96 -> -2165
A97: 합계 | B97: =SUM(B85:B96) -> 23607000 | C97: =SUM(C85:C96) -> 7202000 | D97: =SUM(D85:D96) -> 239728 | E97: =SUM(E85:E96) -> 23118748 | F97: =SUM(F85:F96) -> 3403000 | G97: =SUM(G85:G96) -> 481348 | P97: =SUM(P85:P96) -> -16472
A99: 포항운용팀 | AG99: 원인분석
A102: 구분
A103: 구분 | B103: 24년 | E103: 25년
B104: 경유 유류비 | C104: 휘발유 유류비 | D104: EV 유류비 | E104: 경유 유류비 | F104: 휘발유 유류비 | G104: EV 유류비 | I104: 구분 | J104: 24년 유류비 | K104: 25년 유류비 | L104: 증감비용 | N104: 24년 주행거리 | O104: 25년 주행거리 | P104: 증감거리
A105: 1월 | B105: =SUMIFS('24년 1월'!$M:$M,'24년 1월'!$C:$C,"포항운용팀",'24년 1월'!$I:$I,"경유") -> 2657450 | C105: =SUMIFS('24년 1월'!$M:$M,'24년 1월'!$C:$C,"포항운용팀",'24년 1월'!$I:$I,"휘발유") -> 2357817 | D105: =SUMIFS('24년 1월'!$M:$M,'24년 1월'!$C:$C,"포항운용팀",'24년 1월'!$I:$I,"EV") -> 0 | E105: =SUMIFS('25년 1월'!$M:$M,'25년 1월'!$C:$C,"포항운용팀",'25년 1월'!$I:$I,"경유") -> 2344868 | F105: =SUMIFS('25년 1월'!$M:$M,'25년 1월'!$C:$C,"포항운용팀",'25년 1월'!$I:$I,"휘발유") -> 803000 | G105: =SUMIFS('25년 1월'!$M:$M,'25년 1월'!$C:$C,"포항운용팀",'25년 1월'!$I:$I,"EV") -> 0 | I105: 1월 | J105: =B105+C105+D105 -> 5015267 | K105: =E105+F105+G105 -> 3147868 | L105: =K105-J105 -> -1867399 | N105: =SUMIFS('24년 4월'!$K:$K,'24년 4월'!$B:$B,"소계",'24년 4월'!$C:$C,"포항운용팀") -> 45969 | O105: =SUMIFS('25년 4월'!$K:$K,'25년 4월'!$B:$B,"소계",'25년 4월'!$C:$C,"포항운용팀") -> 48946 | P105: =O105-N105 -> 2977
A106: 2월 | B106: =SUMIFS('24년 2월'!$M:$M,'24년 2월'!$C:$C,"포항운용팀",'24년 2월'!$I:$I,"경유") -> 2798857 | C106: =SUMIFS('24년 2월'!$M:$M,'24년 2월'!$C:$C,"포항운용팀",'24년 2월'!$I:$I,"휘발유") -> 2358000 | D106: =SUMIFS('24년 2월'!$M:$M,'24년 2월'!$C:$C,"포항운용팀",'24년 2월'!$I:$I,"EV") -> 0 | E106: =SUMIFS('25년 2월'!$M:$M,'25년 2월'!$C:$C,"포항운용팀",'25년 2월'!$I:$I,"경유") -> 3011000 | F106: =SUMIFS('25년 2월'!$M:$M,'25년 2월'!$C:$C,"포항운용팀",'25년 2월'!$I:$I,"휘발유") -> 1034000 | G106: =SUMIFS('25년 2월'!$M:$M,'25년 2월'!$C:$C,"포항운용팀",'25년 2월'!$I:$I,"EV") -> 0 | I106: 2월 | J106: =B106+C106+D106 -> 5156857 | K106: =E106+F106+G106 -> 4045000 | L106: =K106-J106 -> -1111857 | N106: =SUMIFS('24년 2월'!$K:$K,'24년 2월'!$B:$B,"소계",'24년 2월'!$C:$C,"포항운용팀") -> 43960 | O106: =SUMIFS('25년 2월'!$K:$K,'25년 2월'!$B:$B,"소계",'25년 2월'!$C:$C,"포항운용팀") -> 44638 | P106: =O106-N106 -> 678
A107: 3월 | B107: =SUMIFS('24년 3월'!$M:$M,'24년 3월'!$C:$C,"포항운용팀",'24년 3월'!$I:$I,"경유") -> 2902429 | C107: =SUMIFS('24년 3월'!$M:$M,'24년 3월'!$C:$C,"포항운용팀",'24년 3월'!$I:$I,"휘발유") -> 2475825 | D107: =SUMIFS('24년 3월'!$M:$M,'24년 3월'!$C:$C,"포항운용팀",'24년 3월'!$I:$I,"EV") -> 0 | E107: =SUMIFS('25년 3월'!$M:$M,'25년 3월'!$C:$C,"포항운용팀",'25년 3월'!$I:$I,"경유") -> 2761000 | F107: =SUMIFS('25년 3월'!$M:$M,'25년 3월'!$C:$C,"포항운용팀",'25년 3월'!$I:$I,"휘발유") -> 1085000 | G107: =SUMIFS('25년 3월'!$M:$M,'25년 3월'!$C:$C,"포항운용팀",'25년 3월'!$I:$I,"EV") -> 0 | I107: 3월 | J107: =B107+C107+D107 -> 5378254 | K107: =E107+F107+G107 -> 3846000 | L107: =K107-J107 -> -1532254 | N107: =SUMIFS('24년 3월'!$K:$K,'24년 3월'!$B:$B,"소계",'24년 3월'!$C:$C,"포항운용팀") -> 48672 | O107: =SUMIFS('25년 3월'!$K:$K,'25년 3월'!$B:$B,"소계",'25년 3월'!$C:$C,"포항운용팀") -> 49543 | P107: =O107-N107 -> 871
A108: 4월 | B108: =SUMIFS('24년 4월'!$M:$M,'24년 4월'!$C:$C,"포항운용팀",'24년 4월'!$I:$I,"경유") -> 2682373 | C108: =SUMIFS('24년 4월'!$M:$M,'24년 4월'!$C:$C,"포항운용팀",'24년 4월'!$I:$I,"휘발유") -> 2438991 | D108: =SUMIFS('24년 4월'!$M:$M,'24년 4월'!$C:$C,"포항운용팀",'24년 4월'!$I:$I,"EV") -> 0 | E108: =SUMIFS('25년 4월'!$M:$M,'25년 4월'!$C:$C,"포항운용팀",'25년 4월'!$I:$I,"경유") -> 3160000 | F108: =SUMIFS('25년 4월'!$M:$M,'25년 4월'!$C:$C,"포항운용팀",'25년 4월'!$I:$I,"휘발유") -> 978000 | G108: =SUMIFS('25년 4월'!$M:$M,'25년 4월'!$C:$C,"포항운용팀",'25년 4월'!$I:$I,"EV") -> 0 | I108: 4월 | J108: =B108+C108+D108 -> 5121364 | K108: =E108+F108+G108 -> 4138000 | L108: =K108-J108 -> -983364 | N108: =SUMIFS('24년 4월'!$K:$K,'24년 4월'!$B:$B,"소계",'24년 4월'!$C:$C,"포항운용팀") -> 45969 | O108: =SUMIFS('25년 4월'!$K:$K,'25년 4월'!$B:$B,"소계",'25년 4월'!$C:$C,"포항운용팀") -> 48946 | P108: =O108-N108 -> 2977
A109: 5월 | B109: =SUMIFS('24년 5월'!$M:$M,'24년 5월'!$C:$C,"포항운용팀",'24년 5월'!$I:$I,"경유") -> 3318900 | C109: =SUMIFS('24년 5월'!$M:$M,'24년 5월'!$C:$C,"포항운용팀",'24년 5월'!$I:$I,"휘발유") -> 2405942 | D109: =SUMIFS('24년 5월'!$M:$M,'24년 5월'!$C:$C,"포항운용팀",'24년 5월'!$I:$I,"EV") -> 0 | E109: =SUMIFS('25년 5월'!$M:$M,'25년 5월'!$C:$C,"포항운용팀",'25년 5월'!$I:$I,"경유") -> 2632000 | F109: =SUMIFS('25년 5월'!$M:$M,'25년 5월'!$C:$C,"포항운용팀",'25년 5월'!$I:$I,"휘발유") -> 718000 | G109: =SUMIFS('25년 5월'!$M:$M,'25년 5월'!$C:$C,"포항운용팀",'25년 5월'!$I:$I,"EV") -> 0 | I109: 5월 | J109: =B109+C109+D109 -> 5724842 | K109: =E109+F109+G109 -> 3350000 | L109: =K109-J109 -> -2374842 | N109: =SUMIFS('24년 5월'!$K:$K,'24년 5월'!$B:$B,"소계",'24년 5월'!$C:$C,"포항운용팀") -> 47427 | O109: =SUMIFS('25년 5월'!$K:$K,'25년 5월'!$B:$B,"소계",'25년 5월'!$C:$C,"포항운용팀") -> 41310 | P109: =O109-N109 -> -6117
A110: 6월 | B110: =SUMIFS('24년 6월'!$M:$M,'24년 6월'!$C:$C,"포항운용팀",'24년 6월'!$I:$I,"경유") -> 2576328 | C110: =SUMIFS('24년 6월'!$M:$M,'24년 6월'!$C:$C,"포항운용팀",'24년 6월'!$I:$I,"휘발유") -> 2341000 | D110: =SUMIFS('24년 6월'!$M:$M,'24년 6월'!$C:$C,"포항운용팀",'24년 6월'!$I:$I,"EV") -> 0 | E110: =SUMIFS('25년 6월'!$M:$M,'25년 6월'!$C:$C,"포항운용팀",'25년 6월'!$I:$I,"경유") -> 2993350 | F110: =SUMIFS('25년 6월'!$M:$M,'25년 6월'!$C:$C,"포항운용팀",'25년 6월'!$I:$I,"휘발유") -> 970000 | G110: =SUMIFS('25년 6월'!$M:$M,'25년 6월'!$C:$C,"포항운용팀",'25년 6월'!$I:$I,"EV") -> 51007 | I110: 6월 | J110: =B110+C110+D110 -> 4917328 | K110: =E110+F110+G110 -> 4014357 | L110: =K110-J110 -> -902971 | N110: =SUMIFS('24년 6월'!$K:$K,'24년 6월'!$B:$B,"소계",'24년 6월'!$C:$C,"포항운용팀") -> 41557 | O110: =SUMIFS('25년 6월'!$K:$K,'25년 6월'!$B:$B,"소계",'25년 6월'!$C:$C,"포항운용팀") -> 45025 | P110: =O110-N110 -> 3468
A111: 7월 | B111: =SUMIFS('24년 7월'!$M:$M,'24년 7월'!$C:$C,"포항운용팀",'24년 7월'!$I:$I,"경유") -> 3783531 | C111: =SUMIFS('24년 7월'!$M:$M,'24년 7월'!$C:$C,"포항운용팀",'24년 7월'!$I:$I,"휘발유") -> 2480000 | D111: =SUMIFS('24년 7월'!$M:$M,'24년 7월'!$C:$C,"포항운용팀",'24년 7월'!$I:$I,"EV") -> 0 | E111: =SUMIFS('25년 7월'!$M:$M,'25년 7월'!$C:$C,"포항운용팀",'25년 7월'!$I:$I,"경유") -> 3807000 | F111: =SUMIFS('25년 7월'!$M:$M,'25년 7월'!$C:$C,"포항운용팀",'25년 7월'!$I:$I,"휘발유") -> 2178000 | G111: =SUMIFS('25년 7월'!$M:$M,'25년 7월'!$C:$C,"포항운용팀",'25년 7월'!$I:$I,"EV") -> 0 | I111: 7월 | J111: =B111+C111+D111 -> 6263531 | K111: =E111+F111+G111 -> 5985000 | L111: =K111-J111 -> -278531 | N111: =SUMIFS('24년 7월'!$K:$K,'24년 7월'!$B:$B,"소계",'24년 7월'!$C:$C,"포항운용팀") -> 51660 | O111: =SUMIFS('25년 7월'!$K:$K,'25년 7월'!$B:$B,"소계",'25년 7월'!$C:$C,"포항운용팀") -> 55496 | P111: =O111-N111 -> 3836
A112: 8월 | B112: =SUMIFS('24년 8월'!$M:$M,'24년 8월'!$C:$C,"포항운용팀",'24년 8월'!$I:$I,"경유") -> 3047960 | C112: =SUMIFS('24년 8월'!$M:$M,'24년 8월'!$C:$C,"포항운용팀",'24년 8월'!$I:$I,"휘발유") -> 2541000 | D112: =SUMIFS('24년 8월'!$M:$M,'24년 8월'!$C:$C,"포항운용팀",'24년 8월'!$I:$I,"EV") -> 0 | E112: =SUMIFS('25년 8월'!$M:$M,'25년 8월'!$C:$C,"포항운용팀",'25년 8월'!$I:$I,"경유") -> 3157000 | F112: =SUMIFS('25년 8월'!$M:$M,'25년 8월'!$C:$C,"포항운용팀",'25년 8월'!$I:$I,"휘발유") -> 2166000 | G112: =SUMIFS('25년 8월'!$M:$M,'25년 8월'!$C:$C,"포항운용팀",'25년 8월'!$I:$I,"EV") -> 0 | I112: 8월 | J112: =B112+C112+D112 -> 5588960 | K112: =E112+F112+G112 -> 5323000 | L112: =K112-J112 -> -265960 | N112: =SUMIFS('24년 8월'!$K:$K,'24년 8월'!$B:$B,"소계",'24년 8월'!$C:$C,"포항운용팀") -> 43363 | O112: =SUMIFS('25년 8월'!$K:$K,'25년 8월'!$B:$B,"소계",'25년 8월'!$C:$C,"포항운용팀") -> 44782 | P112: =O112-N112 -> 1419
A113: 9월 | B113: =SUMIFS('24년 9월'!$M:$M,'24년 9월'!$C:$C,"포항운용팀",'24년 9월'!$I:$I,"경유") -> 2457000 | C113: =SUMIFS('24년 9월'!$M:$M,'24년 9월'!$C:$C,"포항운용팀",'24년 9월'!$I:$I,"휘발유") -> 828000 | D113: =SUMIFS('24년 9월'!$M:$M,'24년 9월'!$C:$C,"포항운용팀",'24년 9월'!$I:$I,"EV") -> 0 | E113: =SUMIFS('25년 9월'!$M:$M,'25년 9월'!$C:$C,"포항운용팀",'25년 9월'!$I:$I,"경유") -> 2869000 | F113: =SUMIFS('25년 9월'!$M:$M,'25년 9월'!$C:$C,"포항운용팀",'25년 9월'!$I:$I,"휘발유") -> 2313000 | G113: =SUMIFS('25년 9월'!$M:$M,'25년 9월'!$C:$C,"포항운용팀",'25년 9월'!$I:$I,"EV") -> 0 | I113: 9월 | J113: =B113+C113+D113 -> 3285000 | K113: =E113+F113+G113 -> 5182000 | L113: =K113-J113 -> 1897000 | N113: =SUMIFS('24년 9월'!$K:$K,'24년 9월'!$B:$B,"소계",'24년 9월'!$C:$C,"포항운용팀") -> 40253 | O113: =SUMIFS('25년 9월'!$K:$K,'25년 9월'!$B:$B,"소계",'25년 9월'!$C:$C,"포항운용팀") -> 46187 | P113: =O113-N113 -> 5934
A114: 10월 | B114: =SUMIFS('24년 10월'!$M:$M,'24년 10월'!$C:$C,"포항운용팀",'24년 10월'!$I:$I,"경유") -> 2368356 | C114: =SUMIFS('24년 10월'!$M:$M,'24년 10월'!$C:$C,"포항운용팀",'24년 10월'!$I:$I,"휘발유") -> 823000 | D114: =SUMIFS('24년 10월'!$M:$M,'24년 10월'!$C:$C,"포항운용팀",'24년 10월'!$I:$I,"EV") -> 0 | E114: =SUMIFS('25년 10월'!$M:$M,'25년 10월'!$C:$C,"포항운용팀",'25년 10월'!$I:$I,"경유") -> 2757398 | F114: =SUMIFS('25년 10월'!$M:$M,'25년 10월'!$C:$C,"포항운용팀",'25년 10월'!$I:$I,"휘발유") -> 1946000 | G114: =SUMIFS('25년 10월'!$M:$M,'25년 10월'!$C:$C,"포항운용팀",'25년 10월'!$I:$I,"EV") -> 0 | I114: 10월 | J114: =B114+C114+D114 -> 3191356 | K114: =E114+F114+G114 -> 4703398 | L114: =K114-J114 -> 1512042 | N114: =SUMIFS('24년 10월'!$K:$K,'24년 10월'!$B:$B,"소계",'24년 10월'!$C:$C,"포항운용팀") -> 43250 | O114: =SUMIFS('25년 10월'!$K:$K,'25년 10월'!$B:$B,"소계",'25년 10월'!$C:$C,"포항운용팀") -> 41439 | P114: =O114-N114 -> -1811
A115: 11월 | B115: =SUMIFS('24년 11월'!$M:$M,'24년 11월'!$C:$C,"포항운용팀",'24년 11월'!$I:$I,"경유") -> 2092308 | C115: =SUMIFS('24년 11월'!$M:$M,'24년 11월'!$C:$C,"포항운용팀",'24년 11월'!$I:$I,"휘발유") -> 715000 | D115: =SUMIFS('24년 11월'!$M:$M,'24년 11월'!$C:$C,"포항운용팀",'24년 11월'!$I:$I,"EV") -> 0 | E115: =SUMIFS('25년 11월'!$M:$M,'25년 11월'!$C:$C,"포항운용팀",'25년 11월'!$I:$I,"경유") -> 2520000 | F115: =SUMIFS('25년 11월'!$M:$M,'25년 11월'!$C:$C,"포항운용팀",'25년 11월'!$I:$I,"휘발유") -> 1810000 | G115: =SUMIFS('25년 11월'!$M:$M,'25년 11월'!$C:$C,"포항운용팀",'25년 11월'!$I:$I,"EV") -> 0 | I115: 11월 | J115: =B115+C115+D115 -> 2807308 | K115: =E115+F115+G115 -> 4330000 | L115: =K115-J115 -> 1522692 | N115: =SUMIFS('24년 11월'!$K:$K,'24년 11월'!$B:$B,"소계",'24년 11월'!$C:$C,"포항운용팀") -> 41180 | O115: =SUMIFS('25년 11월'!$K:$K,'25년 11월'!$B:$B,"소계",'25년 11월'!$C:$C,"포항운용팀") -> 40228 | P115: =O115-N115 -> -952
A116: 12월 | B116: =SUMIFS('24년 12월'!$M:$M,'24년 12월'!$C:$C,"포항운용팀",'24년 12월'!$I:$I,"경유") -> 2431803 | C116: =SUMIFS('24년 12월'!$M:$M,'24년 12월'!$C:$C,"포항운용팀",'24년 12월'!$I:$I,"휘발유") -> 956000 | D116: =SUMIFS('24년 12월'!$M:$M,'24년 12월'!$C:$C,"포항운용팀",'24년 12월'!$I:$I,"EV") -> 0 | E116: =SUMIFS('25년 12월'!$M:$M,'25년 12월'!$C:$C,"포항운용팀",'25년 12월'!$I:$I,"경유") -> 2897000 | F116: =SUMIFS('25년 12월'!$M:$M,'25년 12월'!$C:$C,"포항운용팀",'25년 12월'!$I:$I,"휘발유") -> 2142000 | G116: =SUMIFS('25년 12월'!$M:$M,'25년 12월'!$C:$C,"포항운용팀",'25년 12월'!$I:$I,"EV") -> 0 | I116: 12월 | J116: =B116+C116+D116 -> 3387803 | K116: =E116+F116+G116 -> 5039000 | L116: =K116-J116 -> 1651197 | N116: =SUMIFS('24년 12월'!$K:$K,'24년 12월'!$B:$B,"소계",'24년 12월'!$C:$C,"포항운용팀") -> 40337 | O116: =SUMIFS('25년 12월'!$K:$K,'25년 12월'!$B:$B,"소계",'25년 12월'!$C:$C,"포항운용팀") -> 40614 | P116: =O116-N116 -> 277
A117: 합계 | B117: =SUM(B105:B116) -> 33117295 | C117: =SUM(C105:C116) -> 22720575 | D117: =SUM(D105:D116) -> 0 | E117: =SUM(E105:E116) -> 34909616 | F117: =SUM(F105:F116) -> 18143000 | G117: =SUM(G105:G116) -> 51007 | P117: =SUM(P105:P116) -> 13557
A119: 안동운용팀 | AG119: 원인분석
A122: 구분 | B122: 24년 | E122: 25년
B123: 경유 유류비 | C123: 휘발유 유류비 | D123: EV 유류비 | E123: 경유 유류비 | F123: 휘발유 유류비 | G123: EV 유류비 | I123: 구분 | J123: 24년 유류비 | K123: 25년 유류비 | L123: 증감비용 | N123: 24년 주행거리 | O123: 25년 주행거리 | P123: 증감거리
...

Sheet 스탭
A1: 운용지원팀
A3: 구분 | B3: 24년 | E3: 25년 | I3: 운용지원팀
B4: 경유 유류비 | C4: 휘발유 유류비 | D4: EV 유류비 | E4: 경유 유류비 | F4: 휘발유 유류비 | G4: EV 유류비 | I4: 구분 | J4: 24년 유류비 | K4: 25년 유류비 | L4: 증감비용
A5: 1월 | B5: =SUMIFS('24년 1월'!$M:$M,'24년 1월'!$C:$C,"운용지원팀",'24년 1월'!$I:$I,"경유") -> 240000 | C5: =SUMIFS('24년 1월'!$M:$M,'24년 1월'!$C:$C,"운용지원팀",'24년 1월'!$I:$I,"휘발유") -> 0 | D5: =SUMIFS('24년 1월'!$M:$M,'24년 1월'!$C:$C,"운용지원팀",'24년 1월'!$I:$I,"EV") -> 0 | E5: =SUMIFS('25년 1월'!$M:$M,'25년 1월'!$C:$C,"운용지원팀",'25년 1월'!$I:$I,"경유") -> 90000 | F5: =SUMIFS('25년 1월'!$M:$M,'25년 1월'!$C:$C,"운용지원팀",'25년 1월'!$I:$I,"휘발유") -> 0 | G5: =SUMIFS('25년 1월'!$M:$M,'25년 1월'!$C:$C,"운용지원팀",'25년 1월'!$I:$I,"EV") -> 0 | I5: 1월 | J5: =B5+C5+D5 -> 240000 | K5: =E5+F5+G5 -> 90000 | L5: =K5-J5 -> -150000
A6: 2월 | B6: =SUMIFS('24년 2월'!$M:$M,'24년 2월'!$C:$C,"운용지원팀",'24년 2월'!$I:$I,"경유") -> 233000 | C6: =SUMIFS('24년 2월'!$M:$M,'24년 2월'!$C:$C,"운용지원팀",'24년 2월'!$I:$I,"휘발유") -> 0 | D6: =SUMIFS('24년 2월'!$M:$M,'24년 2월'!$C:$C,"운용지원팀",'24년 2월'!$I:$I,"EV") -> 0 | E6: =SUMIFS('25년 2월'!$M:$M,'25년 2월'!$C:$C,"운용지원팀",'25년 2월'!$I:$I,"경유") -> 200000 | F6: =SUMIFS('25년 2월'!$M:$M,'25년 2월'!$C:$C,"운용지원팀",'25년 2월'!$I:$I,"휘발유") -> 0 | G6: =SUMIFS('25년 2월'!$M:$M,'25년 2월'!$C:$C,"운용지원팀",'25년 2월'!$I:$I,"EV") -> 0 | I6: 2월 | J6: =B6+C6+D6 -> 233000 | K6: =E6+F6+G6 -> 200000 | L6: =K6-J6 -> -33000
A7: 3월 | B7: =SUMIFS('24년 3월'!$M:$M,'24년 3월'!$C:$C,"운용지원팀",'24년 3월'!$I:$I,"경유") -> 152000 | C7: =SUMIFS('24년 3월'!$M:$M,'24년 3월'!$C:$C,"운용지원팀",'24년 3월'!$I:$I,"휘발유") -> 0 | D7: =SUMIFS('24년 3월'!$M:$M,'24년 3월'!$C:$C,"운용지원팀",'24년 3월'!$I:$I,"EV") -> 0 | E7: =SUMIFS('25년 3월'!$M:$M,'25년 3월'!$C:$C,"운용지원팀",'25년 3월'!$I:$I,"경유") -> 290000 | F7: =SUMIFS('25년 3월'!$M:$M,'25년 3월'!$C:$C,"운용지원팀",'25년 3월'!$I:$I,"휘발유") -> 0 | G7: =SUMIFS('25년 3월'!$M:$M,'25년 3월'!$C:$C,"운용지원팀",'25년 3월'!$I:$I,"EV") -> 0 | I7: 3월 | J7: =B7+C7+D7 -> 152000 | K7: =E7+F7+G7 -> 290000 | L7: =K7-J7 -> 138000
A8: 4월 | B8: =SUMIFS('24년 4월'!$M:$M,'24년 4월'!$C:$C,"운용지원팀",'24년 4월'!$I:$I,"경유") -> 200000 | C8: =SUMIFS('24년 4월'!$M:$M,'24년 4월'!$C:$C,"운용지원팀",'24년 4월'!$I:$I,"휘발유") -> 0 | D8: =SUMIFS('24년 4월'!$M:$M,'24년 4월'!$C:$C,"운용지원팀",'24년 4월'!$I:$I,"EV") -> 0 | E8: =SUMIFS('25년 4월'!$M:$M,'25년 4월'!$C:$C,"운용지원팀",'25년 4월'!$I:$I,"경유") -> 216000 | F8: =SUMIFS('25년 4월'!$M:$M,'25년 4월'!$C:$C,"운용지원팀",'25년 4월'!$I:$I,"휘발유") -> 0 | G8: =SUMIFS('25년 4월'!$M:$M,'25년 4월'!$C:$C,"운용지원팀",'25년 4월'!$I:$I,"EV") -> 0 | I8: 4월 | J8: =B8+C8+D8 -> 200000 | K8: =E8+F8+G8 -> 216000 | L8: =K8-J8 -> 16000
A9: 5월 | B9: =SUMIFS('24년 5월'!$M:$M,'24년 5월'!$C:$C,"운용지원팀",'24년 5월'!$I:$I,"경유") -> 230000 | C9: =SUMIFS('24년 5월'!$M:$M,'24년 5월'!$C:$C,"운용지원팀",'24년 5월'!$I:$I,"휘발유") -> 0 | D9: =SUMIFS('24년 5월'!$M:$M,'24년 5월'!$C:$C,"운용지원팀",'24년 5월'!$I:$I,"EV") -> 0 | E9: =SUMIFS('25년 5월'!$M:$M,'25년 5월'!$C:$C,"운용지원팀",'25년 5월'!$I:$I,"경유") -> 240000 | F9: =SUMIFS('25년 5월'!$M:$M,'25년 5월'!$C:$C,"운용지원팀",'25년 5월'!$I:$I,"휘발유") -> 0 | G9: =SUMIFS('25년 5월'!$M:$M,'25년 5월'!$C:$C,"운용지원팀",'25년 5월'!$I:$I,"EV") -> 0 | I9: 5월 | J9: =B9+C9+D9 -> 230000 | K9: =E9+F9+G9 -> 240000 | L9: =K9-J9 -> 10000
A10: 6월 | B10: =SUMIFS('24년 6월'!$M:$M,'24년 6월'!$C:$C,"운용지원팀",'24년 6월'!$I:$I,"경유") -> 230000 | C10: =SUMIFS('24년 6월'!$M:$M,'24년 6월'!$C:$C,"운용지원팀",'24년 6월'!$I:$I,"휘발유") -> 0 | D10: =SUMIFS('24년 6월'!$M:$M,'24년 6월'!$C:$C,"운용지원팀",'24년 6월'!$I:$I,"EV") -> 0 | E10: =SUMIFS('25년 6월'!$M:$M,'25년 6월'!$C:$C,"운용지원팀",'25년 6월'!$I:$I,"경유") -> 236017 | F10: =SUMIFS('25년 6월'!$M:$M,'25년 6월'!$C:$C,"운용지원팀",'25년 6월'!$I:$I,"휘발유") -> 0 | G10: =SUMIFS('25년 6월'!$M:$M,'25년 6월'!$C:$C,"운용지원팀",'25년 6월'!$I:$I,"EV") -> 0 | I10: 6월 | J10: =B10+C10+D10 -> 230000 | K10: =E10+F10+G10 -> 236017 | L10: =K10-J10 -> 6017
A11: 7월 | B11: =SUMIFS('24년 7월'!$M:$M,'24년 7월'!$C:$C,"운용지원팀",'24년 7월'!$I:$I,"경유") -> 272000 | C11: =SUMIFS('24년 7월'!$M:$M,'24년 7월'!$C:$C,"운용지원팀",'24년 7월'!$I:$I,"휘발유") -> 0 | D11: =SUMIFS('24년 7월'!$M:$M,'24년 7월'!$C:$C,"운용지원팀",'24년 7월'!$I:$I,"EV") -> 0 | E11: =SUMIFS('25년 7월'!$M:$M,'25년 7월'!$C:$C,"운용지원팀",'25년 7월'!$I:$I,"경유") -> 315000 | F11: =SUMIFS('25년 7월'!$M:$M,'25년 7월'!$C:$C,"운용지원팀",'25년 7월'!$I:$I,"휘발유") -> 206000 | G11: =SUMIFS('25년 7월'!$M:$M,'25년 7월'!$C:$C,"운용지원팀",'25년 7월'!$I:$I,"EV") -> 0 | I11: 7월 | J11: =B11+C11+D11 -> 272000 | K11: =E11+F11+G11 -> 521000 | L11: =K11-J11 -> 249000
A12: 8월 | B12: =SUMIFS('24년 8월'!$M:$M,'24년 8월'!$C:$C,"운용지원팀",'24년 8월'!$I:$I,"경유") -> 230000 | C12: =SUMIFS('24년 8월'!$M:$M,'24년 8월'!$C:$C,"운용지원팀",'24년 8월'!$I:$I,"휘발유") -> 0 | D12: =SUMIFS('24년 8월'!$M:$M,'24년 8월'!$C:$C,"운용지원팀",'24년 8월'!$I:$I,"EV") -> 0 | E12: =SUMIFS('25년 8월'!$M:$M,'25년 8월'!$C:$C,"운용지원팀",'25년 8월'!$I:$I,"경유") -> 170000 | F12: =SUMIFS('25년 8월'!$M:$M,'25년 8월'!$C:$C,"운용지원팀",'25년 8월'!$I:$I,"휘발유") -> 100000 | G12: =SUMIFS('25년 8월'!$M:$M,'25년 8월'!$C:$C,"운용지원팀",'25년 8월'!$I:$I,"EV") -> 0 | I12: 8월 | J12: =B12+C12+D12 -> 230000 | K12: =E12+F12+G12 -> 270000 | L12: =K12-J12 -> 40000
A13: 9월 | B13: =SUMIFS('24년 9월'!$M:$M,'24년 9월'!$C:$C,"운용지원팀",'24년 9월'!$I:$I,"경유") -> 145000 | C13: =SUMIFS('24년 9월'!$M:$M,'24년 9월'!$C:$C,"운용지원팀",'24년 9월'!$I:$I,"휘발유") -> 0 | D13: =SUMIFS('24년 9월'!$M:$M,'24년 9월'!$C:$C,"운용지원팀",'24년 9월'!$I:$I,"EV") -> 0 | E13: =SUMIFS('25년 9월'!$M:$M,'25년 9월'!$C:$C,"운용지원팀",'25년 9월'!$I:$I,"경유") -> 130000 | F13: =SUMIFS('25년 9월'!$M:$M,'25년 9월'!$C:$C,"운용지원팀",'25년 9월'!$I:$I,"휘발유") -> 160000 | G13: =SUMIFS('25년 9월'!$M:$M,'25년 9월'!$C:$C,"운용지원팀",'25년 9월'!$I:$I,"EV") -> 0 | I13: 9월 | J13: =B13+C13+D13 -> 145000 | K13: =E13+F13+G13 -> 290000 | L13: =K13-J13 -> 145000
A14: 10월 | B14: =SUMIFS('24년 10월'!$M:$M,'24년 10월'!$C:$C,"운용지원팀",'24년 10월'!$I:$I,"경유") -> 200000 | C14: =SUMIFS('24년 10월'!$M:$M,'24년 10월'!$C:$C,"운용지원팀",'24년 10월'!$I:$I,"휘발유") -> 0 | D14: =SUMIFS('24년 10월'!$M:$M,'24년 10월'!$C:$C,"운용지원팀",'24년 10월'!$I:$I,"EV") -> 0 | E14: =SUMIFS('25년 10월'!$M:$M,'25년 10월'!$C:$C,"운용지원팀",'25년 10월'!$I:$I,"경유") -> 260000 | F14: =SUMIFS('25년 10월'!$M:$M,'25년 10월'!$C:$C,"운용지원팀",'25년 10월'!$I:$I,"휘발유") -> 180000 | G14: =SUMIFS('25년 10월'!$M:$M,'25년 10월'!$C:$C,"운용지원팀",'25년 10월'!$I:$I,"EV") -> 0 | I14: 10월 | J14: =B14+C14+D14 -> 200000 | K14: =E14+F14+G14 -> 440000 | L14: =K14-J14 -> 240000
A15: 11월 | B15: =SUMIFS('24년 11월'!$M:$M,'24년 11월'!$C:$C,"운용지원팀",'24년 11월'!$I:$I,"경유") -> 251000 | C15: =SUMIFS('24년 11월'!$M:$M,'24년 11월'!$C:$C,"운용지원팀",'24년 11월'!$I:$I,"휘발유") -> 0 | D15: =SUMIFS('24년 11월'!$M:$M,'24년 11월'!$C:$C,"운용지원팀",'24년 11월'!$I:$I,"EV") -> 0 | E15: =SUMIFS('25년 11월'!$M:$M,'25년 11월'!$C:$C,"운용지원팀",'25년 11월'!$I:$I,"경유") -> 285000 | F15: =SUMIFS('25년 11월'!$M:$M,'25년 11월'!$C:$C,"운용지원팀",'25년 11월'!$I:$I,"휘발유") -> 212000 | G15: =SUMIFS('25년 11월'!$M:$M,'25년 11월'!$C:$C,"운용지원팀",'25년 11월'!$I:$I,"EV") -> 0 | I15: 11월 | J15: =B15+C15+D15 -> 251000 | K15: =E15+F15+G15 -> 497000 | L15: =K15-J15 -> 246000
A16: 12월 | B16: =SUMIFS('24년 12월'!$M:$M,'24년 12월'!$C:$C,"운용지원팀",'24년 12월'!$I:$I,"경유") -> 210000 | C16: =SUMIFS('24년 12월'!$M:$M,'24년 12월'!$C:$C,"운용지원팀",'24년 12월'!$I:$I,"휘발유") -> 0 | D16: =SUMIFS('24년 12월'!$M:$M,'24년 12월'!$C:$C,"운용지원팀",'24년 12월'!$I:$I,"EV") -> 0 | E16: =SUMIFS('25년 12월'!$M:$M,'25년 12월'!$C:$C,"운용지원팀",'25년 12월'!$I:$I,"경유") -> 160000 | F16: =SUMIFS('25년 12월'!$M:$M,'25년 12월'!$C:$C,"운용지원팀",'25년 12월'!$I:$I,"휘발유") -> 129249 | G16: =SUMIFS('25년 12월'!$M:$M,'25년 12월'!$C:$C,"운용지원팀",'25년 12월'!$I:$I,"EV") -> 0 | I16: 12월 | J16: =B16+C16+D16 -> 210000 | K16: =E16+F16+G16 -> 289249 | L16: =K16-J16 -> 79249
A17: 합계 | B17: =SUM(B5:B16) -> 2593000 | C17: =SUM(C5:C16) -> 0 | D17: =SUM(D5:D16) -> 0 | E17: =SUM(E5:E16) -> 2592017 | F17: =SUM(F5:F16) -> 987249 | G17: =SUM(G5:G16) -> 0 | L17: =SUM(L5:L16) -> 986266
A18: 사업지원팀
A20: 구분 | B20: 24년 | E20: 25년 | I20: 사업지원팀
B21: 경유 유류비 | C21: 휘발유 유류비 | D21: EV 유류비 | E21: 경유 유류비 | F21: 휘발유 유류비 | G21: EV 유류비 | I21: 구분 | J21: 24년 유류비 | K21: 25년 유류비 | L21: 증감비용
A22: 1월 | B22: =SUMIFS('24년 1월'!$M:$M,'24년 1월'!$C:$C,"미래사업팀",'24년 1월'!$I:$I,"경유") -> 0 | C22: =SUMIFS('24년 1월'!$M:$M,'24년 1월'!$C:$C,"전원지원팀",'24년 1월'!$I:$I,"휘발유") -> 0 | D22: =SUMIFS('24년 1월'!$M:$M,'24년 1월'!$C:$C,"미래사업팀",'24년 1월'!$I:$I,"EV") -> 0 | E22: =SUMIFS('25년 1월'!$M:$M,'25년 1월'!$C:$C,"사업지원팀",'25년 1월'!$I:$I,"경유") -> 0 | F22: =SUMIFS('25년 1월'!$M:$M,'25년 1월'!$C:$C,"사업지원팀",'25년 1월'!$I:$I,"휘발유") -> 0 | G22: =SUMIFS('25년 1월'!$M:$M,'25년 1월'!$C:$C,"사업지원팀",'25년 1월'!$I:$I,"EV") -> 0 | I22: 1월 | J22: =B22+C22+D22 -> 0 | K22: =E22+F22+G22 -> 0 | L22: =K22-J22 -> 0
A23: 2월 | B23: =SUMIFS('24년 2월'!$M:$M,'24년 2월'!$C:$C,"미래사업팀",'24년 2월'!$I:$I,"경유") -> 0 | C23: =SUMIFS('24년 2월'!$M:$M,'24년 2월'!$C:$C,"전원지원팀",'24년 2월'!$I:$I,"휘발유") -> 0 | D23: =SUMIFS('24년 2월'!$M:$M,'24년 2월'!$C:$C,"미래사업팀",'24년 2월'!$I:$I,"EV") -> 0 | E23: =SUMIFS('25년 2월'!$M:$M,'25년 2월'!$C:$C,"사업지원팀",'25년 2월'!$I:$I,"경유") -> 0 | F23: =SUMIFS('25년 2월'!$M:$M,'25년 2월'!$C:$C,"사업지원팀",'25년 2월'!$I:$I,"휘발유") -> 196000 | G23: =SUMIFS('25년 2월'!$M:$M,'25년 2월'!$C:$C,"사업지원팀",'25년 2월'!$I:$I,"EV") -> 0 | I23: 2월 | J23: =B23+C23+D23 -> 0 | K23: =E23+F23+G23 -> 196000 | L23: =K23-J23 -> 196000
A24: 3월 | B24: =SUMIFS('24년 3월'!$M:$M,'24년 3월'!$C:$C,"미래사업팀",'24년 3월'!$I:$I,"경유") -> 0 | C24: =SUMIFS('24년 3월'!$M:$M,'24년 3월'!$C:$C,"전원지원팀",'24년 3월'!$I:$I,"휘발유") -> 0 | D24: =SUMIFS('24년 3월'!$M:$M,'24년 3월'!$C:$C,"미래사업팀",'24년 3월'!$I:$I,"EV") -> 0 | E24: =SUMIFS('25년 3월'!$M:$M,'25년 3월'!$C:$C,"사업지원팀",'25년 3월'!$I:$I,"경유") -> 0 | F24: =SUMIFS('25년 3월'!$M:$M,'25년 3월'!$C:$C,"사업지원팀",'25년 3월'!$I:$I,"휘발유") -> 110000 | G24: =SUMIFS('25년 3월'!$M:$M,'25년 3월'!$C:$C,"사업지원팀",'25년 3월'!$I:$I,"EV") -> 0 | I24: 3월 | J24: =B24+C24+D24 -> 0 | K24: =E24+F24+G24 -> 110000 | L24: =K24-J24 -> 110000
A25: 4월 | B25: =SUMIFS('24년 4월'!$M:$M,'24년 4월'!$C:$C,"미래사업팀",'24년 4월'!$I:$I,"경유") -> 0 | C25: =SUMIFS('24년 4월'!$M:$M,'24년 4월'!$C:$C,"전원지원팀",'24년 4월'!$I:$I,"휘발유") -> 0 | D25: =SUMIFS('24년 4월'!$M:$M,'24년 4월'!$C:$C,"미래사업팀",'24년 4월'!$I:$I,"EV") -> 0 | E25: =SUMIFS('25년 4월'!$M:$M,'25년 4월'!$C:$C,"사업지원팀",'25년 4월'!$I:$I,"경유") -> 0 | F25: =SUMIFS('25년 4월'!$M:$M,'25년 4월'!$C:$C,"사업지원팀",'25년 4월'!$I:$I,"휘발유") -> 307000 | G25: =SUMIFS('25년 4월'!$M:$M,'25년 4월'!$C:$C,"사업지원팀",'25년 4월'!$I:$I,"EV") -> 0 | I25: 4월 | J25: =B25+C25+D25 -> 0 | K25: =E25+F25+G25 -> 307000 | L25: =K25-J25 -> 307000
A26: 5월 | B26: =SUMIFS('24년 5월'!$M:$M,'24년 5월'!$C:$C,"미래사업팀",'24년 5월'!$I:$I,"경유") -> 0 | C26: =SUMIFS('24년 5월'!$M:$M,'24년 5월'!$C:$C,"전원지원팀",'24년 5월'!$I:$I,"휘발유") -> 0 | D26: =SUMIFS('24년 5월'!$M:$M,'24년 5월'!$C:$C,"미래사업팀",'24년 5월'!$I:$I,"EV") -> 0 | E26: =SUMIFS('25년 5월'!$M:$M,'25년 5월'!$C:$C,"사업지원팀",'25년 5월'!$I:$I,"경유") -> 0 | F26: =SUMIFS('25년 5월'!$M:$M,'25년 5월'!$C:$C,"사업지원팀",'25년 5월'!$I:$I,"휘발유") -> 120000 | G26: =SUMIFS('25년 5월'!$M:$M,'25년 5월'!$C:$C,"사업지원팀",'25년 5월'!$I:$I,"EV") -> 0 | I26: 5월 | J26: =B26+C26+D26 -> 0 | K26: =E26+F26+G26 -> 120000 | L26: =K26-J26 -> 120000
A27: 6월 | B27: =SUMIFS('24년 6월'!$M:$M,'24년 6월'!$C:$C,"미래사업팀",'24년 6월'!$I:$I,"경유") -> 0 | C27: =SUMIFS('24년 6월'!$M:$M,'24년 6월'!$C:$C,"전원지원팀",'24년 6월'!$I:$I,"휘발유") -> 0 | D27: =SUMIFS('24년 6월'!$M:$M,'24년 6월'!$C:$C,"미래사업팀",'24년 6월'!$I:$I,"EV") -> 0 | E27: =SUMIFS('25년 6월'!$M:$M,'25년 6월'!$C:$C,"사업지원팀",'25년 6월'!$I:$I,"경유") -> 0 | F27: =SUMIFS('25년 6월'!$M:$M,'25년 6월'!$C:$C,"사업지원팀",'25년 6월'!$I:$I,"휘발유") -> 128000 | G27: =SUMIFS('25년 6월'!$M:$M,'25년 6월'!$C:$C,"사업지원팀",'25년 6월'!$I:$I,"EV") -> 0 | I27: 6월 | J27: =B27+C27+D27 -> 0 | K27: =E27+F27+G27 -> 128000 | L27: =K27-J27 -> 128000
A28: 7월 | B28: =SUMIFS('24년 7월'!$M:$M,'24년 7월'!$C:$C,"미래사업팀",'24년 7월'!$I:$I,"경유") -> 0 | C28: =SUMIFS('24년 7월'!$M:$M,'24년 7월'!$C:$C,"전원지원팀",'24년 7월'!$I:$I,"휘발유") -> 0 | D28: =SUMIFS('24년 7월'!$M:$M,'24년 7월'!$C:$C,"미래사업팀",'24년 7월'!$I:$I,"EV") -> 0 | E28: =SUMIFS('25년 7월'!$M:$M,'25년 7월'!$C:$C,"사업지원팀",'25년 7월'!$I:$I,"경유") -> 0 | F28: =SUMIFS('25년 7월'!$M:$M,'25년 7월'!$C:$C,"사업지원팀",'25년 7월'!$I:$I,"휘발유") -> 120000 | G28: =SUMIFS('25년 7월'!$M:$M,'25년 7월'!$C:$C,"사업지원팀",'25년 7월'!$I:$I,"EV") -> 0 | I28: 7월 | J28: =B28+C28+D28 -> 0 | K28: =E28+F28+G28 -> 120000 | L28: =K28-J28 -> 120000
A29: 8월 | B29: =SUMIFS('24년 8월'!$M:$M,'24년 8월'!$C:$C,"미래사업팀",'24년 8월'!$I:$I,"경유") -> 0 | C29: =SUMIFS('24년 8월'!$M:$M,'24년 8월'!$C:$C,"전원지원팀",'24년 8월'!$I:$I,"휘발유") -> 0 | D29: =SUMIFS('24년 8월'!$M:$M,'24년 8월'!$C:$C,"미래사업팀",'24년 8월'!$I:$I,"EV") -> 0 | E29: =SUMIFS('25년 8월'!$M:$M,'25년 8월'!$C:$C,"사업지원팀",'25년 8월'!$I:$I,"경유") -> 0 | F29: =SUMIFS('25년 8월'!$M:$M,'25년 8월'!$C:$C,"사업지원팀",'25년 8월'!$I:$I,"휘발유") -> 182000 | G29: =SUMIFS('25년 8월'!$M:$M,'25년 8월'!$C:$C,"사업지원팀",'25년 8월'!$I:$I,"EV") -> 0 | I29: 8월 | J29: =B29+C29+D29 -> 0 | K29: =E29+F29+G29 -> 182000 | L29: =K29-J29 -> 182000
A30: 9월 | B30: =SUMIFS('24년 9월'!$M:$M,'24년 9월'!$C:$C,"미래사업팀",'24년 9월'!$I:$I,"경유") -> 0 | C30: =SUMIFS('24년 9월'!$M:$M,'24년 9월'!$C:$C,"미래사업팀",'24년 9월'!$I:$I,"휘발유") -> 100000 | D30: =SUMIFS('24년 9월'!$M:$M,'24년 9월'!$C:$C,"미래사업팀",'24년 9월'!$I:$I,"EV") -> 0 | E30: =SUMIFS('25년 9월'!$M:$M,'25년 9월'!$C:$C,"사업지원팀",'25년 9월'!$I:$I,"경유") -> 0 | F30: =SUMIFS('25년 9월'!$M:$M,'25년 9월'!$C:$C,"사업지원팀",'25년 9월'!$I:$I,"휘발유") -> 220000 | G30: =SUMIFS('25년 9월'!$M:$M,'25년 9월'!$C:$C,"사업지원팀",'25년 9월'!$I:$I,"EV") -> 0 | I30: 9월 | J30: =B30+C30+D30 -> 100000 | K30: =E30+F30+G30 -> 220000 | L30: =K30-J30 -> 120000
A31: 10월 | B31: =SUMIFS('24년 10월'!$M:$M,'24년 10월'!$C:$C,"미래사업팀",'24년 10월'!$I:$I,"경유") -> 0 | C31: =SUMIFS('24년 10월'!$M:$M,'24년 10월'!$C:$C,"미래사업팀",'24년 10월'!$I:$I,"휘발유") -> 338000 | D31: =SUMIFS('24년 10월'!$M:$M,'24년 10월'!$C:$C,"미래사업팀",'24년 10월'!$I:$I,"EV") -> 0 | E31: =SUMIFS('25년 10월'!$M:$M,'25년 10월'!$C:$C,"사업지원팀",'25년 10월'!$I:$I,"경유") -> 0 | F31: =SUMIFS('25년 10월'!$M:$M,'25년 10월'!$C:$C,"사업지원팀",'25년 10월'!$I:$I,"휘발유") -> 130000 | G31: =SUMIFS('25년 10월'!$M:$M,'25년 10월'!$C:$C,"사업지원팀",'25년 10월'!$I:$I,"EV") -> 0 | I31: 10월 | J31: =B31+C31+D31 -> 338000 | K31: =E31+F31+G31 -> 130000 | L31: =K31-J31 -> -208000
A32: 11월 | B32: =SUMIFS('24년 11월'!$M:$M,'24년 11월'!$C:$C,"미래사업팀",'24년 11월'!$I:$I,"경유") -> 0 | C32: =SUMIFS('24년 11월'!$M:$M,'24년 11월'!$C:$C,"미래사업팀",'24년 11월'!$I:$I,"휘발유") -> 187000 | D32: =SUMIFS('24년 11월'!$M:$M,'24년 11월'!$C:$C,"미래사업팀",'24년 11월'!$I:$I,"EV") -> 0 | E32: =SUMIFS('25년 11월'!$M:$M,'25년 11월'!$C:$C,"사업지원팀",'25년 11월'!$I:$I,"경유") -> 0 | F32: =SUMIFS('25년 11월'!$M:$M,'25년 11월'!$C:$C,"사업지원팀",'25년 11월'!$I:$I,"휘발유") -> 259000 | G32: =SUMIFS('25년 11월'!$M:$M,'25년 11월'!$C:$C,"사업지원팀",'25년 11월'!$I:$I,"EV") -> 0 | I32: 11월 | J32: =B32+C32+D32 -> 187000 | K32: =E32+F32+G32 -> 259000 | L32: =K32-J32 -> 72000
A33: 12월 | B33: =SUMIFS('24년 12월'!$M:$M,'24년 12월'!$C:$C,"미래사업팀",'24년 12월'!$I:$I,"경유") -> 0 | C33: =SUMIFS('24년 12월'!$M:$M,'24년 12월'!$C:$C,"미래사업팀",'24년 12월'!$I:$I,"휘발유") -> 210000 | D33: =SUMIFS('24년 12월'!$M:$M,'24년 12월'!$C:$C,"미래사업팀",'24년 12월'!$I:$I,"EV") -> 0 | E33: =SUMIFS('25년 12월'!$M:$M,'25년 12월'!$C:$C,"사업지원팀",'25년 12월'!$I:$I,"경유") -> 0 | F33: =SUMIFS('25년 12월'!$M:$M,'25년 12월'!$C:$C,"사업지원팀",'25년 12월'!$I:$I,"휘발유") -> 60000 | G33: =SUMIFS('25년 12월'!$M:$M,'25년 12월'!$C:$C,"사업지원팀",'25년 12월'!$I:$I,"EV") -> 0 | I33: 12월 | J33: =B33+C33+D33 -> 210000 | K33: =E33+F33+G33 -> 60000 | L33: =K33-J33 -> -150000
A34: 합계 | B34: =SUM(B22:B33) -> 0 | C34: =SUM(C22:C33) -> 835000 | D34: =SUM(D22:D33) -> 0 | E34: =SUM(E22:E33) -> 0 | F34: =SUM(F22:F33) -> 1832000 | G34: =SUM(G22:G33) -> 0 | L34: =SUM(L22:L33) -> 997000
A35: 현장경영팀
A37: 구분 | B37: 24년 | E37: 25년 | I37: 현장경영팀
B38: 경유 유류비 | C38: 휘발유 유류비 | D38: EV 유류비 | E38: 경유 유류비 | F38: 휘발유 유류비 | G38: EV 유류비 | I38: 구분 | J38: 24년 유류비 | K38: 25년 유류비 | L38: 증감비용
A39: 1월 | B39: =SUMIFS('24년 1월'!$M:$M,'24년 1월'!$C:$C,"현장경영팀",'24년 1월'!$I:$I,"경유") -> 0 | C39: =SUMIFS('24년 1월'!$M:$M,'24년 1월'!$C:$C,"현장경영팀",'24년 1월'!$I:$I,"휘발유") -> 170000 | D39: =SUMIFS('24년 1월'!$M:$M,'24년 1월'!$C:$C,"현장경영팀",'24년 1월'!$I:$I,"EV") -> 0 | E39: =SUMIFS('25년 1월'!$M:$M,'25년 1월'!$C:$C,"현장경영팀",'25년 1월'!$I:$I,"경유") -> 0 | F39: =SUMIFS('25년 1월'!$M:$M,'25년 1월'!$C:$C,"현장경영팀",'25년 1월'!$I:$I,"휘발유") -> 0 | G39: =SUMIFS('25년 1월'!$M:$M,'25년 1월'!$C:$C,"현장경영팀",'25년 1월'!$I:$I,"EV") -> 0 | I39: 1월 | J39: =B39+C39+D39 -> 170000 | K39: =E39+F39+G39 -> 0 | L39: =K39-J39 -> -170000
A40: 2월 | B40: =SUMIFS('24년 2월'!$M:$M,'24년 2월'!$C:$C,"현장경영팀",'24년 2월'!$I:$I,"경유") -> 0 | C40: =SUMIFS('24년 2월'!$M:$M,'24년 2월'!$C:$C,"현장경영팀",'24년 2월'!$I:$I,"휘발유") -> 200000 | D40: =SUMIFS('24년 2월'!$M:$M,'24년 2월'!$C:$C,"현장경영팀",'24년 2월'!$I:$I,"EV") -> 0 | E40: =SUMIFS('25년 2월'!$M:$M,'25년 2월'!$C:$C,"현장경영팀",'25년 2월'!$I:$I,"경유") -> 0 | F40: =SUMIFS('25년 2월'!$M:$M,'25년 2월'!$C:$C,"현장경영팀",'25년 2월'!$I:$I,"휘발유") -> 270000 | G40: =SUMIFS('25년 2월'!$M:$M,'25년 2월'!$C:$C,"현장경영팀",'25년 2월'!$I:$I,"EV") -> 0 | I40: 2월 | J40: =B40+C40+D40 -> 200000 | K40: =E40+F40+G40 -> 270000 | L40: =K40-J40 -> 70000
A41: 3월 | B41: =SUMIFS('24년 3월'!$M:$M,'24년 3월'!$C:$C,"현장경영팀",'24년 3월'!$I:$I,"경유") -> 0 | C41: =SUMIFS('24년 3월'!$M:$M,'24년 3월'!$C:$C,"현장경영팀",'24년 3월'!$I:$I,"휘발유") -> 150000 | D41: =SUMIFS('24년 3월'!$M:$M,'24년 3월'!$C:$C,"현장경영팀",'24년 3월'!$I:$I,"EV") -> 0 | E41: =SUMIFS('25년 3월'!$M:$M,'25년 3월'!$C:$C,"현장경영팀",'25년 3월'!$I:$I,"경유") -> 0 | F41: =SUMIFS('25년 3월'!$M:$M,'25년 3월'!$C:$C,"현장경영팀",'25년 3월'!$I:$I,"휘발유") -> 230000 | G41: =SUMIFS('25년 3월'!$M:$M,'25년 3월'!$C:$C,"현장경영팀",'25년 3월'!$I:$I,"EV") -> 0 | I41: 3월 | J41: =B41+C41+D41 -> 150000 | K41: =E41+F41+G41 -> 230000 | L41: =K41-J41 -> 80000
A42: 4월 | B42: =SUMIFS('24년 4월'!$M:$M,'24년 4월'!$C:$C,"현장경영팀",'24년 4월'!$I:$I,"경유") -> 0 | C42: =SUMIFS('24년 4월'!$M:$M,'24년 4월'!$C:$C,"현장경영팀",'24년 4월'!$I:$I,"휘발유") -> 270000 | D42: =SUMIFS('24년 4월'!$M:$M,'24년 4월'!$C:$C,"현장경영팀",'24년 4월'!$I:$I,"EV") -> 0 | E42: =SUMIFS('25년 4월'!$M:$M,'25년 4월'!$C:$C,"현장경영팀",'25년 4월'!$I:$I,"경유") -> 0 | F42: =SUMIFS('25년 4월'!$M:$M,'25년 4월'!$C:$C,"현장경영팀",'25년 4월'!$I:$I,"휘발유") -> 440000 | G42: =SUMIFS('25년 4월'!$M:$M,'25년 4월'!$C:$C,"현장경영팀",'25년 4월'!$I:$I,"EV") -> 0 | I42: 4월 | J42: =B42+C42+D42 -> 270000 | K42: =E42+F42+G42 -> 440000 | L42: =K42-J42 -> 170000
A43: 5월 | B43: =SUMIFS('24년 5월'!$M:$M,'24년 5월'!$C:$C,"현장경영팀",'24년 5월'!$I:$I,"경유") -> 0 | C43: =SUMIFS('24년 5월'!$M:$M,'24년 5월'!$C:$C,"현장경영팀",'24년 5월'!$I:$I,"휘발유") -> 245000 | D43: =SUMIFS('24년 5월'!$M:$M,'24년 5월'!$C:$C,"현장경영팀",'24년 5월'!$I:$I,"EV") -> 0 | E43: =SUMIFS('25년 5월'!$M:$M,'25년 5월'!$C:$C,"현장경영팀",'25년 5월'!$I:$I,"경유") -> 0 | F43: =SUMIFS('25년 5월'!$M:$M,'25년 5월'!$C:$C,"현장경영팀",'25년 5월'!$I:$I,"휘발유") -> 230000 | G43: =SUMIFS('25년 5월'!$M:$M,'25년 5월'!$C:$C,"현장경영팀",'25년 5월'!$I:$I,"EV") -> 0 | I43: 5월 | J43: =B43+C43+D43 -> 245000 | K43: =E43+F43+G43 -> 230000 | L43: =K43-J43 -> -15000
A44: 6월 | B44: =SUMIFS('24년 6월'!$M:$M,'24년 6월'!$C:$C,"현장경영팀",'24년 6월'!$I:$I,"경유") -> 0 | C44: =SUMIFS('24년 6월'!$M:$M,'24년 6월'!$C:$C,"현장경영팀",'24년 6월'!$I:$I,"휘발유") -> 50000 | D44: =SUMIFS('24년 6월'!$M:$M,'24년 6월'!$C:$C,"현장경영팀",'24년 6월'!$I:$I,"EV") -> 0 | E44: =SUMIFS('25년 6월'!$M:$M,'25년 6월'!$C:$C,"현장경영팀",'25년 6월'!$I:$I,"경유") -> 0 | F44: =SUMIFS('25년 6월'!$M:$M,'25년 6월'!$C:$C,"현장경영팀",'25년 6월'!$I:$I,"휘발유") -> 266000 | G44: =SUMIFS('25년 6월'!$M:$M,'25년 6월'!$C:$C,"현장경영팀",'25년 6월'!$I:$I,"EV") -> 0 | I44: 6월 | J44: =B44+C44+D44 -> 50000 | K44: =E44+F44+G44 -> 266000 | L44: =K44-J44 -> 216000
A45: 7월 | B45: =SUMIFS('24년 7월'!$M:$M,'24년 7월'!$C:$C,"현장경영팀",'24년 7월'!$I:$I,"경유") -> 0 | C45: =SUMIFS('24년 7월'!$M:$M,'24년 7월'!$C:$C,"현장경영팀",'24년 7월'!$I:$I,"휘발유") -> 260000 | D45: =SUMIFS('24년 7월'!$M:$M,'24년 7월'!$C:$C,"현장경영팀",'24년 7월'!$I:$I,"EV") -> 0 | E45: =SUMIFS('25년 7월'!$M:$M,'25년 7월'!$C:$C,"현장경영팀",'25년 7월'!$I:$I,"경유") -> 0 | F45: =SUMIFS('25년 7월'!$M:$M,'25년 7월'!$C:$C,"현장경영팀",'25년 7월'!$I:$I,"휘발유") -> 199188 | G45: =SUMIFS('25년 7월'!$M:$M,'25년 7월'!$C:$C,"현장경영팀",'25년 7월'!$I:$I,"EV") -> 0 | I45: 7월 | J45: =B45+C45+D45 -> 260000 | K45: =E45+F45+G45 -> 199188 | L45: =K45-J45 -> -60812
A46: 8월 | B46: =SUMIFS('24년 8월'!$M:$M,'24년 8월'!$C:$C,"현장경영팀",'24년 8월'!$I:$I,"경유") -> 0 | C46: =SUMIFS('24년 8월'!$M:$M,'24년 8월'!$C:$C,"현장경영팀",'24년 8월'!$I:$I,"휘발유") -> 280000 | D46: =SUMIFS('24년 8월'!$M:$M,'24년 8월'!$C:$C,"현장경영팀",'24년 8월'!$I:$I,"EV") -> 0 | E46: =SUMIFS('25년 8월'!$M:$M,'25년 8월'!$C:$C,"현장경영팀",'25년 8월'!$I:$I,"경유") -> 0 | F46: =SUMIFS('25년 8월'!$M:$M,'25년 8월'!$C:$C,"현장경영팀",'25년 8월'!$I:$I,"휘발유") -> 380000 | G46: =SUMIFS('25년 8월'!$M:$M,'25년 8월'!$C:$C,"현장경영팀",'25년 8월'!$I:$I,"EV") -> 0 | I46: 8월 | J46: =B46+C46+D46 -> 280000 | K46: =E46+F46+G46 -> 380000 | L46: =K46-J46 -> 100000
A47: 9월 | B47: =SUMIFS('24년 9월'!$M:$M,'24년 9월'!$C:$C,"현장경영팀",'24년 9월'!$I:$I,"경유") -> 0 | C47: =SUMIFS('24년 9월'!$M:$M,'24년 9월'!$C:$C,"현장경영팀",'24년 9월'!$I:$I,"휘발유") -> 160000 | D47: =SUMIFS('24년 9월'!$M:$M,'24년 9월'!$C:$C,"현장경영팀",'24년 9월'!$I:$I,"EV") -> 0 | E47: =SUMIFS('25년 9월'!$M:$M,'25년 9월'!$C:$C,"현장경영팀",'25년 9월'!$I:$I,"경유") -> 0 | F47: =SUMIFS('25년 9월'!$M:$M,'25년 9월'!$C:$C,"현장경영팀",'25년 9월'!$I:$I,"휘발유") -> 319000 | G47: =SUMIFS('25년 9월'!$M:$M,'25년 9월'!$C:$C,"현장경영팀",'25년 9월'!$I:$I,"EV") -> 0 | I47: 9월 | J47: =B47+C47+D47 -> 160000 | K47: =E47+F47+G47 -> 319000 | L47: =K47-J47 -> 159000
A48: 10월 | B48: =SUMIFS('24년 10월'!$M:$M,'24년 10월'!$C:$C,"현장경영팀",'24년 10월'!$I:$I,"경유") -> 0 | C48: =SUMIFS('24년 10월'!$M:$M,'24년 10월'!$C:$C,"현장경영팀",'24년 10월'!$I:$I,"휘발유") -> 250000 | D48: =SUMIFS('24년 10월'!$M:$M,'24년 10월'!$C:$C,"현장경영팀",'24년 10월'!$I:$I,"EV") -> 0 | E48: =SUMIFS('25년 10월'!$M:$M,'25년 10월'!$C:$C,"현장경영팀",'25년 10월'!$I:$I,"경유") -> 0 | F48: =SUMIFS('25년 10월'!$M:$M,'25년 10월'!$C:$C,"현장경영팀",'25년 10월'!$I:$I,"휘발유") -> 278000 | G48: =SUMIFS('25년 10월'!$M:$M,'25년 10월'!$C:$C,"현장경영팀",'25년 10월'!$I:$I,"EV") -> 0 | I48: 10월 | J48: =B48+C48+D48 -> 250000 | K48: =E48+F48+G48 -> 278000 | L48: =K48-J48 -> 28000
A49: 11월 | B49: =SUMIFS('24년 11월'!$M:$M,'24년 11월'!$C:$C,"현장경영팀",'24년 11월'!$I:$I,"경유") -> 0 | C49: =SUMIFS('24년 11월'!$M:$M,'24년 11월'!$C:$C,"현장경영팀",'24년 11월'!$I:$I,"휘발유") -> 100000 | D49: =SUMIFS('24년 11월'!$M:$M,'24년 11월'!$C:$C,"현장경영팀",'24년 11월'!$I:$I,"EV") -> 0 | E49: =SUMIFS('25년 11월'!$M:$M,'25년 11월'!$C:$C,"현장경영팀",'25년 11월'!$I:$I,"경유") -> 0 | F49: =SUMIFS('25년 11월'!$M:$M,'25년 11월'!$C:$C,"현장경영팀",'25년 11월'!$I:$I,"휘발유") -> 310000 | G49: =SUMIFS('25년 11월'!$M:$M,'25년 11월'!$C:$C,"현장경영팀",'25년 11월'!$I:$I,"EV") -> 0 | I49: 11월 | J49: =B49+C49+D49 -> 100000 | K49: =E49+F49+G49 -> 310000 | L49: =K49-J49 -> 210000
A50: 12월 | B50: =SUMIFS('24년 12월'!$M:$M,'24년 12월'!$C:$C,"현장경영팀",'24년 12월'!$I:$I,"경유") -> 0 | C50: =SUMIFS('24년 12월'!$M:$M,'24년 12월'!$C:$C,"현장경영팀",'24년 12월'!$I:$I,"휘발유") -> 234698 | D50: =SUMIFS('24년 12월'!$M:$M,'24년 12월'!$C:$C,"현장경영팀",'24년 12월'!$I:$I,"EV") -> 0 | E50: =SUMIFS('25년 12월'!$M:$M,'25년 12월'!$C:$C,"현장경영팀",'25년 12월'!$I:$I,"경유") -> 0 | F50: =SUMIFS('25년 12월'!$M:$M,'25년 12월'!$C:$C,"현장경영팀",'25년 12월'!$I:$I,"휘발유") -> 194000 | G50: =SUMIFS('25년 12월'!$M:$M,'25년 12월'!$C:$C,"현장경영팀",'25년 12월'!$I:$I,"EV") -> 0 | I50: 12월 | J50: =B50+C50+D50 -> 234698 | K50: =E50+F50+G50 -> 194000 | L50: =K50-J50 -> -40698
A51: 합계 | B51: =SUM(B39:B50) -> 0 | C51: =SUM(C39:C50) -> 2369698 | D51: =SUM(D39:D50) -> 0 | E51: =SUM(E39:E50) -> 0 | F51: =SUM(F39:F50) -> 3116188 | G51: =SUM(G39:G50) -> 0 | L51: =SUM(L39:L50) -> 746490

Sheet 25년 12월
A1: 순번 | B1: 본부 | C1: 팀/파트 | D1: 사용자 | E1: 구입형태 | F1: 차종 | G1: 모델명 | H1: 차량번호 | I1: 연료 | J1: 평균운행일수 | K1: 총주행거리 (Km) | L1: 업무용 사용거리 (km) | M1: 법인카드 | X1: 현금사용 | AI1: 합계 ①+② | AJ1: 평균주유비(Km)
M2: 유류비 | N2: 하이패스 | O2: 주차비 | P2: 통행료 | Q2: 세차비 | R2: 도선료 | S2: 수선비 | T2: 경정비 | U2: 비상주유 | V2: 발전기유류비 | W2: 소계① | X2: 유류비 | Y2: 하이패스 | Z2: 주차비 | AA2: 통행료 | AB2: 세차비 | AC2: 도선료 | AD2: 수선비 | AE2: 경정비 | AF2: 비상주유 | AG2: 발전기유류비 | AH2: 소계② | AJ2: 평균주유비(Km)
A3: 1 | B3: 대구본부 | C3: 운용지원팀 | E3: 렌트 | F3: 경차 | G3: 모닝(L) | H3: 52하9955 | I3: 휘발유 | J3: 0 | K3: 0 | L3: 0 | M3: 0 | N3: 0 | O3: 0 | P3: 0 | Q3: 0 | R3: 0 | S3: 0 | T3: 0 | U3: 0 | V3: 0 | W3: 0 | X3: 0 | Y3: 0 | Z3: 0 | AA3: 0 | AB3: 0 | AC3: 0 | AD3: 0 | AE3: 0 | AF3: 0 | AG3: 0 | AH3: 0 | AI3: 0 | AJ3: 0
A4: 2 | B4: 대구본부 | C4: 운용지원팀 | E4: 자차 | F4: 기타 | G4: 포터 | H4: 91주1465 | I4: 경유 | J4: 0 | K4: 0 | L4: 0 | M4: 0 | N4: 0 | O4: 0 | P4: 0 | Q4: 0 | R4: 0 | S4: 0 | T4: 0 | U4: 0 | V4: 0 | W4: 0 | X4: 0 | Y4: 0 | Z4: 0 | AA4: 0 | AB4: 0 | AC4: 0 | AD4: 0 | AE4: 0 | AF4: 0 | AG4: 0 | AH4: 0 | AI4: 0 | AJ4: 0
A5: 3 | B5: 대구본부 | C5: 운용지원팀 | E5: 자차 | F5: 기타 | G5: 포터 | H5: 81더6676 | I5: 경유 | J5: 0 | K5: 0 | L5: 0 | M5: 0 | N5: 0 | O5: 0 | P5: 0 | Q5: 0 | R5: 0 | S5: 0 | T5: 0 | U5: 0 | V5: 0 | W5: 0 | X5: 0 | Y5: 0 | Z5: 0 | AA5: 0 | AB5: 0 | AC5: 0 | AD5: 0 | AE5: 0 | AF5: 0 | AG5: 0 | AH5: 0 | AI5: 0 | AJ5: 0
A6: 4 | B6: 대구본부 | C6: 운용지원팀 | E6: 렌트 | F6: RV/SUV | G6: 티볼리 | H6: 104허4264 | I6: 경유 | J6: 0 | K6: 0 | L6: 0 | M6: 0 | N6: 0 | O6: 0 | P6: 0 | Q6: 0 | R6: 0 | S6: 0 | T6: 0 | U6: 0 | V6: 0 | W6: 0 | X6: 0 | Y6: 0 | Z6: 0 | AA6: 0 | AB6: 0 | AC6: 0 | AD6: 0 | AE6: 0 | AF6: 0 | AG6: 0 | AH6: 0 | AI6: 0 | AJ6: 0
A7: 5 | B7: 대구본부 | C7: 운용지원팀 | E7: 리스 | F7: RV/SUV | G7: 스타리아 | H7: 86부5462 | I7: 경유 | J7: 0 | K7: 0 | L7: 0 | M7: 0 | N7: 0 | O7: 0 | P7: 0 | Q7: 0 | R7: 0 | S7: 0 | T7: 0 | U7: 0 | V7: 0 | W7: 0 | X7: 0 | Y7: 0 | Z7: 0 | AA7: 0 | AB7: 0 | AC7: 0 | AD7: 0 | AE7: 0 | AF7: 0 | AG7: 0 | AH7: 0 | AI7: 0 | AJ7: 0
A8: 6 | B8: 대구본부 | C8: 운용지원팀 | E8: 렌트 | F8: 기타 | G8: 카니발 | H8: 대차/145호1899(104허4264) | I8: 경유 | J8: 0 | K8: 0 | L8: 0 | M8: 0 | N8: 0 | O8: 0 | P8: 0 | Q8: 0 | R8: 0 | S8: 0 | T8: 0 | U8: 0 | V8: 0 | W8: 0 | X8: 0 | Y8: 0 | Z8: 0 | AA8: 0 | AB8: 0 | AC8: 0 | AD8: 0 | AE8: 0 | AF8: 0 | AG8: 0 | AH8: 0 | AI8: 0 | AJ8: 0
A9: 7 | B9: 대구본부 | C9: 운용지원팀 | E9: 렌트 | F9: 중형승용 | G9: K5 | H9: 대차/52호0200(104허4264) | I9: 휘발유 | J9: 0 | K9: 0 | L9: 0 | M9: 0 | N9: 0 | O9: 0 | P9: 0 | Q9: 0 | R9: 0 | S9: 0 | T9: 0 | U9: 0 | V9: 0 | W9: 0 | X9: 0 | Y9: 0 | Z9: 0 | AA9: 0 | AB9: 0 | AC9: 0 | AD9: 0 | AE9: 0 | AF9: 0 | AG9: 0 | AH9: 0 | AI9: 0 | AJ9: 0
A10: 8 | B10: 대구본부 | C10: 운용지원팀 | E10: 렌트 | F10: 소형승용 | G10: 아반떼CN7 | H10: 대차/03호7536(104허4264) | I10: 휘발유 | J10: 0 | K10: 0 | L10: 0 | M10: 0 | N10: 0 | O10: 0 | P10: 0 | Q10: 0 | R10: 0 | S10: 0 | T10: 0 | U10: 0 | V10: 0 | W10: 0 | X10: 0 | Y10: 0 | Z10: 0 | AA10: 0 | AB10: 0 | AC10: 0 | AD10: 0 | AE10: 0 | AF10: 0 | AG10: 0 | AH10: 0 | AI10: 0 | AJ10: 0
A11: 9 | B11: 대구본부 | C11: 운용지원팀 | E11: 렌트 | F11: RV/SUV | G11: K5 | H11: 대차/104허1705(104허4264) | I11: 경유 | J11: 0 | K11: 0 | L11: 0 | M11: 0 | N11: 0 | O11: 0 | P11: 0 | Q11: 0 | R11: 0 | S11: 0 | T11: 0 | U11: 0 | V11: 0 | W11: 0 | X11: 0 | Y11: 0 | Z11: 0 | AA11: 0 | AB11: 0 | AC11: 0 | AD11: 0 | AE11: 0 | AF11: 0 | AG11: 0 | AH11: 0 | AI11: 0 | AJ11: 0
A12: 10 | B12: 대구본부 | C12: 운용지원팀 | D12: 이승욱 | E12: 렌트 | F12: RV/SUV | G12: 셀토스 | H12: 231허4115 | I12: 휘발유 | J12: 12 | K12: 696 | L12: 696 | M12: 129249 | N12: 0 | O12: 0 | P12: 0 | Q12: 49000 | R12: 0 | S12: 0 | T12: 0 | U12: 0 | V12: 0 | W12: 178249 | X12: 0 | Y12: 0 | Z12: 0 | AA12: 0 | AB12: 0 | AC12: 0 | AD12: 0 | AE12: 0 | AF12: 0 | AG12: 0 | AH12: 0 | AI12: 178249 | AJ12: 185
A13: 11 | B13: 대구본부 | C13: 운용지원팀 | D13: 권재은 | E13: 렌트 | F13: RV/SUV | G13: 스타리아 | H13: 815머9749 | I13: 경유 | J13: 12 | K13: 1414 | L13: 1414 | M13: 160000 | N13: 0 | O13: 0 | P13: 0 | Q13: 66000 | R13: 0 | S13: 0 | T13: 0 | U13: 0 | V13: 0 | W13: 226000 | X13: 0 | Y13: 0 | Z13: 0 | AA13: 0 | AB13: 0 | AC13: 0 | AD13: 0 | AE13: 0 | AF13: 0 | AG13: 0 | AH13: 0 | AI13: 226000 | AJ13: 113
B14: 소계 | C14: 운용지원팀 | K14: 2110 | L14: 2110 | M14: 289249 | N14: 0 | O14: 0 | P14: 0 | Q14: 115000 | R14: 0 | S14: 0 | T14: 0 | U14: 0 | V14: 0 | W14: 404249 | X14: 0 | Y14: 0 | Z14: 0 | AA14: 0 | AB14: 0 | AC14: 0 | AD14: 0 | AE14: 0 | AF14: 0 | AG14: 0 | AH14: 0 | AI14: 404249
A15: 1 | B15: 대구본부 | C15: 현장경영팀 | E15: 자차 | F15: EV | G15: 아이오닉 | H15: 48머6029 | I15: EV | J15: 0 | K15: 0 | L15: 0 | M15: 0 | N15: 0 | O15: 0 | P15: 0 | Q15: 0 | R15: 0 | S15: 0 | T15: 0 | U15: 0 | V15: 0 | W15: 0 | X15: 0 | Y15: 0 | Z15: 0 | AA15: 0 | AB15: 0 | AC15: 0 | AD15: 0 | AE15: 0 | AF15: 0 | AG15: 0 | AH15: 0 | AI15: 0 | AJ15: 0
A16: 2 | B16: 대구본부 | C16: 현장경영팀 | E16: 렌트 | F16: 중형승용 | G16: 쏘나타(뉴라이즈) | H16: 57하0412 | I16: 휘발유 | J16: 0 | K16: 0 | L16: 0 | M16: 0 | N16: 0 | O16: 0 | P16: 0 | Q16: 0 | R16: 0 | S16: 0 | T16: 0 | U16: 0 | V16: 0 | W16: 0 | X16: 0 | Y16: 0 | Z16: 0 | AA16: 0 | AB16: 0 | AC16: 0 | AD16: 0 | AE16: 0 | AF16: 0 | AG16: 0 | AH16: 0 | AI16: 0 | AJ16: 0
A17: 3 | B17: 대구본부 | C17: 현장경영팀 | D17: 류재하 | E17: 렌트 | F17: 소형승용 | G17: K3 | H17: 160허3488 | I17: 휘발유 | J17: 13 | K17: 1202 | L17: 1202 | M17: 100000 | N17: 0 | O17: 0 | P17: 0 | Q17: 0 | R17: 0 | S17: 0 | T17: 0 | U17: 0 | V17: 0 | W17: 100000 | X17: 0 | Y17: 0 | Z17: 0 | AA17: 0 | AB17: 0 | AC17: 0 | AD17: 0 | AE17: 0 | AF17: 0 | AG17: 0 | AH17: 0 | AI17: 100000 | AJ17: 83
A18: 4 | B18: 대구본부 | C18: 현장경영팀 | E18: 렌트 | F18: 중형승용 | G18: K5(Hybrid) | H18: 193허1626 | I18: 휘발유 | J18: 0 | K18: 0 | L18: 0 | M18: 0 | N18: 0 | O18: 0 | P18: 0 | Q18: 0 | R18: 0 | S18: 0 | T18: 0 | U18: 0 | V18: 0 | W18: 0 | X18: 0 | Y18: 0 | Z18: 0 | AA18: 0 | AB18: 0 | AC18: 0 | AD18: 0 | AE18: 0 | AF18: 0 | AG18: 0 | AH18: 0 | AI18: 0 | AJ18: 0
A19: 5 | B19: 대구본부 | C19: 현장경영팀 | D19: 류재하 | E19: 렌트 | F19: 중형승용 | G19: K5 | H19: 192허4930 | I19: 휘발유 | J19: 17 | K19: 929 | L19: 929 | M19: 94000 | N19: 0 | O19: 0 | P19: 0 | Q19: 0 | R19: 0 | S19: 0 | T19: 0 | U19: 0 | V19: 0 | W19: 94000 | X19: 0 | Y19: 0 | Z19: 0 | AA19: 0 | AB19: 0 | AC19: 0 | AD19: 0 | AE19: 0 | AF19: 0 | AG19: 0 | AH19: 0 | AI19: 94000 | AJ19: 101
B20: 소계 | C20: 현장경영팀 | K20: 2131 | L20: 2131 | M20: 194000 | N20: 0 | O20: 0 | P20: 0 | Q20: 0 | R20: 0 | S20: 0 | T20: 0 | U20: 0 | V20: 0 | W20: 194000 | X20: 0 | Y20: 0 | Z20: 0 | AA20: 0 | AB20: 0 | AC20: 0 | AD20: 0 | AE20: 0 | AF20: 0 | AG20: 0 | AH20: 0 | AI20: 194000
A21: 1 | B21: 대구본부 | C21: 동대구운용팀 | E21: 렌트 | F21: RV/SUV | G21: 스포티지 | H21: 04호8776 | I21: 경유 | J21: 0 | K21: 0 | L21: 0 | M21: 0 | N21: 0 | O21: 0 | P21: 0 | Q21: 0 | R21: 0 | S21: 0 | T21: 0 | U21: 0 | V21: 0 | W21: 0 | X21: 0 | Y21: 0 | Z21: 0 | AA21: 0 | AB21: 0 | AC21: 0 | AD21: 0 | AE21: 0 | AF21: 0 | AG21: 0 | AH21: 0 | AI21: 0 | AJ21: 0
A22: 2 | B22: 대구본부 | C22: 동대구운용팀 | E22: 렌트 | F22: EV | G22: SOUL EV | H22: 14허8876 | I22: EV | J22: 0 | K22: 0 | L22: 0 | M22: 0 | N22: 0 | O22: 0 | P22: 0 | Q22: 0 | R22: 0 | S22: 0 | T22: 0 | U22: 0 | V22: 0 | W22: 0 | X22: 0 | Y22: 0 | Z22: 0 | AA22: 0 | AB22: 0 | AC22: 0 | AD22: 0 | AE22: 0 | AF22: 0 | AG22: 0 | AH22: 0 | AI22: 0 | AJ22: 0
A23: 3 | B23: 대구본부 | C23: 동대구운용팀 | E23: 렌트 | F23: EV | G23: SOUL EV | H23: 14허8880 | I23: EV | J23: 0 | K23: 0 | L23: 0 | M23: 0 | N23: 0 | O23: 0 | P23: 0 | Q23: 0 | R23: 0 | S23: 0 | T23: 0 | U23: 0 | V23: 0 | W23: 0 | X23: 0 | Y23: 0 | Z23: 0 | AA23: 0 | AB23: 0 | AC23: 0 | AD23: 0 | AE23: 0 | AF23: 0 | AG23: 0 | AH23: 0 | AI23: 0 | AJ23: 0
A24: 4 | B24: 대구본부 | C24: 동대구운용팀 | E24: 렌트 | F24: RV/SUV | G24: 스포티지 | H24: 18하9596 | I24: 경유 | J24: 0 | K24: 0 | L24: 0 | M24: 0 | N24: 0 | O24: 0 | P24: 0 | Q24: 0 | R24: 0 | S24: 0 | T24: 0 | U24: 0 | V24: 0 | W24: 0 | X24: 0 | Y24: 0 | Z24: 0 | AA24: 0 | AB24: 0 | AC24: 0 | AD24: 0 | AE24: 0 | AF24: 0 | AG24: 0 | AH24: 0 | AI24: 0 | AJ24: 0
A25: 5 | B25: 대구본부 | C25: 동대구운용팀 | E25: 렌트 | F25: 경차 | G25: 모닝(L) | H25: 18호9534 | I25: 휘발유 | J25: 0 | K25: 0 | L25: 0 | M25: 0 | N25: 0 | O25: 0 | P25: 0 | Q25: 0 | R25: 0 | S25: 0 | T25: 0 | U25: 0 | V25: 0 | W25: 0 | X25: 0 | Y25: 0 | Z25: 0 | AA25: 0 | AB25: 0 | AC25: 0 | AD25: 0 | AE25: 0 | AF25: 0 | AG25: 0 | AH25: 0 | AI25: 0 | AJ25: 0
A26: 6 | B26: 대구본부 | C26: 동대구운용팀 | E26: 렌트 | F26: RV/SUV | G26: 스포티지 | H26: 44호7855 | I26: 경유 | J26: 0 | K26: 0 | L26: 0 | M26: 0 | N26: 0 | O26: 0 | P26: 0 | Q26: 0 | R26: 0 | S26: 0 | T26: 0 | U26: 0 | V26: 0 | W26: 0 | X26: 0 | Y26: 0 | Z26: 0 | AA26: 0 | AB26: 0 | AC26: 0 | AD26: 0 | AE26: 0 | AF26: 0 | AG26: 0 | AH26: 0 | AI26: 0 | AJ26: 0
A27: 7 | B27: 대구본부 | C27: 동대구운용팀 | E27: 렌트 | F27: 경차 | G27: 모닝 | H27: 62호6573 | I27: 휘발유 | J27: 0 | K27: 0 | L27: 0 | M27: 0 | N27: 0 | O27: 0 | P27: 0 | Q27: 0 | R27: 0 | S27: 0 | T27: 0 | U27: 0 | V27: 0 | W27: 0 | X27: 0 | Y27: 0 | Z27: 0 | AA27: 0 | AB27: 0 | AC27: 0 | AD27: 0 | AE27: 0 | AF27: 0 | AG27: 0 | AH27: 0 | AI27: 0 | AJ27: 0
A28: 8 | B28: 대구본부 | C28: 동대구운용팀 | E28: 렌트 | F28: RV/SUV | G28: 스포티지 | H28: 64하2008 | I28: 경유 | J28: 0 | K28: 0 | L28: 0 | M28: 0 | N28: 0 | O28: 0 | P28: 0 | Q28: 0 | R28: 0 | S28: 0 | T28: 0 | U28: 0 | V28: 0 | W28: 0 | X28: 0 | Y28: 0 | Z28: 0 | AA28: 0 | AB28: 0 | AC28: 0 | AD28: 0 | AE28: 0 | AF28: 0 | AG28: 0 | AH28: 0 | AI28: 0 | AJ28: 0
A29: 9 | B29: 대구본부 | C29: 동대구운용팀 | E29: 렌트 | F29: 경차 | G29: 모닝 | H29: 64하9806 | I29: 휘발유 | J29: 0 | K29: 0 | L29: 0 | M29: 0 | N29: 0 | O29: 0 | P29: 0 | Q29: 0 | R29: 0 | S29: 0 | T29: 0 | U29: 0 | V29: 0 | W29: 0 | X29: 0 | Y29: 0 | Z29: 0 | AA29: 0 | AB29: 0 | AC29: 0 | AD29: 0 | AE29: 0 | AF29: 0 | AG29: 0 | AH29: 0 | AI29: 0 | AJ29: 0
A30: 10 | B30: 대구본부 | C30: 동대구운용팀 | E30: 렌트 | F30: RV/SUV | G30: 스포티지 | H30: 66하5803 | I30: 경유 | J30: 0 | K30: 0 | L30: 0 | M30: 0 | N30: 0 | O30: 0 | P30: 0 | Q30: 0 | R30: 0 | S30: 0 | T30: 0 | U30: 0 | V30: 0 | W30: 0 | X30: 0 | Y30: 0 | Z30: 0 | AA30: 0 | AB30: 0 | AC30: 0 | AD30: 0 | AE30: 0 | AF30: 0 | AG30: 0 | AH30: 0 | AI30: 0 | AJ30: 0
A31: 11 | B31: 대구본부 | C31: 동대구운용팀 | E31: 렌트 | F31: 경차 | G31: 모닝(L) | H31: 52하9940 | I31: 휘발유 | J31: 0 | K31: 0 | L31: 0 | M31: 0 | N31: 0 | O31: 0 | P31: 0 | Q31: 0 | R31: 0 | S31: 0 | T31: 0 | U31: 0 | V31: 0 | W31: 0 | X31: 0 | Y31: 0 | Z31: 0 | AA31: 0 | AB31: 0 | AC31: 0 | AD31: 0 | AE31: 0 | AF31: 0 | AG31: 0 | AH31: 0 | AI31: 0 | AJ31: 0
A32: 12 | B32: 대구본부 | C32: 동대구운용팀 | E32: 리스 | F32: 고소작업_2.5톤 | G32: 마이티2.5톤(고소작업차) | H32: 98조7255 | I32: 경유 | J32: 0 | K32: 0 | L32: 0 | M32: 0 | N32: 0 | O32: 0 | P32: 0 | Q32: 0 | R32: 0 | S32: 0 | T32: 0 | U32: 0 | V32: 0 | W32: 0 | X32: 0 | Y32: 0 | Z32: 0 | AA32: 0 | AB32: 0 | AC32: 0 | AD32: 0 | AE32: 0 | AF32: 0 | AG32: 0 | AH32: 0 | AI32: 0 | AJ32: 0
... A41: 21 | B41: 대구본부 | C41: 동대구운용팀 | E41: 렌트 | F41: RV/SUV | G41: 싼타페 | H41: 대차/03하8919(128허4949) | I41: 경유 | J41: 0 | K41: 0 | L41: 0 | M41: 0 | N41: 0 | O41: 0 | P41: 0 | Q41: 0 | R41: 0 | S41: 0 | T41: 0 | U41: 0 | V41: 0 | W41: 0 | X41: 0 | Y41: 0 | Z41: 0 | AA41: 0 | AB41: 0 | AC41: 0 | AD41: 0 | AE41: 0 | AF41: 0 | AG41: 0 | AH41: 0 | AI41: 0 | AJ41: 0
A42: 22 | B42: 대구본부 | C42: 동대구운용팀 | D42: 공재민 | E42: 렌트 | F42: 경차 | G42: 모닝(승용) | H42: 165허9309 | I42: 휘발유 | J42: 13 | K42: 1496 | L42: 1496 | M42: 121000 | N42: 0 | O42: 0 | P42: 0 | Q42: 0 | R42: 0 | S42: 0 | T42: 0 | U42: 0 | V42: 0 | W42: 121000 | X42: 0 | Y42: 0 | Z42: 0 | AA42: 0 | AB42: 0 | AC42: 0 | AD42: 0 | AE42: 0 | AF42: 0 | AG42: 0 | AH42: 0 | AI42: 121000 | AJ42: 80
A43: 23 | B43: 대구본부 | C43: 동대구운용팀 | D43: 이상우 | E43: 렌트 | F43: 경차 | G43: 모닝(승용) | H43: 165허9310 | I43: 휘발유 | J43: 15 | K43: 1777 | L43: 1777 | M43: 257000 | N43: 0 | O43: 0 | P43: 0 | Q43: 0 | R43: 0 | S43: 0 | T43: 0 | U43: 0 | V43: 0 | W43: 257000 | X43: 0 | Y43: 0 | Z43: 0 | AA43: 0 | AB43: 0 | AC43: 0 | AD43: 0 | AE43: 0 | AF43: 0 | AG43: 0 | AH43: 0 | AI43: 257000 | AJ43: 144
A44: 24 | B44: 대구본부 | C44: 동대구운용팀 | D44: 김두종 | E44: 렌트 | F44: RV/SUV | G44: 스포티지 | H44: 165허9671 | I44: 경유 | J44: 23 | K44: 2302 | L44: 2302 | M44: 360000 | N44: 0 | O44: 0 | P44: 0 | Q44: 0 | R44: 0 | S44: 0 | T44: 0 | U44: 0 | V44: 0 | W44: 360000 | X44: 0 | Y44: 0 | Z44: 0 | AA44: 0 | AB44: 0 | AC44: 0 | AD44: 0 | AE44: 0 | AF44: 0 | AG44: 0 | AH44: 0 | AI44: 360000 | AJ44: 156
A45: 25 | B45: 대구본부 | C45: 동대구운용팀 | D45: 오환희 | E45: 렌트 | F45: RV/SUV | G45: 스포티지 | H45: 165허9672 | I45: 경유 | J45: 21 | K45: 2801 | L45: 2801 | M45: 360000 | N45: 0 | O45: 0 | P45: 0 | Q45: 0 | R45: 0 | S45: 0 | T45: 0 | U45: 0 | V45: 0 | W45: 360000 | X45: 0 | Y45: 0 | Z45: 0 | AA45: 0 | AB45: 0 | AC45: 0 | AD45: 0 | AE45: 0 | AF45: 0 | AG45: 0 | AH45: 0 | AI45: 360000 | AJ45: 128
A46: 26 | B46: 대구본부 | C46: 동대구운용팀 | D46: 정연진 | E46: 리스 | F46: 고소작업_RV | G46: 봉고1t(고소작업차) | H46: 985조4083 | I46: 경유 | J46: 2 | K46: 309 | L46: 309 | M46: 76000 | N46: 0 | O46: 0 | P46: 0 | Q46: 0 | R46: 0 | S46: 0 | T46: 0 | U46: 0 | V46: 0 | W46: 76000 | X46: 0 | Y46: 0 | Z46: 0 | AA46: 0 | AB46: 0 | AC46: 0 | AD46: 0 | AE46: 0 | AF46: 0 | AG46: 0 | AH46: 0 | AI46: 76000 | AJ46: 245
A47: 27 | B47: 대구본부 | C47: 동대구운용팀 | E47: 렌트 | F47: 중형승용 | G47: 소나타 | H47: 대차/10호0991(54허3164) | I47: 휘발유 | J47: 0 | K47: 0 | L47: 0 | M47: 0 | N47: 0 | O47: 0 | P47: 0 | Q47: 0 | R47: 0 | S47: 0 | T47: 0 | U47: 0 | V47: 0 | W47: 0 | X47: 0 | Y47: 0 | Z47: 0 | AA47: 0 | AB47: 0 | AC47: 0 | AD47: 0 | AE47: 0 | AF47: 0 | AG47: 0 | AH47: 0 | AI47: 0 | AJ47: 0
A48: 28 | B48: 대구본부 | C48: 동대구운용팀 | E48: 렌트 | F48: 소형승용 | G48: 아반떼 | H48: 대차/57하3285(54허3179) | I48: 휘발유 | J48: 0 | K48: 0 | L48: 0 | M48: 0 | N48: 0 | O48: 0 | P48: 0 | Q48: 0 | R48: 0 | S48: 0 | T48: 0 | U48: 0 | V48: 0 | W48: 0 | X48: 0 | Y48: 0 | Z48: 0 | AA48: 0 | AB48: 0 | AC48: 0 | AD48: 0 | AE48: 0 | AF48: 0 | AG48: 0 | AH48: 0 | AI48: 0 | AJ48: 0
A49: 29 | B49: 대구본부 | C49: 동대구운용팀 | E49: 렌트 | F49: 중형승용 | G49: 소나타 | H49: 대차/128호4099(07호7154) | I49: 경유 | J49: 0 | K49: 0 | L49: 0 | M49: 0 | N49: 0 | O49: 0 | P49: 0 | Q49: 0 | R49: 0 | S49: 0 | T49: 0 | U49: 0 | V49: 0 | W49: 0 | X49: 0 | Y49: 0 | Z49: 0 | AA49: 0 | AB49: 0 | AC49: 0 | AD49: 0 | AE49: 0 | AF49: 0 | AG49: 0 | AH49: 0 | AI49: 0 | AJ49: 0
A50: 30 | B50: 대구본부 | C50: 동대구운용팀 | D50: 서무원 | E50: 렌트 | F50: RV/SUV | G50: 코란도 | H50: 192허4389 | I50: 휘발유 | J50: 22 | K50: 1368 | L50: 1368 | M50: 298000 | N50: 0 | O50: 0 | P50: 0 | Q50: 0 | R50: 0 | S50: 0 | T50: 0 | U50: 0 | V50: 0 | W50: 298000 | X50: 0 | Y50: 0 | Z50: 0 | AA50: 0 | AB50: 0 | AC50: 0 | AD50: 0 | AE50: 0 | AF50: 0 | AG50: 0 | AH50: 0 | AI50: 298000 | AJ50: 217
A51: 31 | B51: 대구본부 | C51: 동대구운용팀 | D51: 정용일 | E51: 렌트 | F51: RV/SUV | G51: 코란도 | H51: 192허4397 | I51: 휘발유 | J51: 19 | K51: 2285 | L51: 2285 | M51: 351595 | N51: 0 | O51: 0 | P51: 0 | Q51: 0 | R51: 0 | S51: 0 | T51: 0 | U51: 0 | V51: 0 | W51: 351595 | X51: 0 | Y51: 0 | Z51: 0 | AA51: 0 | AB51: 0 | AC51: 0 | AD51: 0 | AE51: 0 | AF51: 0 | AG51: 0 | AH51: 0 | AI51: 351595 | AJ51: 153
A52: 32 | B52: 대구본부 | C52: 동대구운용팀 | D52: 곽진순 | E52: 렌트 | F52: RV/SUV | G52: 코란도 | H52: 192허4394 | I52: 휘발유 | J52: 22 | K52: 2308 | L52: 2308 | M52: 420000 | N52: 0 | O52: 0 | P52: 0 | Q52: 0 | R52: 0 | S52: 0 | T52: 0 | U52: 0 | V52: 0 | W52: 420000 | X52: 0 | Y52: 0 | Z52: 0 | AA52: 0 | AB52: 0 | AC52: 0 | AD52: 0 | AE52: 0 | AF52: 0 | AG52: 0 | AH52: 0 | AI52: 420000 | AJ52: 181
A53: 33 | B53: 대구본부 | C53: 동대구운용팀 | D53: 정한식 | E53: 렌트 | F53: RV/SUV | G53: 코란도 | H53: 192허4370 | I53: 휘발유 | J53: 20 | K53: 2422 | L53: 2422 | M53: 540000 | N53: 0 | O53: 0 | P53: 0 | Q53: 0 | R53: 0 | S53: 0 | T53: 0 | U53: 0 | V53: 0 | W53: 540000 | X53: 0 | Y53: 0 | Z53: 0 | AA53: 0 | AB53: 0 | AC53: 0 | AD53: 0 | AE53: 0 | AF53: 0 | AG53: 0 | AH53: 0 | AI53: 540000 | AJ53: 222
A54: 34 | B54: 대구본부 | C54: 동대구운용팀 | D54: 곽영구 | E54: 렌트 | F54: RV/SUV | G54: 코란도 | H54: 192허4385 | I54: 휘발유 | J54: 20 | K54: 1466 | L54: 1466 | M54: 330000 | N54: 0 | O54: 0 | P54: 0 | Q54: 0 | R54: 0 | S54: 0 | T54: 0 | U54: 0 | V54: 0 | W54: 330000 | X54: 0 | Y54: 0 | Z54: 0 | AA54: 0 | AB54: 0 | AC54: 0 | AD54: 0 | AE54: 0 | AF54: 0 | AG54: 0 | AH54: 0 | AI54: 330000 | AJ54: 225
A55: 35 | B55: 대구본부 | C55: 동대구운용팀 | E55: 렌트 | F55: RV/SUV | G55: 쏘렌토 | H55: 대차/153허1713(128허4949) | I55: 경유 | J55: 0 | K55: 0 | L55: 0 | M55: 0 | N55: 0 | O55: 0 | P55: 0 | Q55: 0 | R55: 0 | S55: 0 | T55: 0 | U55: 0 | V55: 0 | W55: 0 | X55: 0 | Y55: 0 | Z55: 0 | AA55: 0 | AB55: 0 | AC55: 0 | AD55: 0 | AE55: 0 | AF55: 0 | AG55: 0 | AH55: 0 | AI55: 0 | AJ55: 0
A56: 36 | B56: 대구본부 | C56: 동대구운용팀 | D56: 박규태 | E56: 렌트 | F56: RV/SUV | G56: 스포티지 | H56: 192허5589 | I56: 경유 | J56: 1 | K56: 165 | L56: 165 | M56: 50000 | N56: 0 | O56: 0 | P56: 0 | Q56: 0 | R56: 0 | S56: 0 | T56: 0 | U56: 0 | V56: 0 | W56: 50000 | X56: 0 | Y56: 0 | Z56: 0 | AA56: 0 | AB56: 0 | AC56: 0 | AD56: 0 | AE56: 0 | AF56: 0 | AG56: 0 | AH56: 0 | AI56: 50000 | AJ56: 303
A57: 37 | B57: 대구본부 | C57: 동대구운용팀 | D57: 장연덕 | E57: 리스 | F57: RV/SUV | G57: 스타리아 | H57: 844조9414 | I57: 경유 | J57: 21 | K57: 1925 | L57: 1925 | M57: 370000 | N57: 0 | O57: 0 | P57: 0 | Q57: 0 | R57: 0 | S57: 0 | T57: 0 | U57: 0 | V57: 0 | W57: 370000 | X57: 0 | Y57: 0 | Z57: 0 | AA57: 0 | AB57: 0 | AC57: 0 | AD57: 0 | AE57: 0 | AF57: 0 | AG57: 0 | AH57: 0 | AI57: 370000 | AJ57: 192
A58: 38 | B58: 대구본부 | C58: 동대구운용팀 | D58: 윤민석 | E58: 리스 | F58: RV/SUV | G58: 스타리아 | H58: 844조9480 | I58: 경유 | J58: 21 | K58: 2011 | L58: 2011 | M58: 360000 | N58: 0 | O58: 0 | P58: 0 | Q58: 0 | R58: 0 | S58: 0 | T58: 0 | U58: 0 | V58: 0 | W58: 360000 | X58: 0 | Y58: 0 | Z58: 0 | AA58: 0 | AB58: 0 | AC58: 0 | AD58: 0 | AE58: 0 | AF58: 0 | AG58: 0 | AH58: 0 | AI58: 360000 | AJ58: 179
A59: 39 | B59: 대구본부 | C59: 동대구운용팀 | D59: 강경훈 | E59: 리스 | F59: RV/SUV | G59: 스타리아 | H59: 844조9464 | I59: 경유 | J59: 21 | K59: 2163 | L59: 2163 | M59: 330000 | N59: 0 | O59: 0 | P59: 0 | Q59: 0 | R59: 0 | S59: 0 | T59: 0 | U59: 0 | V59: 0 | W59: 330000 | X59: 0 | Y59: 0 | Z59: 0 | AA59: 0 | AB59: 0 | AC59: 0 | AD59: 0 | AE59: 0 | AF59: 0 | AG59: 0 | AH59: 0 | AI59: 330000 | AJ59: 152
A60: 40 | B60: 대구본부 | C60: 동대구운용팀 | E60: 렌트 | F60: RV/SUV | G60: 펠리세이드 | H60: 대차/104하5333(145허3690) | I60: 경유 | J60: 0 | K60: 0 | L60: 0 | M60: 0 | N60: 0 | O60: 0 | P60: 0 | Q60: 0 | R60: 0 | S60: 0 | T60: 0 | U60: 0 | V60: 0 | W60: 0 | X60: 0 | Y60: 0 | Z60: 0 | AA60: 0 | AB60: 0 | AC60: 0 | AD60: 0 | AE60: 0 | AF60: 0 | AG60: 0 | AH60: 0 | AI60: 0 | AJ60: 0
A61: 41 | B61: 대구본부 | C61: 동대구운용팀 | E61: 렌트 | F61: RV/SUV | G61: 싼타페 | H61: 대차/172허8339(192허4389) | I61: 경유 | J61: 0 | K61: 0 | L61: 0 | M61: 0 | N61: 0 | O61: 0 | P61: 0 | Q61: 0 | R61: 0 | S61: 0 | T61: 0 | U61: 0 | V61: 0 | W61: 0 | X61: 0 | Y61: 0 | Z61: 0 | AA61: 0 | AB61: 0 | AC61: 0 | AD61: 0 | AE61: 0 | AF61: 0 | AG61: 0 | AH61: 0 | AI61: 0 | AJ61: 0
A62: 42 | B62: 대구본부 | C62: 동대구운용팀 | E62: 렌트 | F62: RV/SUV | G62: 스포티지 | H62: 대차/172호7875(128허4949) | I62: 경유 | J62: 0 | K62: 0 | L62: 0 | M62: 0 | N62: 0 | O62: 0 | P62: 0 | Q62: 0 | R62: 0 | S62: 0 | T62: 0 | U62: 0 | V62: 0 | W62: 0 | X62: 0 | Y62: 0 | Z62: 0 | AA62: 0 | AB62: 0 | AC62: 0 | AD62: 0 | AE62: 0 | AF62: 0 | AG62: 0 | AH62: 0 | AI62: 0 | AJ62: 0
A63: 43 | B63: 대구본부 | C63: 동대구운용팀 | D63: 최태영 | E63: 리스 | F63: RV/SUV | G63: 스타리아 | H63: 801서1948 | I63: 경유 | J63: 25 | K63: 3110 | L63: 3110 | M63: 460000 | N63: 0 | O63: 0 | P63: 0 | Q63: 0 | R63: 0 | S63: 0 | T63: 0 | U63: 0 | V63: 0 | W63: 460000 | X63: 0 | Y63: 0 | Z63: 0 | AA63: 0 | AB63: 0 | AC63: 0 | AD63: 0 | AE63: 0 | AF63: 0 | AG63: 0 | AH63: 0 | AI63: 460000 | AJ63: 147
A64: 44 | B64: 대구본부 | C64: 동대구운용팀 | D64: 김두종 | E64: 렌트 | F64: RV/SUV | G64: 더 뉴 티볼리 | H64: 222허5110 | I64: 휘발유 | J64: 20 | K64: 2486 | L64: 2486 | M64: 420000 | N64: 0 | O64: 0 | P64: 0 | Q64: 0 | R64: 0 | S64: 0 | T64: 0 | U64: 0 | V64: 0 | W64: 420000 | X64: 0 | Y64: 0 | Z64: 0 | AA64: 0 | AB64: 0 | AC64: 0 | AD64: 0 | AE64: 0 | AF64: 0 | AG64: 0 | AH64: 0 | AI64: 420000 | AJ64: 168
A65: 45 | B65: 대구본부 | C65: 동대구운용팀 | E65: 렌트 | F65: RV/SUV | G65: 스포티지 | H65: 222허5549 | I65: 경유 | J65: 0 | K65: 0 | L65: 0 | M65: 0 | N65: 0 | O65: 0 | P65: 0 | Q65: 0 | R65: 0 | S65: 0 | T65: 0 | U65: 0 | V65: 0 | W65: 0 | X65: 0 | Y65: 0 | Z65: 0 | AA65: 0 | AB65: 0 | AC65: 0 | AD65: 0 | AE65: 0 | AF65: 0 | AG65: 0 | AH65: 0 | AI65: 0 | AJ65: 0
A66: 46 | B66: 대구본부 | C66: 동대구운용팀 | E66: 렌트 | F66: RV/SUV | G66: 스포티지 | H66: 177허8365 | I66: 경유 | J66: 0 | K66: 0 | L66: 0 | M66: 0 | N66: 0 | O66: 0 | P66: 0 | Q66: 0 | R66: 0 | S66: 0 | T66: 0 | U66: 0 | V66: 0 | W66: 0 | X66: 0 | Y66: 0 | Z66: 0 | AA66: 0 | AB66: 0 | AC66: 0 | AD66: 0 | AE66: 0 | AF66: 0 | AG66: 0 | AH66: 0 | AI66: 0 | AJ66: 0
A67: 47 | B67: 대구본부 | C67: 동대구운용팀 | D67: 장병철 | E67: 렌트 | F67: RV/SUV | G67: 스포티지 | H67: 222허5549 | I67: 경유 | J67: 17 | K67: 2295 | L67: 2295 | M67: 256000 | N67: 0 | O67: 0 | P67: 0 | Q67: 0 | R67: 0 | S67: 0 | T67: 0 | U67: 0 | V67: 0 | W67: 256000 | X67: 0 | Y67: 0 | Z67: 0 | AA67: 0 | AB67: 0 | AC67: 0 | AD67: 0 | AE67: 0 | AF67: 0 | AG67: 0 | AH67: 0 | AI67: 256000 | AJ67: 111
A68: 48 | B68: 대구본부 | C68: 동대구운용팀 | D68: 이홍구 | E68: 렌트 | F68: RV/SUV | G68: 스포티지 | H68: 177허8365 | I68: 경유 | J68: 21 | K68: 2969 | L68: 2969 | M68: 310000 | N68: 0 | O68: 0 | P68: 0 | Q68: 0 | R68: 0 | S68: 0 | T68: 0 | U68: 0 | V68: 0 | W68: 310000 | X68: 0 | Y68: 0 | Z68: 0 | AA68: 0 | AB68: 0 | AC68: 0 | AD68: 0 | AE68: 0 | AF68: 0 | AG68: 0 | AH68: 0 | AI68: 310000 | AJ68: 104
A69: 49 | B69: 대구본부 | C69: 동대구운용팀 | E69: 렌트 | F69: RV/SUV | G69: 투싼(하이브리드) | H69: 대차/222호8963(104허4267) | I69: 휘발유 | J69: 0 | K69: 0 | L69: 0 | M69: 0 | N69: 0 | O69: 0 | P69: 0 | Q69: 0 | R69: 0 | S69: 0 | T69: 0 | U69: 0 | V69: 0 | W69: 0 | X69: 0 | Y69: 0 | Z69: 0 | AA69: 0 | AB69: 0 | AC69: 0 | AD69: 0 | AE69: 0 | AF69: 0 | AG69: 0 | AH69: 0 | AI69: 0 | AJ69: 0
A70: 50 | B70: 대구본부 | C70: 동대구운용팀 | E70: 렌트 | F70: 대형승용 | G70: 제네사스G80 | H70: 대차/192허3086(128허7161) | I70: 휘발유 | J70: 0 | K70: 0 | L70: 0 | M70: 0 | N70: 0 | O70: 0 | P70: 0 | Q70: 0 | R70: 0 | S70: 0 | T70: 0 | U70: 0 | V70: 0 | W70: 0 | X70: 0 | Y70: 0 | Z70: 0 | AA70: 0 | AB70: 0 | AC70: 0 | AD70: 0 | AE70: 0 | AF70: 0 | AG70: 0 | AH70: 0 | AI70: 0 | AJ70: 0
A71: 51 | B71: 대구본부 | C71: 동대구운용팀 | E71: 렌트 | F71: 중형승용 | G71: 그랜저 | H71: 대차/193하2930(128허7161) | I71: 휘발유 | J71: 0 | K71: 0 | L71: 0 | M71: 0 | N71: 0 | O71: 0 | P71: 0 | Q71: 0 | R71: 0 | S71: 0 | T71: 0 | U71: 0 | V71: 0 | W71: 0 | X71: 0 | Y71: 0 | Z71: 0 | AA71: 0 | AB71: 0 | AC71: 0 | AD71: 0 | AE71: 0 | AF71: 0 | AG71: 0 | AH71: 0 | AI71: 0 | AJ71: 0
A72: 52 | B72: 대구본부 | C72: 동대구운용팀 | D72: 이인식 | E72: 렌트 | F72: RV/SUV | G72: 셀토스 | H72: 231하6948 | I72: 휘발유 | J72: 17 | K72: 972 | L72: 972 | M72: 180000 | N72: 0 | O72: 0 | P72: 0 | Q72: 0 | R72: 0 | S72: 0 | T72: 0 | U72: 0 | V72: 0 | W72: 180000 | X72: 0 | Y72: 0 | Z72: 1000 | AA72: 0 | AB72: 0 | AC72: 0 | AD72: 0 | AE72: 0 | AF72: 0 | AG72: 0 | AH72: 1000 | AI72: 181000 | AJ72: 185
A73: 53 | B73: 대구본부 | C73: 동대구운용팀 | D73: 김승현 | E73: 렌트 | F73: RV/SUV | G73: 셀토스 | H73: 231허4073 | I73: 휘발유 | J73: 21 | K73: 1487 | L73: 1487 | M73: 299000 | N73: 0 | O73: 0 | P73: 0 | Q73: 0 | R73: 0 | S73: 0 | T73: 0 | U73: 0 | V73: 0 | W73: 299000 | X73: 0 | Y73: 0 | Z73: 0 | AA73: 0 | AB73: 0 | AC73: 0 | AD73: 0 | AE73: 0 | AF73: 0 | AG73: 0 | AH73: 0 | AI73: 299000 | AJ73: 201
A74: 54 | B74: 대구본부 | C74: 동대구운용팀 | D74: 이은식 | E74: 렌트 | F74: RV/SUV | G74: 셀토스 | H74: 231허4116 | I74: 휘발유 | J74: 14 | K74: 1995 | L74: 1995 | M74: 211000 | N74: 0 | O74: 0 | P74: 0 | Q74: 0 | R74: 0 | S74: 0 | T74: 0 | U74: 0 | V74: 0 | W74: 211000 | X74: 0 | Y74: 0 | Z74: 0 | AA74: 0 | AB74: 0 | AC74: 0 | AD74: 0 | AE74: 0 | AF74: 0 | AG74: 0 | AH74: 0 | AI74: 211000 | AJ74: 105
A75: 55 | B75: 대구본부 | C75: 동대구운용팀 | E75: 렌트 | F75: RV/SUV | G75: 쏘렌토 | H75: 대차/153허1713(165허9671) | I75: 경유 | J75: 0 | K75: 0 | L75: 0 | M75: 0 | N75: 0 | O75: 0 | P75: 0 | Q75: 0 | R75: 0 | S75: 0 | T75: 0 | U75: 0 | V75: 0 | W75: 0 | X75: 0 | Y75: 0 | Z75: 0 | AA75: 0 | AB75: 0 | AC75: 0 | AD75: 0 | AE75: 0 | AF75: 0 | AG75: 0 | AH75: 0 | AI75: 0 | AJ75: 0
A76: 56 | B76: 대구본부 | C76: 동대구운용팀 | E76: 렌트 | F76: RV/SUV | G76: 소렌토 | H76: 139어1544 | I76: 경유 | J76: 0 | K76: 0 | L76: 0 | M76: 0 | N76: 0 | O76: 0 | P76: 0 | Q76: 0 | R76: 0 | S76: 0 | T76: 0 | U76: 0 | V76: 0 | W76: 0 | X76: 0 | Y76: 0 | Z76: 0 | AA76: 0 | AB76: 0 | AC76: 0 | AD76: 0 | AE76: 0 | AF76: 0 | AG76: 0 | AH76: 0 | AI76: 0 | AJ76: 0
A77: 57 | B77: 대구본부 | C77: 동대구운용팀 | E77: 리스 | F77: RV/SUV | G77: 스타리아 | H77: 대차/703하1454(844조9464) | I77: 경유 | J77: 0 | K77: 0 | L77: 0 | M77: 0 | N77: 0 | O77: 0 | P77: 0 | Q77: 0 | R77: 0 | S77: 0 | T77: 0 | U77: 0 | V77: 0 | W77: 0 | X77: 0 | Y77: 0 | Z77: 0 | AA77: 0 | AB77: 0 | AC77: 0 | AD77: 0 | AE77: 0 | AF77: 0 | AG77: 0 | AH77: 0 | AI77: 0 | AJ77: 0
A78: 58 | B78: 대구본부 | C78: 동대구운용팀 | D78: 정용일 | E78: 렌트 | F78: RV/SUV | G78: 쏘렌토 | H78: 153허8544(대차/192허4397) | I78: 경유 | J78: 5 | K78: 756 | L78: 756 | M78: 60000 | N78: 0 | O78: 0 | P78: 0 | Q78: 0 | R78: 0 | S78: 0 | T78: 0 | U78: 0 | V78: 0 | W78: 60000 | X78: 0 | Y78: 0 | Z78: 0 | AA78: 0 | AB78: 0 | AC78: 0 | AD78: 0 | AE78: 0 | AF78: 0 | AG78: 0 | AH78: 0 | AI78: 60000 | AJ78: 79
A79: 59 | B79: 대구본부 | C79: 동대구운용팀 | D79: 윤민석 | E79: 렌트 | F79: 중형승용 | G79: 그랜져 | H79: 대차/222하7498(844조9480) | I79: 휘발유 | J79: 2 | K79: 98 | L79: 98 | M79: 30000 | N79: 0 | O79: 0 | P79: 0 | Q79: 0 | R79: 0 | S79: 0 | T79: 0 | U79: 0 | V79: 0 | W79: 30000 | X79: 0 | Y79: 0 | Z79: 0 | AA79: 0 | AB79: 0 | AC79: 0 | AD79: 0 | AE79: 0 | AF79: 0 | AG79: 0 | AH79: 0 | AI79: 30000 | AJ79: 306
B80: 소계 | C80: 동대구운용팀 | K80: 40966 | L80: 40966 | M80: 6449595 | N80: 0 | O80: 0 | P80: 0 | Q80: 0 | R80: 0 | S80: 0 | T80: 0 | U80: 0 | V80: 0 | W80: 6449595 | X80: 0 | Y80: 0 | Z80: 1000 | AA80: 0 | AB80: 0 | AC80: 0 | AD80: 0 | AE80: 0 | AF80: 0 | AG80: 0 | AH80: 1000 | AI80: 6450595
A81: 1 | B81: 대구본부 | C81: 서대구운용팀 | E81: 리스 | F81: 고소작업_RV | G81: 렉스톤(고소작업차) | H81: 98다0678 | I81: 경유 | J81: 0 | K81: 0 | L81: 0 | M81: 0 | N81: 0 | O81: 0 | P81: 0 | Q81: 0 | R81: 0 | S81: 0 | T81: 0 | U81: 0 | V81: 0 | W81: 0 | X81: 0 | Y81: 0 | Z81: 0 | AA81: 0 | AB81: 0 | AC81: 0 | AD81: 0 | AE81: 0 | AF81: 0 | AG81: 0 | AH81: 0 | AI81: 0 | AJ81: 0
A82: 2 | B82: 대구본부 | C82: 서대구운용팀 | E82: 렌트 | F82: 경차 | G82: 모닝(L) | H82: 52하9954 | I82: 휘발유 | J82: 0 | K82: 0 | L82: 0 | M82: 0 | N82: 0 | O82: 0 | P82: 0 | Q82: 0 | R82: 0 | S82: 0 | T82: 0 | U82: 0 | V82: 0 | W82: 0 | X82: 0 | Y82: 0 | Z82: 0 | AA82: 0 | AB82: 0 | AC82: 0 | AD82: 0 | AE82: 0 | AF82: 0 | AG82: 0 | AH82: 0 | AI82: 0 | AJ82: 0
A83: 3 | B83: 대구본부 | C83: 서대구운용팀 | E83: 렌트 | F83: EV | G83: SOUL EV | H83: 14허8881 | I83: EV | J83: 0 | K83: 0 | L83: 0 | M83: 0 | N83: 0 | O83: 0 | P83: 0 | Q83: 0 | R83: 0 | S83: 0 | T83: 0 | U83: 0 | V83: 0 | W83: 0 | X83: 0 | Y83: 0 | Z83: 0 | AA83: 0 | AB83: 0 | AC83: 0 | AD83: 0 | AE83: 0 | AF83: 0 | AG83: 0 | AH83: 0 | AI83: 0 | AJ83: 0
A84: 4 | B84: 대구본부 | C84: 서대구운용팀 | E84: 렌트 | F84: EV | G84: SOUL EV | H84: 14허8882 | I84: EV | J84: 0 | K84: 0 | L84: 0 | M84: 0 | N84: 0 | O84: 0 | P84: 0 | Q84: 0 | R84: 0 | S84: 0 | T84: 0 | U84: 0 | V84: 0 | W84: 0 | X84: 0 | Y84: 0 | Z84: 0 | AA84: 0 | AB84: 0 | AC84: 0 | AD84: 0 | AE84: 0 | AF84: 0 | AG84: 0 | AH84: 0 | AI84: 0 | AJ84: 0
A85: 5 | B85: 대구본부 | C85: 서대구운용팀 | E85: 렌트 | F85: EV | G85: SOUL EV | H85: 14허8883 | I85: EV | J85: 0 | K85: 0 | L85: 0 | M85: 0 | N85: 0 | O85: 0 | P85: 0 | Q85: 0 | R85: 0 | S85: 0 | T85: 0 | U85: 0 | V85: 0 | W85: 0 | X85: 0 | Y85: 0 | Z85: 0 | AA85: 0 | AB85: 0 | AC85: 0 | AD85: 0 | AE85: 0 | AF85: 0 | AG85: 0 | AH85: 0 | AI85: 0 | AJ85: 0
A86: 6 | B86: 대구본부 | C86: 서대구운용팀 | E86: 렌트 | F86: 경차 | G86: 모닝(L) | H86: 18하9789 | I86: 휘발유 | J86: 0 | K86: 0 | L86: 0 | M86: 0 | N86: 0 | O86: 0 | P86: 0 | Q86: 0 | R86: 0 | S86: 0 | T86: 0 | U86: 0 | V86: 0 | W86: 0 | X86: 0 | Y86: 0 | Z86: 0 | AA86: 0 | AB86: 0 | AC86: 0 | AD86: 0 | AE86: 0 | AF86: 0 | AG86: 0 | AH86: 0 | AI86: 0 | AJ86: 0
A87: 7 | B87: 대구본부 | C87: 서대구운용팀 | E87: 렌트 | F87: 경차 | G87: 모닝(L) | H87: 18하9791 | I87: 휘발유 | J87: 0 | K87: 0 | L87: 0 | M87: 0 | N87: 0 | O87: 0 | P87: 0 | Q87: 0 | R87: 0 | S87: 0 | T87: 0 | U87: 0 | V87: 0 | W87: 0 | X87: 0 | Y87: 0 | Z87: 0 | AA87: 0 | AB87: 0 | AC87: 0 | AD87: 0 | AE87: 0 | AF87: 0 | AG87: 0 | AH87: 0 | AI87: 0 | AJ87: 0
A88: 8 | B88: 대구본부 | C88: 서대구운용팀 | E88: 렌트 | F88: 경차 | G88: 모닝(L) | H88: 18하9792 | I88: 휘발유 | J88: 0 | K88: 0 | L88: 0 | M88: 0 | N88: 0 | O88: 0 | P88: 0 | Q88: 0 | R88: 0 | S88: 0 | T88: 0 | U88: 0 | V88: 0 | W88: 0 | X88: 0 | Y88: 0 | Z88: 0 | AA88: 0 | AB88: 0 | AC88: 0 | AD88: 0 | AE88: 0 | AF88: 0 | AG88: 0 | AH88: 0 | AI88: 0 | AJ88: 0
A89: 9 | B89: 대구본부 | C89: 서대구운용팀 | E89: 렌트 | F89: 경차 | G89: 모닝(L) | H89: 18호9533 | I89: 휘발유 | J89: 0 | K89: 0 | L89: 0 | M89: 0 | N89: 0 | O89: 0 | P89: 0 | Q89: 0 | R89: 0 | S89: 0 | T89: 0 | U89: 0 | V89: 0 | W89: 0 | X89: 0 | Y89: 0 | Z89: 0 | AA89: 0 | AB89: 0 | AC89: 0 | AD89: 0 | AE89: 0 | AF89: 0 | AG89: 0 | AH89: 0 | AI89: 0 | AJ89: 0
A90: 10 | B90: 대구본부 | C90: 서대구운용팀 | E90: 렌트 | F90: RV/SUV | G90: 스포티지 | H90: 40하5349 | I90: 경유 | J90: 0 | K90: 0 | L90: 0 | M90: 0 | N90: 0 | O90: 0 | P90: 0 | Q90: 0 | R90: 0 | S90: 0 | T90: 0 | U90: 0 | V90: 0 | W90: 0 | X90: 0 | Y90: 0 | Z90: 0 | AA90: 0 | AB90: 0 | AC90: 0 | AD90: 0 | AE90: 0 | AF90: 0 | AG90: 0 | AH90: 0 | AI90: 0 | AJ90: 0
A91: 11 | B91: 대구본부 | C91: 서대구운용팀 | E91: 렌트 | F91: 경차 | G91: 모닝 | H91: 40하5394 | I91: 휘발유 | J91: 0 | K91: 0 | L91: 0 | M91: 0 | N91: 0 | O91: 0 | P91: 0 | Q91: 0 | R91: 0 | S91: 0 | T91: 0 | U91: 0 | V91: 0 | W91: 0 | X91: 0 | Y91: 0 | Z91: 0 | AA91: 0 | AB91: 0 | AC91: 0 | AD91: 0 | AE91: 0 | AF91: 0 | AG91: 0 | AH91: 0 | AI91: 0 | AJ91: 0
A92: 12 | B92: 대구본부 | C92: 서대구운용팀 | E92: 렌트 | F92: RV/SUV | G92: 스포티지 | H92: 52하9925 | I92: 경유 | J92: 0 | K92: 0 | L92: 0 | M92: 0 | N92: 0 | O92: 0 | P92: 0 | Q92: 0 | R92: 0 | S92: 0 | T92: 0 | U92: 0 | V92: 0 | W92: 0 | X92: 0 | Y92: 0 | Z92: 0 | AA92: 0 | AB92: 0 | AC92: 0 | AD92: 0 | AE92: 0 | AF92: 0 | AG92: 0 | AH92: 0 | AI92: 0 | AJ92: 0
... A103: 23 | B103: 대구본부 | C103: 서대구운용팀 | E103: 렌트 | F103: 중형승용 | G103: 아반떼 | H103: 대차/36하0775(552하9954) | I103: 휘발유 | J103: 0 | K103: 0 | L103: 0 | M103: 0 | N103: 0 | O103: 0 | P103: 0 | Q103: 0 | R103: 0 | S103: 0 | T103: 0 | U103: 0 | V103: 0 | W103: 0 | X103: 0 | Y103: 0 | Z103: 0 | AA103: 0 | AB103: 0 | AC103: 0 | AD103: 0 | AE103: 0 | AF103: 0 | AG103: 0 | AH103: 0 | AI103: 0 | AJ103: 0
A104: 24 | B104: 대구본부 | C104: 서대구운용팀 | D104: 김정현 | E104: 렌트 | F104: 경차 | G104: 모닝(승용) | H104: 165허6834 | I104: 휘발유 | J104: 16 | K104: 522 | L104: 522 | M104: 96000 | N104: 0 | O104: 0 | P104: 0 | Q104: 0 | R104: 0 | S104: 0 | T104: 0 | U104: 0 | V104: 0 | W104: 96000 | X104: 0 | Y104: 0 | Z104: 0 | AA104: 0 | AB104: 0 | AC104: 0 | AD104: 0 | AE104: 0 | AF104: 0 | AG104: 0 | AH104: 0 | AI104: 96000 | AJ104: 183
A105: 25 | B105: 대구본부 | C105: 서대구운용팀 | D105: 김동현 | E105: 렌트 | F105: 경차 | G105: 모닝(승용) | H105: 165허9312 | I105: 휘발유 | J105: 19 | K105: 552 | L105: 552 | M105: 138000 | N105: 0 | O105: 0 | P105: 0 | Q105: 0 | R105: 0 | S105: 0 | T105: 0 | U105: 0 | V105: 0 | W105: 138000 | X105: 0 | Y105: 0 | Z105: 0 | AA105: 0 | AB105: 0 | AC105: 0 | AD105: 0 | AE105: 0 | AF105: 0 | AG105: 0 | AH105: 0 | AI105: 138000 | AJ105: 250
A106: 26 | B106: 대구본부 | C106: 서대구운용팀 | D106: 임하진 | E106: 렌트 | F106: 경차 | G106: 모닝(승용) | H106: 165허9313 | I106: 휘발유 | J106: 19 | K106: 1996 | L106: 1996 | M106: 262000 | N106: 0 | O106: 0 | P106: 0 | Q106: 0 | R106: 0 | S106: 0 | T106: 0 | U106: 0 | V106: 0 | W106: 262000 | X106: 0 | Y106: 0 | Z106: 0 | AA106: 0 | AB106: 0 | AC106: 0 | AD106: 0 | AE106: 0 | AF106: 0 | AG106: 0 | AH106: 0 | AI106: 262000 | AJ106: 131
A107: 27 | B107: 대구본부 | C107: 서대구운용팀 | D107: 김명준 | E107: 렌트 | F107: 경차 | G107: 모닝(승용) | H107: 165허9314 | I107: 휘발유 | J107: 17 | K107: 983 | L107: 983 | M107: 157000 | N107: 0 | O107: 0 | P107: 0 | Q107: 0 | R107: 0 | S107: 0 | T107: 0 | U107: 0 | V107: 0 | W107: 157000 | X107: 0 | Y107: 0 | Z107: 0 | AA107: 0 | AB107: 0 | AC107: 0 | AD107: 0 | AE107: 0 | AF107: 0 | AG107: 0 | AH107: 0 | AI107: 157000 | AJ107: 159
A108: 28 | B108: 대구본부 | C108: 서대구운용팀 | D108: 윤수호 | E108: 렌트 | F108: 경차 | G108: 모닝(승용) | H108: 193허1322 | I108: 휘발유 | J108: 10 | K108: 117 | L108: 117 | M108: 50000 | N108: 0 | O108: 0 | P108: 0 | Q108: 0 | R108: 0 | S108: 0 | T108: 0 | U108: 0 | V108: 0 | W108: 50000 | X108: 0 | Y108: 0 | Z108: 0 | AA108: 0 | AB108: 0 | AC108: 0 | AD108: 0 | AE108: 0 | AF108: 0 | AG108: 0 | AH108: 0 | AI108: 50000 | AJ108: 427
A109: 29 | B109: 대구본부 | C109: 서대구운용팀 | D109: 김보철 | E109: 렌트 | F109: RV/SUV | G109: 스포티지 | H109: 162호3204 | I109: 경유 | J109: 25 | K109: 2253 | L109: 2253 | M109: 297000 | N109: 0 | O109: 0 | P109: 0 | Q109: 0 | R109: 0 | S109: 0 | T109: 0 | U109: 0 | V109: 0 | W109: 297000 | X109: 0 | Y109: 0 | Z109: 0 | AA109: 0 | AB109: 0 | AC109: 0 | AD109: 0 | AE109: 0 | AF109: 0 | AG109: 0 | AH109: 0 | AI109: 297000 | AJ109: 131
A110: 30 | B110: 대구본부 | C110: 서대구운용팀 | D110: 허근영 | E110: 렌트 | F110: RV/SUV | G110: 스포티지 | H110: 165허9669 | I110: 경유 | J110: 20 | K110: 1622 | L110: 1622 | M110: 225000 | N110: 0 | O110: 0 | P110: 0 | Q110: 0 | R110: 0 | S110: 0 | T110: 0 | U110: 0 | V110: 0 | W110: 225000 | X110: 0 | Y110: 0 | Z110: 0 | AA110: 0 | AB110: 0 | AC110: 0 | AD110: 0 | AE110: 0 | AF110: 0 | AG110: 0 | AH110: 0 | AI110: 225000 | AJ110: 138
A111: 31 | B111: 대구본부 | C111: 서대구운용팀 | D111: 류영준 | E111: 렌트 | F111: 경차 | G111: 모닝 | H111: 193허6630 | I111: 휘발유 | J111: 15 | K111: 735 | L111: 735 | M111: 110000 | N111: 0 | O111: 0 | P111: 0 | Q111: 0 | R111: 0 | S111: 0 | T111: 0 | U111: 0 | V111: 0 | W111: 110000 | X111: 0 | Y111: 0 | Z111: 0 | AA111: 0 | AB111: 0 | AC111: 0 | AD111: 0 | AE111: 0 | AF111: 0 | AG111: 0 | AH111: 0 | AI111: 110000 | AJ111: 149
A112: 32 | B112: 대구본부 | C112: 서대구운용팀 | E112: 렌트 | F112: 중형승용 | G112: K5 | H112: 193하1957 | I112: 휘발유 | J112: 0 | K112: 0 | L112: 0 | M112: 0 | N112: 0 | O112: 0 | P112: 0 | Q112: 0 | R112: 0 | S112: 0 | T112: 0 | U112: 0 | V112: 0 | W112: 0 | X112: 0 | Y112: 0 | Z112: 0 | AA112: 0 | AB112: 0 | AC112: 0 | AD112: 0 | AE112: 0 | AF112: 0 | AG112: 0 | AH112: 0 | AI112: 0 | AJ112: 0
A113: 33 | B113: 대구본부 | C113: 서대구운용팀 | D113: 허근영 | E113: 렌트 | F113: RV/SUV | G113: 코란도 | H113: 192허4382 | I113: 휘발유 | J113: 22 | K113: 762 | L113: 762 | M113: 196000 | N113: 0 | O113: 0 | P113: 0 | Q113: 0 | R113: 0 | S113: 0 | T113: 0 | U113: 0 | V113: 0 | W113: 196000 | X113: 0 | Y113: 0 | Z113: 0 | AA113: 0 | AB113: 0 | AC113: 0 | AD113: 0 | AE113: 0 | AF113: 0 | AG113: 0 | AH113: 0 | AI113: 196000 | AJ113: 257
A114: 34 | B114: 대구본부 | C114: 서대구운용팀 | D114: 전병규 | E114: 렌트 | F114: RV/SUV | G114: 코란도 | H114: 192허4402 | I114: 휘발유 | J114: 24 | K114: 643 | L114: 643 | M114: 128000 | N114: 0 | O114: 0 | P114: 0 | Q114: 0 | R114: 0 | S114: 0 | T114: 0 | U114: 0 | V114: 0 | W114: 128000 | X114: 0 | Y114: 0 | Z114: 0 | AA114: 0 | AB114: 0 | AC114: 0 | AD114: 0 | AE114: 0 | AF114: 0 | AG114: 0 | AH114: 0 | AI114: 128000 | AJ114: 199
A115: 35 | B115: 대구본부 | C115: 서대구운용팀 | D115: 이해원 | E115: 렌트 | F115: RV/SUV | G115: 코란도 | H115: 192허4388 | I115: 휘발유 | J115: 23 | K115: 1383 | L115: 1383 | M115: 279000 | N115: 0 | O115: 0 | P115: 0 | Q115: 0 | R115: 0 | S115: 0 | T115: 0 | U115: 0 | V115: 0 | W115: 279000 | X115: 0 | Y115: 0 | Z115: 0 | AA115: 0 | AB115: 0 | AC115: 0 | AD115: 0 | AE115: 0 | AF115: 0 | AG115: 0 | AH115: 0 | AI115: 279000 | AJ115: 201
A116: 36 | B116: 대구본부 | C116: 서대구운용팀 | D116: 변상환 | E116: 렌트 | F116: RV/SUV | G116: 코란도 | H116: 192허4381 | I116: 휘발유 | J116: 20 | K116: 1128 | L116: 1128 | M116: 180000 | N116: 0 | O116: 0 | P116: 0 | Q116: 0 | R116: 0 | S116: 0 | T116: 0 | U116: 0 | V116: 0 | W116: 180000 | X116: 0 | Y116: 0 | Z116: 0 | AA116: 0 | AB116: 0 | AC116: 0 | AD116: 0 | AE116: 0 | AF116: 0 | AG116: 0 | AH116: 0 | AI116: 180000 | AJ116: 159
A117: 37 | B117: 대구본부 | C117: 서대구운용팀 | E117: 렌트 | F117: EV | G117: EV6 | H117: 대차/49호8628(07호7155) | I117: EV | J117: 0 | K117: 0 | L117: 0 | M117: 0 | N117: 0 | O117: 0 | P117: 0 | Q117: 0 | R117: 0 | S117: 0 | T117: 0 | U117: 0 | V117: 0 | W117: 0 | X117: 0 | Y117: 0 | Z117: 0 | AA117: 0 | AB117: 0 | AC117: 0 | AD117: 0 | AE117: 0 | AF117: 0 | AG117: 0 | AH117: 0 | AI117: 0 | AJ117: 0
A118: 38 | B118: 대구본부 | C118: 서대구운용팀 | E118: 렌트 | F118: 대형승용 | G118: 그랜져 | H118: 대차/128하4392(193허1322) | I118: LPG | J118: 0 | K118: 0 | L118: 0 | M118: 0 | N118: 0 | O118: 0 | P118: 0 | Q118: 0 | R118: 0 | S118: 0 | T118: 0 | U118: 0 | V118: 0 | W118: 0 | X118: 0 | Y118: 0 | Z118: 0 | AA118: 0 | AB118: 0 | AC118: 0 | AD118: 0 | AE118: 0 | AF118: 0 | AG118: 0 | AH118: 0 | AI118: 0 | AJ118: 0
...

Sheet 25년 11월
A1: 순번 | B1: 본부 | C1: 팀/파트 | D1: 사용자 | E1: 구입형태 | F1: 차종 | G1: 모델명 | H1: 차량번호 | I1: 연료 | J1: 평균운행일수 | K1: 총주행거리 (Km) | L1: 업무용 사용거리 (km) | M1: 법인카드 | X1: 현금사용 | AI1: 합계 ①+② | AJ1: 평균주유비(Km)
M2: 유류비 | N2: 하이패스 | O2: 주차비 | P2: 통행료 | Q2: 세차비 | R2: 도선료 | S2: 수선비 | T2: 경정비 | U2: 비상주유 | V2: 발전기유류비 | W2: 소계① | X2: 유류비 | Y2: 하이패스 | Z2: 주차비 | AA2: 통행료 | AB2: 세차비 | AC2: 도선료 | AD2: 수선비 | AE2: 경정비 | AF2: 비상주유 | AG2: 발전기유류비 | AH2: 소계② | AJ2: 평균주유비(Km)
A3: 1 | B3: 대구본부 | C3: 운용지원팀 | E3: 렌트 | F3: 경차 | G3: 모닝(L) | H3: 52하9955 | I3: 휘발유 | J3: 0 | K3: 0 | L3: 0 | M3: 0 | N3: 0 | O3: 0 | P3: 0 | Q3: 0 | R3: 0 | S3: 0 | T3: 0 | U3: 0 | V3: 0 | W3: 0 | X3: 0 | Y3: 0 | Z3: 0 | AA3: 0 | AB3: 0 | AC3: 0 | AD3: 0 | AE3: 0 | AF3: 0 | AG3: 0 | AH3: 0 | AI3: 0 | AJ3: 0
A4: 2 | B4: 대구본부 | C4: 운용지원팀 | E4: 자차 | F4: 기타 | G4: 포터 | H4: 91주1465 | I4: 경유 | J4: 0 | K4: 0 | L4: 0 | M4: 0 | N4: 0 | O4: 0 | P4: 0 | Q4: 0 | R4: 0 | S4: 0 | T4: 0 | U4: 0 | V4: 0 | W4: 0 | X4: 0 | Y4: 0 | Z4: 0 | AA4: 0 | AB4: 0 | AC4: 0 | AD4: 0 | AE4: 0 | AF4: 0 | AG4: 0 | AH4: 0 | AI4: 0 | AJ4: 0
A5: 3 | B5: 대구본부 | C5: 운용지원팀 | E5: 자차 | F5: 기타 | G5: 포터 | H5: 81더6676 | I5: 경유 | J5: 0 | K5: 0 | L5: 0 | M5: 0 | N5: 0 | O5: 0 | P5: 0 | Q5: 0 | R5: 0 | S5: 0 | T5: 0 | U5: 0 | V5: 0 | W5: 0 | X5: 0 | Y5: 0 | Z5: 0 | AA5: 0 | AB5: 0 | AC5: 0 | AD5: 0 | AE5: 0 | AF5: 0 | AG5: 0 | AH5: 0 | AI5: 0 | AJ5: 0
A6: 4 | B6: 대구본부 | C6: 운용지원팀 | E6: 렌트 | F6: RV/SUV | G6: 티볼리 | H6: 104허4264 | I6: 경유 | J6: 0 | K6: 0 | L6: 0 | M6: 0 | N6: 0 | O6: 0 | P6: 0 | Q6: 0 | R6: 0 | S6: 0 | T6: 0 | U6: 0 | V6: 0 | W6: 0 | X6: 0 | Y6: 0 | Z6: 0 | AA6: 0 | AB6: 0 | AC6: 0 | AD6: 0 | AE6: 0 | AF6: 0 | AG6: 0 | AH6: 0 | AI6: 0 | AJ6: 0
A7: 5 | B7: 대구본부 | C7: 운용지원팀 | E7: 리스 | F7: RV/SUV | G7: 스타리아 | H7: 86부5462 | I7: 경유 | J7: 0 | K7: 0 | L7: 0 | M7: 0 | N7: 0 | O7: 0 | P7: 0 | Q7: 0 | R7: 0 | S7: 0 | T7: 0 | U7: 0 | V7: 0 | W7: 0 | X7: 0 | Y7: 0 | Z7: 0 | AA7: 0 | AB7: 0 | AC7: 0 | AD7: 0 | AE7: 0 | AF7: 0 | AG7: 0 | AH7: 0 | AI7: 0 | AJ7: 0
A8: 6 | B8: 대구본부 | C8: 운용지원팀 | E8: 렌트 | F8: 기타 | G8: 카니발 | H8: 대차/145호1899(104허4264) | I8: 경유 | J8: 0 | K8: 0 | L8: 0 | M8: 0 | N8: 0 | O8: 0 | P8: 0 | Q8: 0 | R8: 0 | S8: 0 | T8: 0 | U8: 0 | V8: 0 | W8: 0 | X8: 0 | Y8: 0 | Z8: 0 | AA8: 0 | AB8: 0 | AC8: 0 | AD8: 0 | AE8: 0 | AF8: 0 | AG8: 0 | AH8: 0 | AI8: 0 | AJ8: 0
A9: 7 | B9: 대구본부 | C9: 운용지원팀 | E9: 렌트 | F9: 중형승용 | G9: K5 | H9: 대차/52호0200(104허4264) | I9: 휘발유 | J9: 0 | K9: 0 | L9: 0 | M9: 0 | N9: 0 | O9: 0 | P9: 0 | Q9: 0 | R9: 0 | S9: 0 | T9: 0 | U9: 0 | V9: 0 | W9: 0 | X9: 0 | Y9: 0 | Z9: 0 | AA9: 0 | AB9: 0 | AC9: 0 | AD9: 0 | AE9: 0 | AF9: 0 | AG9: 0 | AH9: 0 | AI9: 0 | AJ9: 0
A10: 8 | B10: 대구본부 | C10: 운용지원팀 | E10: 렌트 | F10: 소형승용 | G10: 아반떼CN7 | H10: 대차/03호7536(104허4264) | I10: 휘발유 | J10: 0 | K10: 0 | L10: 0 | M10: 0 | N10: 0 | O10: 0 | P10: 0 | Q10: 0 | R10: 0 | S10: 0 | T10: 0 | U10: 0 | V10: 0 | W10: 0 | X10: 0 | Y10: 0 | Z10: 0 | AA10: 0 | AB10: 0 | AC10: 0 | AD10: 0 | AE10: 0 | AF10: 0 | AG10: 0 | AH10: 0 | AI10: 0 | AJ10: 0
A11: 9 | B11: 대구본부 | C11: 운용지원팀 | E11: 렌트 | F11: RV/SUV | G11: K5 | H11: 대차/104허1705(104허4264) | I11: 경유 | J11: 0 | K11: 0 | L11: 0 | M11: 0 | N11: 0 | O11: 0 | P11: 0 | Q11: 0 | R11: 0 | S11: 0 | T11: 0 | U11: 0 | V11: 0 | W11: 0 | X11: 0 | Y11: 0 | Z11: 0 | AA11: 0 | AB11: 0 | AC11: 0 | AD11: 0 | AE11: 0 | AF11: 0 | AG11: 0 | AH11: 0 | AI11: 0 | AJ11: 0
A12: 10 | B12: 대구본부 | C12: 운용지원팀 | D12: 이승욱 | E12: 렌트 | F12: RV/SUV | G12: 셀토스 | H12: 231허4115 | I12: 휘발유 | J12: 13 | K12: 1530 | L12: 1530 | M12: 212000 | N12: 0 | O12: 0 | P12: 0 | Q12: 0 | R12: 0 | S12: 0 | T12: 0 | U12: 0 | V12: 0 | W12: 212000 | X12: 0 | Y12: 0 | Z12: 0 | AA12: 0 | AB12: 0 | AC12: 0 | AD12: 0 | AE12: 0 | AF12: 0 | AG12: 0 | AH12: 0 | AI12: 212000 | AJ12: 138
A13: 11 | B13: 대구본부 | C13: 운용지원팀 | D13: 김지훈 | E13: 렌트 | F13: RV/SUV | G13: 스타리아 | H13: 815머9749 | I13: 경유 | J13: 13 | K13: 2282 | L13: 2282 | M13: 285000 | N13: 0 | O13: 0 | P13: 0 | Q13: 0 | R13: 0 | S13: 0 | T13: 0 | U13: 0 | V13: 0 | W13: 285000 | X13: 0 | Y13: 0 | Z13: 0 | AA13: 0 | AB13: 0 | AC13: 0 | AD13: 0 | AE13: 0 | AF13: 0 | AG13: 0 | AH13: 0 | AI13: 285000 | AJ13: 124
B14: 소계 | C14: 운용지원팀 | K14: 3812 | L14: 3812 | M14: 497000 | N14: 0 | O14: 0 | P14: 0 | Q14: 0 | R14: 0 | S14: 0 | T14: 0 | U14: 0 | V14: 0 | W14: 497000 | X14: 0 | Y14: 0 | Z14: 0 | AA14: 0 | AB14: 0 | AC14: 0 | AD14: 0 | AE14: 0 | AF14: 0 | AG14: 0 | AH14: 0 | AI14: 497000
A15: 1 | B15: 대구본부 | C15: 현장경영팀 | E15: 자차 | F15: EV | G15: 아이오닉 | H15: 48머6029 | I15: EV | J15: 0 | K15: 0 | L15: 0 | M15: 0 | N15: 0 | O15: 0 | P15: 0 | Q15: 0 | R15: 0 | S15: 0 | T15: 0 | U15: 0 | V15: 0 | W15: 0 | X15: 0 | Y15: 0 | Z15: 0 | AA15: 0 | AB15: 0 | AC15: 0 | AD15: 0 | AE15: 0 | AF15: 0 | AG15: 0 | AH15: 0 | AI15: 0 | AJ15: 0
A16: 2 | B16: 대구본부 | C16: 현장경영팀 | E16: 렌트 | F16: 중형승용 | G16: 쏘나타(뉴라이즈) | H16: 57하0412 | I16: 휘발유 | J16: 0 | K16: 0 | L16: 0 | M16: 0 | N16: 0 | O16: 0 | P16: 0 | Q16: 0 | R16: 0 | S16: 0 | T16: 0 | U16: 0 | V16: 0 | W16: 0 | X16: 0 | Y16: 0 | Z16: 0 | AA16: 0 | AB16: 0 | AC16: 0 | AD16: 0 | AE16: 0 | AF16: 0 | AG16: 0 | AH16: 0 | AI16: 0 | AJ16: 0
A17: 3 | B17: 대구본부 | C17: 현장경영팀 | D17: 류재하 | E17: 렌트 | F17: 소형승용 | G17: K3 | H17: 160허3488 | I17: 휘발유 | J17: 14 | K17: 1741 | L17: 1741 | M17: 200000 | N17: 0 | O17: 0 | P17: 0 | Q17: 0 | R17: 0 | S17: 0 | T17: 0 | U17: 0 | V17: 0 | W17: 200000 | X17: 0 | Y17: 0 | Z17: 0 | AA17: 0 | AB17: 0 | AC17: 0 | AD17: 0 | AE17: 0 | AF17: 0 | AG17: 0 | AH17: 0 | AI17: 200000 | AJ17: 114
A18: 4 | B18: 대구본부 | C18: 현장경영팀 | E18: 렌트 | F18: 중형승용 | G18: K5(Hybrid) | H18: 193허1626 | I18: 휘발유 | J18: 0 | K18: 0 | L18: 0 | M18: 0 | N18: 0 | O18: 0 | P18: 0 | Q18: 0 | R18: 0 | S18: 0 | T18: 0 | U18: 0 | V18: 0 | W18: 0 | X18: 0 | Y18: 0 | Z18: 0 | AA18: 0 | AB18: 0 | AC18: 0 | AD18: 0 | AE18: 0 | AF18: 0 | AG18: 0 | AH18: 0 | AI18: 0 | AJ18: 0
A19: 5 | B19: 대구본부 | C19: 현장경영팀 | D19: 류재하 | E19: 렌트 | F19: 중형승용 | G19: K5 | H19: 192허4930 | I19: 휘발유 | J19: 16 | K19: 893 | L19: 893 | M19: 110000 | N19: 0 | O19: 0 | P19: 0 | Q19: 0 | R19: 0 | S19: 0 | T19: 0 | U19: 0 | V19: 0 | W19: 110000 | X19: 0 | Y19: 0 | Z19: 0 | AA19: 0 | AB19: 0 | AC19: 0 | AD19: 0 | AE19: 0 | AF19: 0 | AG19: 0 | AH19: 0 | AI19: 110000 | AJ19: 123
B20: 소계 | C20: 현장경영팀 | K20: 2634 | L20: 2634 | M20: 310000 | N20: 0 | O20: 0 | P20: 0 | Q20: 0 | R20: 0 | S20: 0 | T20: 0 | U20: 0 | V20: 0 | W20: 310000 | X20: 0 | Y20: 0 | Z20: 0 | AA20: 0 | AB20: 0 | AC20: 0 | AD20: 0 | AE20: 0 | AF20: 0 | AG20: 0 | AH20: 0 | AI20: 310000
A21: 1 | B21: 대구본부 | C21: 동대구운용팀 | E21: 렌트 | F21: RV/SUV | G21: 스포티지 | H21: 04호8776 | I21: 경유 | J21: 0 | K21: 0 | L21: 0 | M21: 0 | N21: 0 | O21: 0 | P21: 0 | Q21: 0 | R21: 0 | S21: 0 | T21: 0 | U21: 0 | V21: 0 | W21: 0 | X21: 0 | Y21: 0 | Z21: 0 | AA21: 0 | AB21: 0 | AC21: 0 | AD21: 0 | AE21: 0 | AF21: 0 | AG21: 0 | AH21: 0 | AI21: 0 | AJ21: 0
A22: 2 | B22: 대구본부 | C22: 동대구운용팀 | E22: 렌트 | F22: EV | G22: SOUL EV | H22: 14허8876 | I22: EV | J22: 0 | K22: 0 | L22: 0 | M22: 0 | N22: 0 | O22: 0 | P22: 0 | Q22: 0 | R22: 0 | S22: 0 | T22: 0 | U22: 0 | V22: 0 | W22: 0 | X22: 0 | Y22: 0 | Z22: 0 | AA22: 0 | AB22: 0 | AC22: 0 | AD22: 0 | AE22: 0 | AF22: 0 | AG22: 0 | AH22: 0 | AI22: 0 | AJ22: 0
A23: 3 | B23: 대구본부 | C23: 동대구운용팀 | E23: 렌트 | F23: EV | G23: SOUL EV | H23: 14허8880 | I23: EV | J23: 0 | K23: 0 | L23: 0 | M23: 0 | N23: 0 | O23: 0 | P23: 0 | Q23: 0 | R23: 0 | S23: 0 | T23: 0 | U23: 0 | V23: 0 | W23: 0 | X23: 0 | Y23: 0 | Z23: 0 | AA23: 0 | AB23: 0 | AC23: 0 | AD23: 0 | AE23: 0 | AF23: 0 | AG23: 0 | AH23: 0 | AI23: 0 | AJ23: 0
A24: 4 | B24: 대구본부 | C24: 동대구운용팀 | E24: 렌트 | F24: RV/SUV | G24: 스포티지 | H24: 18하9596 | I24: 경유 | J24: 0 | K24: 0 | L24: 0 | M24: 0 | N24: 0 | O24: 0 | P24: 0 | Q24: 0 | R24: 0 | S24: 0 | T24: 0 | U24: 0 | V24: 0 | W24: 0 | X24: 0 | Y24: 0 | Z24: 0 | AA24: 0 | AB24: 0 | AC24: 0 | AD24: 0 | AE24: 0 | AF24: 0 | AG24: 0 | AH24: 0 | AI24: 0 | AJ24: 0
A25: 5 | B25: 대구본부 | C25: 동대구운용팀 | E25: 렌트 | F25: 경차 | G25: 모닝(L) | H25: 18호9534 | I25: 휘발유 | J25: 0 | K25: 0 | L25: 0 | M25: 0 | N25: 0 | O25: 0 | P25: 0 | Q25: 0 | R25: 0 | S25: 0 | T25: 0 | U25: 0 | V25: 0 | W25: 0 | X25: 0 | Y25: 0 | Z25: 0 | AA25: 0 | AB25: 0 | AC25: 0 | AD25: 0 | AE25: 0 | AF25: 0 | AG25: 0 | AH25: 0 | AI25: 0 | AJ25: 0
A26: 6 | B26: 대구본부 | C26: 동대구운용팀 | E26: 렌트 | F26: RV/SUV | G26: 스포티지 | H26: 44호7855 | I26: 경유 | J26: 0 | K26: 0 | L26: 0 | M26: 0 | N26: 0 | O26: 0 | P26: 0 | Q26: 0 | R26: 0 | S26: 0 | T26: 0 | U26: 0 | V26: 0 | W26: 0 | X26: 0 | Y26: 0 | Z26: 0 | AA26: 0 | AB26: 0 | AC26: 0 | AD26: 0 | AE26: 0 | AF26: 0 | AG26: 0 | AH26: 0 | AI26: 0 | AJ26: 0
A27: 7 | B27: 대구본부 | C27: 동대구운용팀 | E27: 렌트 | F27: 경차 | G27: 모닝 | H27: 62호6573 | I27: 휘발유 | J27: 0 | K27: 0 | L27: 0 | M27: 0 | N27: 0 | O27: 0 | P27: 0 | Q27: 0 | R27: 0 | S27: 0 | T27: 0 | U27: 0 | V27: 0 | W27: 0 | X27: 0 | Y27: 0 | Z27: 0 | AA27: 0 | AB27: 0 | AC27: 0 | AD27: 0 | AE27: 0 | AF27: 0 | AG27: 0 | AH27: 0 | AI27: 0 | AJ27: 0
A28: 8 | B28: 대구본부 | C28: 동대구운용팀 | E28: 렌트 | F28: RV/SUV | G28: 스포티지 | H28: 64하2008 | I28: 경유 | J28: 0 | K28: 0 | L28: 0 | M28: 0 | N28: 0 | O28: 0 | P28: 0 | Q28: 0 | R28: 0 | S28: 0 | T28: 0 | U28: 0 | V28: 0 | W28: 0 | X28: 0 | Y28: 0 | Z28: 0 | AA28: 0 | AB28: 0 | AC28: 0 | AD28: 0 | AE28: 0 | AF28: 0 | AG28: 0 | AH28: 0 | AI28: 0 | AJ28: 0
A29: 9 | B29: 대구본부 | C29: 동대구운용팀 | E29: 렌트 | F29: 경차 | G29: 모닝 | H29: 64하9806 | I29: 휘발유 | J29: 0 | K29: 0 | L29: 0 | M29: 0 | N29: 0 | O29: 0 | P29: 0 | Q29: 0 | R29: 0 | S29: 0 | T29: 0 | U29: 0 | V29: 0 | W29: 0 | X29: 0 | Y29: 0 | Z29: 0 | AA29: 0 | AB29: 0 | AC29: 0 | AD29: 0 | AE29: 0 | AF29: 0 | AG29: 0 | AH29: 0 | AI29: 0 | AJ29: 0
A30: 10 | B30: 대구본부 | C30: 동대구운용팀 | E30: 렌트 | F30: RV/SUV | G30: 스포티지 | H30: 66하5803 | I30: 경유 | J30: 0 | K30: 0 | L30: 0 | M30: 0 | N30: 0 | O30: 0 | P30: 0 | Q30: 0 | R30: 0 | S30: 0 | T30: 0 | U30: 0 | V30: 0 | W30: 0 | X30: 0 | Y30: 0 | Z30: 0 | AA30: 0 | AB30: 0 | AC30: 0 | AD30: 0 | AE30: 0 | AF30: 0 | AG30: 0 | AH30: 0 | AI30: 0 | AJ30: 0
A31: 11 | B31: 대구본부 | C31: 동대구운용팀 | E31: 렌트 | F31: 경차 | G31: 모닝(L) | H31: 52하9940 | I31: 휘발유 | J31: 0 | K31: 0 | L31: 0 | M31: 0 | N31: 0 | O31: 0 | P31: 0 | Q31: 0 | R31: 0 | S31: 0 | T31: 0 | U31: 0 | V31: 0 | W31: 0 | X31: 0 | Y31: 0 | Z31: 0 | AA31: 0 | AB31: 0 | AC31: 0 | AD31: 0 | AE31: 0 | AF31: 0 | AG31: 0 | AH31: 0 | AI31: 0 | AJ31: 0
A32: 12 | B32: 대구본부 | C32: 동대구운용팀 | E32: 리스 | F32: 고소작업_2.5톤 | G32: 마이티2.5톤(고소작업차) | H32: 98조7255 | I32: 경유 | J32: 0 | K32: 0 | L32: 0 | M32: 0 | N32: 0 | O32: 0 | P32: 0 | Q32: 0 | R32: 0 | S32: 0 | T32: 0 | U32: 0 | V32: 0 | W32: 0 | X32: 0 | Y32: 0 | Z32: 0 | AA32: 0 | AB32: 0 | AC32: 0 | AD32: 0 | AE32: 0 | AF32: 0 | AG32: 0 | AH32: 0 | AI32: 0 | AJ32: 0
... A41: 21 | B41: 대구본부 | C41: 동대구운용팀 | E41: 렌트 | F41: RV/SUV | G41: 싼타페 | H41: 대차/03하8919(128허4949) | I41: 경유 | J41: 0 | K41: 0 | L41: 0 | M41: 0 | N41: 0 | O41: 0 | P41: 0 | Q41: 0 | R41: 0 | S41: 0 | T41: 0 | U41: 0 | V41: 0 | W41: 0 | X41: 0 | Y41: 0 | Z41: 0 | AA41: 0 | AB41: 0 | AC41: 0 | AD41: 0 | AE41: 0 | AF41: 0 | AG41: 0 | AH41: 0 | AI41: 0 | AJ41: 0
A42: 22 | B42: 대구본부 | C42: 동대구운용팀 | D42: 조일제 | E42: 렌트 | F42: 경차 | G42: 모닝(승용) | H42: 165허9309 | I42: 휘발유 | J42: 14 | K42: 1588 | L42: 1588 | M42: 212000 | N42: 0 | O42: 0 | P42: 0 | Q42: 0 | R42: 0 | S42: 0 | T42: 0 | U42: 0 | V42: 0 | W42: 212000 | X42: 0 | Y42: 0 | Z42: 0 | AA42: 0 | AB42: 0 | AC42: 0 | AD42: 0 | AE42: 0 | AF42: 0 | AG42: 0 | AH42: 0 | AI42: 212000 | AJ42: 133
A43: 23 | B43: 대구본부 | C43: 동대구운용팀 | D43: 이상우 | E43: 렌트 | F43: 경차 | G43: 모닝(승용) | H43: 165허9310 | I43: 휘발유 | J43: 19 | K43: 2276 | L43: 2268 | M43: 263000 | N43: 0 | O43: 0 | P43: 0 | Q43: 0 | R43: 0 | S43: 0 | T43: 0 | U43: 0 | V43: 0 | W43: 263000 | X43: 0 | Y43: 0 | Z43: 0 | AA43: 0 | AB43: 0 | AC43: 0 | AD43: 0 | AE43: 0 | AF43: 0 | AG43: 0 | AH43: 0 | AI43: 263000 | AJ43: 115
A44: 24 | B44: 대구본부 | C44: 동대구운용팀 | D44: 이성엽 | E44: 렌트 | F44: RV/SUV | G44: 스포티지 | H44: 165허9671 | I44: 경유 | J44: 24 | K44: 2113 | L44: 2102 | M44: 300000 | N44: 0 | O44: 0 | P44: 0 | Q44: 0 | R44: 0 | S44: 0 | T44: 0 | U44: 0 | V44: 0 | W44: 300000 | X44: 0 | Y44: 0 | Z44: 0 | AA44: 0 | AB44: 0 | AC44: 0 | AD44: 0 | AE44: 0 | AF44: 0 | AG44: 0 | AH44: 0 | AI44: 300000 | AJ44: 141
A45: 25 | B45: 대구본부 | C45: 동대구운용팀 | D45: 이힘찬 | E45: 렌트 | F45: RV/SUV | G45: 스포티지 | H45: 165허9672 | I45: 경유 | J45: 22 | K45: 3107 | L45: 3107 | M45: 300000 | N45: 0 | O45: 0 | P45: 0 | Q45: 0 | R45: 0 | S45: 0 | T45: 0 | U45: 0 | V45: 0 | W45: 300000 | X45: 0 | Y45: 0 | Z45: 0 | AA45: 0 | AB45: 0 | AC45: 0 | AD45: 0 | AE45: 0 | AF45: 0 | AG45: 0 | AH45: 0 | AI45: 300000 | AJ45: 96
A46: 26 | B46: 대구본부 | C46: 동대구운용팀 | D46: 장병철 | E46: 리스 | F46: 고소작업_RV | G46: 봉고1t(고소작업차) | H46: 985조4083 | I46: 경유 | J46: 2 | K46: 104 | L46: 104 | M46: 70000 | N46: 0 | O46: 0 | P46: 0 | Q46: 0 | R46: 0 | S46: 0 | T46: 0 | U46: 0 | V46: 0 | W46: 70000 | X46: 0 | Y46: 0 | Z46: 0 | AA46: 0 | AB46: 0 | AC46: 0 | AD46: 0 | AE46: 0 | AF46: 0 | AG46: 0 | AH46: 0 | AI46: 70000 | AJ46: 673
A47: 27 | B47: 대구본부 | C47: 동대구운용팀 | E47: 렌트 | F47: 중형승용 | G47: 소나타 | H47: 대차/10호0991(54허3164) | I47: 휘발유 | J47: 0 | K47: 0 | L47: 0 | M47: 0 | N47: 0 | O47: 0 | P47: 0 | Q47: 0 | R47: 0 | S47: 0 | T47: 0 | U47: 0 | V47: 0 | W47: 0 | X47: 0 | Y47: 0 | Z47: 0 | AA47: 0 | AB47: 0 | AC47: 0 | AD47: 0 | AE47: 0 | AF47: 0 | AG47: 0 | AH47: 0 | AI47: 0 | AJ47: 0
A48: 28 | B48: 대구본부 | C48: 동대구운용팀 | E48: 렌트 | F48: 소형승용 | G48: 아반떼 | H48: 대차/57하3285(54허3179) | I48: 휘발유 | J48: 0 | K48: 0 | L48: 0 | M48: 0 | N48: 0 | O48: 0 | P48: 0 | Q48: 0 | R48: 0 | S48: 0 | T48: 0 | U48: 0 | V48: 0 | W48: 0 | X48: 0 | Y48: 0 | Z48: 0 | AA48: 0 | AB48: 0 | AC48: 0 | AD48: 0 | AE48: 0 | AF48: 0 | AG48: 0 | AH48: 0 | AI48: 0 | AJ48: 0
A49: 29 | B49: 대구본부 | C49: 동대구운용팀 | E49: 렌트 | F49: 중형승용 | G49: 소나타 | H49: 대차/128호4099(07호7154) | I49: 경유 | J49: 0 | K49: 0 | L49: 0 | M49: 0 | N49: 0 | O49: 0 | P49: 0 | Q49: 0 | R49: 0 | S49: 0 | T49: 0 | U49: 0 | V49: 0 | W49: 0 | X49: 0 | Y49: 0 | Z49: 0 | AA49: 0 | AB49: 0 | AC49: 0 | AD49: 0 | AE49: 0 | AF49: 0 | AG49: 0 | AH49: 0 | AI49: 0 | AJ49: 0
A50: 30 | B50: 대구본부 | C50: 동대구운용팀 | D50: 서무원 | E50: 렌트 | F50: RV/SUV | G50: 코란도 | H50: 192허4389 | I50: 휘발유 | J50: 22 | K50: 1527 | L50: 1527 | M50: 298000 | N50: 0 | O50: 0 | P50: 0 | Q50: 0 | R50: 0 | S50: 0 | T50: 0 | U50: 0 | V50: 0 | W50: 298000 | X50: 0 | Y50: 0 | Z50: 0 | AA50: 0 | AB50: 0 | AC50: 0 | AD50: 0 | AE50: 0 | AF50: 0 | AG50: 0 | AH50: 0 | AI50: 298000 | AJ50: 195
A51: 31 | B51: 대구본부 | C51: 동대구운용팀 | D51: 정용일 | E51: 렌트 | F51: RV/SUV | G51: 코란도 | H51: 192허4397 | I51: 휘발유 | J51: 20 | K51: 2387 | L51: 2387 | M51: 478000 | N51: 0 | O51: 0 | P51: 0 | Q51: 0 | R51: 0 | S51: 0 | T51: 0 | U51: 0 | V51: 0 | W51: 478000 | X51: 0 | Y51: 0 | Z51: 0 | AA51: 0 | AB51: 0 | AC51: 0 | AD51: 0 | AE51: 0 | AF51: 0 | AG51: 0 | AH51: 0 | AI51: 478000 | AJ51: 200
A52: 32 | B52: 대구본부 | C52: 동대구운용팀 | D52: 곽진순 | E52: 렌트 | F52: RV/SUV | G52: 코란도 | H52: 192허4394 | I52: 휘발유 | J52: 18 | K52: 1733 | L52: 1733 | M52: 300000 | N52: 0 | O52: 0 | P52: 0 | Q52: 0 | R52: 0 | S52: 0 | T52: 0 | U52: 0 | V52: 0 | W52: 300000 | X52: 0 | Y52: 0 | Z52: 0 | AA52: 0 | AB52: 0 | AC52: 0 | AD52: 0 | AE52: 0 | AF52: 0 | AG52: 0 | AH52: 0 | AI52: 300000 | AJ52: 173
A53: 33 | B53: 대구본부 | C53: 동대구운용팀 | D53: 정한식 | E53: 렌트 | F53: RV/SUV | G53: 코란도 | H53: 192허4370 | I53: 휘발유 | J53: 17 | K53: 1979 | L53: 1979 | M53: 360000 | N53: 0 | O53: 0 | P53: 0 | Q53: 0 | R53: 0 | S53: 0 | T53: 0 | U53: 0 | V53: 0 | W53: 360000 | X53: 0 | Y53: 0 | Z53: 0 | AA53: 0 | AB53: 0 | AC53: 0 | AD53: 0 | AE53: 0 | AF53: 0 | AG53: 0 | AH53: 0 | AI53: 360000 | AJ53: 181
A54: 34 | B54: 대구본부 | C54: 동대구운용팀 | D54: 박규태 | E54: 렌트 | F54: RV/SUV | G54: 코란도 | H54: 192허4385 | I54: 휘발유 | J54: 19 | K54: 1220 | L54: 1220 | M54: 255000 | N54: 0 | O54: 0 | P54: 0 | Q54: 0 | R54: 0 | S54: 0 | T54: 0 | U54: 0 | V54: 0 | W54: 255000 | X54: 0 | Y54: 0 | Z54: 0 | AA54: 0 | AB54: 0 | AC54: 0 | AD54: 0 | AE54: 0 | AF54: 0 | AG54: 0 | AH54: 0 | AI54: 255000 | AJ54: 209
A55: 35 | B55: 대구본부 | C55: 동대구운용팀 | E55: 렌트 | F55: RV/SUV | G55: 쏘렌토 | H55: 대차/153허1713(128허4949) | I55: 경유 | J55: 0 | K55: 0 | L55: 0 | M55: 0 | N55: 0 | O55: 0 | P55: 0 | Q55: 0 | R55: 0 | S55: 0 | T55: 0 | U55: 0 | V55: 0 | W55: 0 | X55: 0 | Y55: 0 | Z55: 0 | AA55: 0 | AB55: 0 | AC55: 0 | AD55: 0 | AE55: 0 | AF55: 0 | AG55: 0 | AH55: 0 | AI55: 0 | AJ55: 0
A56: 36 | B56: 대구본부 | C56: 동대구운용팀 | D56: 장연덕 | E56: 리스 | F56: RV/SUV | G56: 스타리아 | H56: 844조9414 | I56: 경유 | J56: 20 | K56: 1813 | L56: 1813 | M56: 200000 | N56: 0 | O56: 0 | P56: 0 | Q56: 0 | R56: 0 | S56: 0 | T56: 0 | U56: 0 | V56: 0 | W56: 200000 | X56: 0 | Y56: 0 | Z56: 0 | AA56: 0 | AB56: 0 | AC56: 0 | AD56: 0 | AE56: 0 | AF56: 0 | AG56: 0 | AH56: 0 | AI56: 200000 | AJ56: 110
A57: 37 | B57: 대구본부 | C57: 동대구운용팀 | D57: 정승훈 | E57: 리스 | F57: RV/SUV | G57: 스타리아 | H57: 844조9480 | I57: 경유 | J57: 23 | K57: 2356 | L57: 2356 | M57: 360000 | N57: 0 | O57: 0 | P57: 0 | Q57: 0 | R57: 0 | S57: 0 | T57: 0 | U57: 0 | V57: 0 | W57: 360000 | X57: 0 | Y57: 0 | Z57: 0 | AA57: 0 | AB57: 0 | AC57: 0 | AD57: 0 | AE57: 0 | AF57: 0 | AG57: 0 | AH57: 0 | AI57: 360000 | AJ57: 152
A58: 38 | B58: 대구본부 | C58: 동대구운용팀 | D58: 강경훈 | E58: 리스 | F58: RV/SUV | G58: 스타리아 | H58: 844조9464 | I58: 경유 | J58: 14 | K58: 1634 | L58: 1634 | M58: 170000 | N58: 0 | O58: 0 | P58: 0 | Q58: 0 | R58: 0 | S58: 0 | T58: 0 | U58: 0 | V58: 0 | W58: 170000 | X58: 0 | Y58: 0 | Z58: 0 | AA58: 0 | AB58: 0 | AC58: 0 | AD58: 0 | AE58: 0 | AF58: 0 | AG58: 0 | AH58: 0 | AI58: 170000 | AJ58: 104
A59: 39 | B59: 대구본부 | C59: 동대구운용팀 | E59: 렌트 | F59: RV/SUV | G59: 펠리세이드 | H59: 대차/104하5333(145허3690) | I59: 경유 | J59: 0 | K59: 0 | L59: 0 | M59: 0 | N59: 0 | O59: 0 | P59: 0 | Q59: 0 | R59: 0 | S59: 0 | T59: 0 | U59: 0 | V59: 0 | W59: 0 | X59: 0 | Y59: 0 | Z59: 0 | AA59: 0 | AB59: 0 | AC59: 0 | AD59: 0 | AE59: 0 | AF59: 0 | AG59: 0 | AH59: 0 | AI59: 0 | AJ59: 0
A60: 40 | B60: 대구본부 | C60: 동대구운용팀 | E60: 렌트 | F60: RV/SUV | G60: 싼타페 | H60: 대차/172허8339(192허4389) | I60: 경유 | J60: 0 | K60: 0 | L60: 0 | M60: 0 | N60: 0 | O60: 0 | P60: 0 | Q60: 0 | R60: 0 | S60: 0 | T60: 0 | U60: 0 | V60: 0 | W60: 0 | X60: 0 | Y60: 0 | Z60: 0 | AA60: 0 | AB60: 0 | AC60: 0 | AD60: 0 | AE60: 0 | AF60: 0 | AG60: 0 | AH60: 0 | AI60: 0 | AJ60: 0
A61: 41 | B61: 대구본부 | C61: 동대구운용팀 | E61: 렌트 | F61: RV/SUV | G61: 스포티지 | H61: 대차/172호7875(128허4949) | I61: 경유 | J61: 0 | K61: 0 | L61: 0 | M61: 0 | N61: 0 | O61: 0 | P61: 0 | Q61: 0 | R61: 0 | S61: 0 | T61: 0 | U61: 0 | V61: 0 | W61: 0 | X61: 0 | Y61: 0 | Z61: 0 | AA61: 0 | AB61: 0 | AC61: 0 | AD61: 0 | AE61: 0 | AF61: 0 | AG61: 0 | AH61: 0 | AI61: 0 | AJ61: 0
A62: 42 | B62: 대구본부 | C62: 동대구운용팀 | D62: 최태영 | E62: 리스 | F62: RV/SUV | G62: 스타리아 | H62: 801서1948 | I62: 경유 | J62: 19 | K62: 2057 | L62: 2057 | M62: 300000 | N62: 0 | O62: 0 | P62: 0 | Q62: 0 | R62: 0 | S62: 0 | T62: 0 | U62: 0 | V62: 15000 | W62: 315000 | X62: 0 | Y62: 0 | Z62: 0 | AA62: 0 | AB62: 0 | AC62: 0 | AD62: 0 | AE62: 0 | AF62: 0 | AG62: 0 | AH62: 0 | AI62: 315000 | AJ62: 145
A63: 43 | B63: 대구본부 | C63: 동대구운용팀 | D63: 김두종 | E63: 렌트 | F63: RV/SUV | G63: 더 뉴 티볼리 | H63: 222허5110 | I63: 휘발유 | J63: 19 | K63: 3170 | L63: 3170 | M63: 419879 | N63: 0 | O63: 0 | P63: 0 | Q63: 0 | R63: 0 | S63: 0 | T63: 0 | U63: 0 | V63: 0 | W63: 419879 | X63: 0 | Y63: 0 | Z63: 0 | AA63: 0 | AB63: 0 | AC63: 0 | AD63: 0 | AE63: 0 | AF63: 0 | AG63: 0 | AH63: 0 | AI63: 419879 | AJ63: 132
A64: 44 | B64: 대구본부 | C64: 동대구운용팀 | E64: 렌트 | F64: RV/SUV | G64: 스포티지 | H64: 222허5549 | I64: 경유 | J64: 0 | K64: 0 | L64: 0 | M64: 0 | N64: 0 | O64: 0 | P64: 0 | Q64: 0 | R64: 0 | S64: 0 | T64: 0 | U64: 0 | V64: 0 | W64: 0 | X64: 0 | Y64: 0 | Z64: 0 | AA64: 0 | AB64: 0 | AC64: 0 | AD64: 0 | AE64: 0 | AF64: 0 | AG64: 0 | AH64: 0 | AI64: 0 | AJ64: 0
A65: 45 | B65: 대구본부 | C65: 동대구운용팀 | E65: 렌트 | F65: RV/SUV | G65: 스포티지 | H65: 177허8365 | I65: 경유 | J65: 0 | K65: 0 | L65: 0 | M65: 0 | N65: 0 | O65: 0 | P65: 0 | Q65: 0 | R65: 0 | S65: 0 | T65: 0 | U65: 0 | V65: 0 | W65: 0 | X65: 0 | Y65: 0 | Z65: 0 | AA65: 0 | AB65: 0 | AC65: 0 | AD65: 0 | AE65: 0 | AF65: 0 | AG65: 0 | AH65: 0 | AI65: 0 | AJ65: 0
A66: 46 | B66: 대구본부 | C66: 동대구운용팀 | D66: 장병철 | E66: 렌트 | F66: RV/SUV | G66: 스포티지 | H66: 222허5549 | I66: 경유 | J66: 19 | K66: 2722 | L66: 2722 | M66: 353000 | N66: 0 | O66: 0 | P66: 0 | Q66: 0 | R66: 0 | S66: 0 | T66: 0 | U66: 0 | V66: 0 | W66: 353000 | X66: 0 | Y66: 0 | Z66: 0 | AA66: 0 | AB66: 0 | AC66: 0 | AD66: 0 | AE66: 0 | AF66: 0 | AG66: 0 | AH66: 0 | AI66: 353000 | AJ66: 129
A67: 47 | B67: 대구본부 | C67: 동대구운용팀 | D67: 이상우 | E67: 렌트 | F67: RV/SUV | G67: 스포티지 | H67: 177허8365 | I67: 경유 | J67: 22 | K67: 3458 | L67: 3458 | M67: 360000 | N67: 0 | O67: 0 | P67: 0 | Q67: 0 | R67: 0 | S67: 0 | T67: 0 | U67: 0 | V67: 0 | W67: 360000 | X67: 0 | Y67: 0 | Z67: 0 | AA67: 0 | AB67: 0 | AC67: 0 | AD67: 0 | AE67: 0 | AF67: 0 | AG67: 0 | AH67: 0 | AI67: 360000 | AJ67: 104
A68: 48 | B68: 대구본부 | C68: 동대구운용팀 | E68: 렌트 | F68: RV/SUV | G68: 투싼(하이브리드) | H68: 대차/222호8963(104허4267) | I68: 휘발유 | J68: 0 | K68: 0 | L68: 0 | M68: 0 | N68: 0 | O68: 0 | P68: 0 | Q68: 0 | R68: 0 | S68: 0 | T68: 0 | U68: 0 | V68: 0 | W68: 0 | X68: 0 | Y68: 0 | Z68: 0 | AA68: 0 | AB68: 0 | AC68: 0 | AD68: 0 | AE68: 0 | AF68: 0 | AG68: 0 | AH68: 0 | AI68: 0 | AJ68: 0
A69: 49 | B69: 대구본부 | C69: 동대구운용팀 | E69: 렌트 | F69: 대형승용 | G69: 제네사스G80 | H69: 대차/192허3086(128허7161) | I69: 휘발유 | J69: 0 | K69: 0 | L69: 0 | M69: 0 | N69: 0 | O69: 0 | P69: 0 | Q69: 0 | R69: 0 | S69: 0 | T69: 0 | U69: 0 | V69: 0 | W69: 0 | X69: 0 | Y69: 0 | Z69: 0 | AA69: 0 | AB69: 0 | AC69: 0 | AD69: 0 | AE69: 0 | AF69: 0 | AG69: 0 | AH69: 0 | AI69: 0 | AJ69: 0
A70: 50 | B70: 대구본부 | C70: 동대구운용팀 | E70: 렌트 | F70: 중형승용 | G70: 그랜저 | H70: 대차/193하2930(128허7161) | I70: 휘발유 | J70: 0 | K70: 0 | L70: 0 | M70: 0 | N70: 0 | O70: 0 | P70: 0 | Q70: 0 | R70: 0 | S70: 0 | T70: 0 | U70: 0 | V70: 0 | W70: 0 | X70: 0 | Y70: 0 | Z70: 0 | AA70: 0 | AB70: 0 | AC70: 0 | AD70: 0 | AE70: 0 | AF70: 0 | AG70: 0 | AH70: 0 | AI70: 0 | AJ70: 0
A71: 51 | B71: 대구본부 | C71: 동대구운용팀 | D71: 이인식 | E71: 렌트 | F71: RV/SUV | G71: 셀토스 | H71: 231하6948 | I71: 휘발유 | J71: 18 | K71: 1089 | L71: 1089 | M71: 180000 | N71: 0 | O71: 0 | P71: 0 | Q71: 0 | R71: 0 | S71: 0 | T71: 0 | U71: 0 | V71: 0 | W71: 180000 | X71: 0 | Y71: 0 | Z71: 0 | AA71: 0 | AB71: 0 | AC71: 0 | AD71: 0 | AE71: 0 | AF71: 0 | AG71: 0 | AH71: 0 | AI71: 180000 | AJ71: 165
A72: 52 | B72: 대구본부 | C72: 동대구운용팀 | D72: 김승현 | E72: 렌트 | F72: RV/SUV | G72: 셀토스 | H72: 231허4073 | I72: 휘발유 | J72: 18 | K72: 1240 | L72: 1240 | M72: 212000 | N72: 0 | O72: 0 | P72: 0 | Q72: 0 | R72: 0 | S72: 0 | T72: 0 | U72: 0 | V72: 0 | W72: 212000 | X72: 0 | Y72: 0 | Z72: 0 | AA72: 0 | AB72: 0 | AC72: 0 | AD72: 0 | AE72: 0 | AF72: 0 | AG72: 0 | AH72: 0 | AI72: 212000 | AJ72: 170
A73: 53 | B73: 대구본부 | C73: 동대구운용팀 | D73: 이은식 | E73: 렌트 | F73: RV/SUV | G73: 셀토스 | H73: 231허4116 | I73: 휘발유 | J73: 18 | K73: 2586 | L73: 2586 | M73: 336000 | N73: 0 | O73: 0 | P73: 0 | Q73: 0 | R73: 0 | S73: 0 | T73: 0 | U73: 0 | V73: 0 | W73: 336000 | X73: 0 | Y73: 0 | Z73: 0 | AA73: 0 | AB73: 0 | AC73: 0 | AD73: 0 | AE73: 0 | AF73: 0 | AG73: 0 | AH73: 0 | AI73: 336000 | AJ73: 129
A74: 54 | B74: 대구본부 | C74: 동대구운용팀 | E74: 렌트 | F74: RV/SUV | G74: 쏘렌토 | H74: 대차/153허1713(165허9671) | I74: 경유 | J74: 0 | K74: 0 | L74: 0 | M74: 0 | N74: 0 | O74: 0 | P74: 0 | Q74: 0 | R74: 0 | S74: 0 | T74: 0 | U74: 0 | V74: 0 | W74: 0 | X74: 0 | Y74: 0 | Z74: 0 | AA74: 0 | AB74: 0 | AC74: 0 | AD74: 0 | AE74: 0 | AF74: 0 | AG74: 0 | AH74: 0 | AI74: 0 | AJ74: 0
A75: 55 | B75: 대구본부 | C75: 동대구운용팀 | E75: 렌트 | F75: RV/SUV | G75: 소렌토 | H75: 139어1544 | I75: 경유 | J75: 0 | K75: 0 | L75: 0 | M75: 0 | N75: 0 | O75: 0 | P75: 0 | Q75: 0 | R75: 0 | S75: 0 | T75: 0 | U75: 0 | V75: 0 | W75: 0 | X75: 0 | Y75: 0 | Z75: 0 | AA75: 0 | AB75: 0 | AC75: 0 | AD75: 0 | AE75: 0 | AF75: 0 | AG75: 0 | AH75: 0 | AI75: 0 | AJ75: 0
A76: 56 | B76: 대구본부 | C76: 동대구운용팀 | E76: 리스 | F76: RV/SUV | G76: 스타리아 | H76: 대차/703하1454(844조9464) | I76: 경유 | J76: 0 | K76: 0 | L76: 0 | M76: 0 | N76: 0 | O76: 0 | P76: 0 | Q76: 0 | R76: 0 | S76: 0 | T76: 0 | U76: 0 | V76: 0 | W76: 0 | X76: 0 | Y76: 0 | Z76: 0 | AA76: 0 | AB76: 0 | AC76: 0 | AD76: 0 | AE76: 0 | AF76: 0 | AG76: 0 | AH76: 0 | AI76: 0 | AJ76: 0
A77: 57 | B77: 대구본부 | C77: 동대구운용팀 | D77: 공재민 | E77: 렌트 | F77: RV/SUV | G77: 쏘렌토 | H77: 153허8544(대차/192허4397) | I77: 경유 | J77: 3 | K77: 303 | L77: 303 | M77: 86000 | N77: 0 | O77: 0 | P77: 0 | Q77: 0 | R77: 0 | S77: 0 | T77: 0 | U77: 0 | V77: 0 | W77: 86000 | X77: 0 | Y77: 0 | Z77: 0 | AA77: 0 | AB77: 0 | AC77: 0 | AD77: 0 | AE77: 0 | AF77: 0 | AG77: 0 | AH77: 0 | AI77: 86000 | AJ77: 283
A78: 58 | B78: 대구본부 | C78: 동대구운용팀 | E78: 렌트 | F78: 중형승용 | G78: 그랜져 | H78: 대차/222하7498(844조9480) | I78: 휘발유 | J78: 0 | K78: 0 | L78: 0 | M78: 0 | N78: 0 | O78: 0 | P78: 0 | Q78: 0 | R78: 0 | S78: 0 | T78: 0 | U78: 0 | V78: 0 | W78: 0 | X78: 0 | Y78: 0 | Z78: 0 | AA78: 0 | AB78: 0 | AC78: 0 | AD78: 0 | AE78: 0 | AF78: 0 | AG78: 0 | AH78: 0 | AI78: 0 | AJ78: 0
B79: 소계 | C79: 동대구운용팀 | K79: 40462 | L79: 40443 | M79: 5812879 | N79: 0 | O79: 0 | P79: 0 | Q79: 0 | R79: 0 | S79: 0 | T79: 0 | U79: 0 | V79: 15000 | W79: 5827879 | X79: 0 | Y79: 0 | Z79: 0 | AA79: 0 | AB79: 0 | AC79: 0 | AD79: 0 | AE79: 0 | AF79: 0 | AG79: 0 | AH79: 0 | AI79: 5827879
A80: 1 | B80: 대구본부 | C80: 서대구운용팀 | E80: 리스 | F80: 고소작업_RV | G80: 렉스톤(고소작업차) | H80: 98다0678 | I80: 경유 | J80: 0 | K80: 0 | L80: 0 | M80: 0 | N80: 0 | O80: 0 | P80: 0 | Q80: 0 | R80: 0 | S80: 0 | T80: 0 | U80: 0 | V80: 0 | W80: 0 | X80: 0 | Y80: 0 | Z80: 0 | AA80: 0 | AB80: 0 | AC80: 0 | AD80: 0 | AE80: 0 | AF80: 0 | AG80: 0 | AH80: 0 | AI80: 0 | AJ80: 0
A81: 2 | B81: 대구본부 | C81: 서대구운용팀 | E81: 렌트 | F81: 경차 | G81: 모닝(L) | H81: 52하9954 | I81: 휘발유 | J81: 0 | K81: 0 | L81: 0 | M81: 0 | N81: 0 | O81: 0 | P81: 0 | Q81: 0 | R81: 0 | S81: 0 | T81: 0 | U81: 0 | V81: 0 | W81: 0 | X81: 0 | Y81: 0 | Z81: 0 | AA81: 0 | AB81: 0 | AC81: 0 | AD81: 0 | AE81: 0 | AF81: 0 | AG81: 0 | AH81: 0 | AI81: 0 | AJ81: 0
A82: 3 | B82: 대구본부 | C82: 서대구운용팀 | E82: 렌트 | F82: EV | G82: SOUL EV | H82: 14허8881 | I82: EV | J82: 0 | K82: 0 | L82: 0 | M82: 0 | N82: 0 | O82: 0 | P82: 0 | Q82: 0 | R82: 0 | S82: 0 | T82: 0 | U82: 0 | V82: 0 | W82: 0 | X82: 0 | Y82: 0 | Z82: 0 | AA82: 0 | AB82: 0 | AC82: 0 | AD82: 0 | AE82: 0 | AF82: 0 | AG82: 0 | AH82: 0 | AI82: 0 | AJ82: 0
A83: 4 | B83: 대구본부 | C83: 서대구운용팀 | E83: 렌트 | F83: EV | G83: SOUL EV | H83: 14허8882 | I83: EV | J83: 0 | K83: 0 | L83: 0 | M83: 0 | N83: 0 | O83: 0 | P83: 0 | Q83: 0 | R83: 0 | S83: 0 | T83: 0 | U83: 0 | V83: 0 | W83: 0 | X83: 0 | Y83: 0 | Z83: 0 | AA83: 0 | AB83: 0 | AC83: 0 | AD83: 0 | AE83: 0 | AF83: 0 | AG83: 0 | AH83: 0 | AI83: 0 | AJ83: 0
A84: 5 | B84: 대구본부 | C84: 서대구운용팀 | E84: 렌트 | F84: EV | G84: SOUL EV | H84: 14허8883 | I84: EV | J84: 0 | K84: 0 | L84: 0 | M84: 0 | N84: 0 | O84: 0 | P84: 0 | Q84: 0 | R84: 0 | S84: 0 | T84: 0 | U84: 0 | V84: 0 | W84: 0 | X84: 0 | Y84: 0 | Z84: 0 | AA84: 0 | AB84: 0 | AC84: 0 | AD84: 0 | AE84: 0 | AF84: 0 | AG84: 0 | AH84: 0 | AI84: 0 | AJ84: 0
A85: 6 | B85: 대구본부 | C85: 서대구운용팀 | E85: 렌트 | F85: 경차 | G85: 모닝(L) | H85: 18하9789 | I85: 휘발유 | J85: 0 | K85: 0 | L85: 0 | M85: 0 | N85: 0 | O85: 0 | P85: 0 | Q85: 0 | R85: 0 | S85: 0 | T85: 0 | U85: 0 | V85: 0 | W85: 0 | X85: 0 | Y85: 0 | Z85: 0 | AA85: 0 | AB85: 0 | AC85: 0 | AD85: 0 | AE85: 0 | AF85: 0 | AG85: 0 | AH85: 0 | AI85: 0 | AJ85: 0
A86: 7 | B86: 대구본부 | C86: 서대구운용팀 | E86: 렌트 | F86: 경차 | G86: 모닝(L) | H86: 18하9791 | I86: 휘발유 | J86: 0 | K86: 0 | L86: 0 | M86: 0 | N86: 0 | O86: 0 | P86: 0 | Q86: 0 | R86: 0 | S86: 0 | T86: 0 | U86: 0 | V86: 0 | W86: 0 | X86: 0 | Y86: 0 | Z86: 0 | AA86: 0 | AB86: 0 | AC86: 0 | AD86: 0 | AE86: 0 | AF86: 0 | AG86: 0 | AH86: 0 | AI86: 0 | AJ86: 0
A87: 8 | B87: 대구본부 | C87: 서대구운용팀 | E87: 렌트 | F87: 경차 | G87: 모닝(L) | H87: 18하9792 | I87: 휘발유 | J87: 0 | K87: 0 | L87: 0 | M87: 0 | N87: 0 | O87: 0 | P87: 0 | Q87: 0 | R87: 0 | S87: 0 | T87: 0 | U87: 0 | V87: 0 | W87: 0 | X87: 0 | Y87: 0 | Z87: 0 | AA87: 0 | AB87: 0 | AC87: 0 | AD87: 0 | AE87: 0 | AF87: 0 | AG87: 0 | AH87: 0 | AI87: 0 | AJ87: 0
A88: 9 | B88: 대구본부 | C88: 서대구운용팀 | E88: 렌트 | F88: 경차 | G88: 모닝(L) | H88: 18호9533 | I88: 휘발유 | J88: 0 | K88: 0 | L88: 0 | M88: 0 | N88: 0 | O88: 0 | P88: 0 | Q88: 0 | R88: 0 | S88: 0 | T88: 0 | U88: 0 | V88: 0 | W88: 0 | X88: 0 | Y88: 0 | Z88: 0 | AA88: 0 | AB88: 0 | AC88: 0 | AD88: 0 | AE88: 0 | AF88: 0 | AG88: 0 | AH88: 0 | AI88: 0 | AJ88: 0
A89: 10 | B89: 대구본부 | C89: 서대구운용팀 | E89: 렌트 | F89: RV/SUV | G89: 스포티지 | H89: 40하5349 | I89: 경유 | J89: 0 | K89: 0 | L89: 0 | M89: 0 | N89: 0 | O89: 0 | P89: 0 | Q89: 0 | R89: 0 | S89: 0 | T89: 0 | U89: 0 | V89: 0 | W89: 0 | X89: 0 | Y89: 0 | Z89: 0 | AA89: 0 | AB89: 0 | AC89: 0 | AD89: 0 | AE89: 0 | AF89: 0 | AG89: 0 | AH89: 0 | AI89: 0 | AJ89: 0
A90: 11 | B90: 대구본부 | C90: 서대구운용팀 | E90: 렌트 | F90: 경차 | G90: 모닝 | H90: 40하5394 | I90: 휘발유 | J90: 0 | K90: 0 | L90: 0 | M90: 0 | N90: 0 | O90: 0 | P90: 0 | Q90: 0 | R90: 0 | S90: 0 | T90: 0 | U90: 0 | V90: 0 | W90: 0 | X90: 0 | Y90: 0 | Z90: 0 | AA90: 0 | AB90: 0 | AC90: 0 | AD90: 0 | AE90: 0 | AF90: 0 | AG90: 0 | AH90: 0 | AI90: 0 | AJ90: 0
A91: 12 | B91: 대구본부 | C91: 서대구운용팀 | E91: 렌트 | F91: RV/SUV | G91: 스포티지 | H91: 52하9925 | I91: 경유 | J91: 0 | K91: 0 | L91: 0 | M91: 0 | N91: 0 | O91: 0 | P91: 0 | Q91: 0 | R91: 0 | S91: 0 | T91: 0 | U91: 0 | V91: 0 | W91: 0 | X91: 0 | Y91: 0 | Z91: 0 | AA91: 0 | AB91: 0 | AC91: 0 | AD91: 0 | AE91: 0 | AF91: 0 | AG91: 0 | AH91: 0 | AI91: 0 | AJ91: 0
... A102: 23 | B102: 대구본부 | C102: 서대구운용팀 | E102: 렌트 | F102: 중형승용 | G102: 아반떼 | H102: 대차/36하0775(552하9954) | I102: 휘발유 | J102: 0 | K102: 0 | L102: 0 | M102: 0 | N102: 0 | O102: 0 | P102: 0 | Q102: 0 | R102: 0 | S102: 0 | T102: 0 | U102: 0 | V102: 0 | W102: 0 | X102: 0 | Y102: 0 | Z102: 0 | AA102: 0 | AB102: 0 | AC102: 0 | AD102: 0 | AE102: 0 | AF102: 0 | AG102: 0 | AH102: 0 | AI102: 0 | AJ102: 0
A103: 24 | B103: 대구본부 | C103: 서대구운용팀 | D103: 김정현 | E103: 렌트 | F103: 경차 | G103: 모닝(승용) | H103: 165허6834 | I103: 휘발유 | J103: 17 | K103: 727 | L103: 727 | M103: 139000 | N103: 0 | O103: 0 | P103: 0 | Q103: 0 | R103: 0 | S103: 0 | T103: 0 | U103: 0 | V103: 0 | W103: 139000 | X103: 0 | Y103: 0 | Z103: 0 | AA103: 0 | AB103: 0 | AC103: 0 | AD103: 0 | AE103: 0 | AF103: 0 | AG103: 0 | AH103: 0 | AI103: 139000 | AJ103: 191
A104: 25 | B104: 대구본부 | C104: 서대구운용팀 | D104: 이경화 | E104: 렌트 | F104: 경차 | G104: 모닝(승용) | H104: 165허9312 | I104: 휘발유 | J104: 17 | K104: 650 | L104: 650 | M104: 97000 | N104: 0 | O104: 0 | P104: 0 | Q104: 0 | R104: 0 | S104: 0 | T104: 0 | U104: 0 | V104: 0 | W104: 97000 | X104: 0 | Y104: 0 | Z104: 0 | AA104: 0 | AB104: 0 | AC104: 0 | AD104: 0 | AE104: 0 | AF104: 0 | AG104: 0 | AH104: 0 | AI104: 97000 | AJ104: 149
A105: 26 | B105: 대구본부 | C105: 서대구운용팀 | D105: 임하진 | E105: 렌트 | F105: 경차 | G105: 모닝(승용) | H105: 165허9313 | I105: 휘발유 | J105: 16 | K105: 2094 | L105: 2094 | M105: 317000 | N105: 0 | O105: 0 | P105: 0 | Q105: 0 | R105: 0 | S105: 0 | T105: 0 | U105: 0 | V105: 0 | W105: 317000 | X105: 0 | Y105: 0 | Z105: 0 | AA105: 0 | AB105: 0 | AC105: 0 | AD105: 0 | AE105: 0 | AF105: 0 | AG105: 0 | AH105: 0 | AI105: 317000 | AJ105: 151
A106: 27 | B106: 대구본부 | C106: 서대구운용팀 | D106: 김명준 | E106: 렌트 | F106: 경차 | G106: 모닝(승용) | H106: 165허9314 | I106: 휘발유 | J106: 16 | K106: 1376 | L106: 1376 | M106: 154000 | N106: 0 | O106: 0 | P106: 0 | Q106: 0 | R106: 0 | S106: 0 | T106: 0 | U106: 0 | V106: 0 | W106: 154000 | X106: 0 | Y106: 0 | Z106: 0 | AA106: 0 | AB106: 0 | AC106: 0 | AD106: 0 | AE106: 0 | AF106: 0 | AG106: 0 | AH106: 0 | AI106: 154000 | AJ106: 111
A107: 28 | B107: 대구본부 | C107: 서대구운용팀 | D107: 김은비 | E107: 렌트 | F107: 경차 | G107: 모닝(승용) | H107: 193허1322 | I107: 휘발유 | J107: 10 | K107: 412 | L107: 412 | M107: 40000 | N107: 0 | O107: 0 | P107: 0 | Q107: 0 | R107: 0 | S107: 0 | T107: 0 | U107: 0 | V107: 0 | W107: 40000 | X107: 0 | Y107: 0 | Z107: 0 | AA107: 0 | AB107: 0 | AC107: 0 | AD107: 0 | AE107: 0 | AF107: 0 | AG107: 0 | AH107: 0 | AI107: 40000 | AJ107: 97
A108: 29 | B108: 대구본부 | C108: 서대구운용팀 | D108: 이재훈 | E108: 렌트 | F108: RV/SUV | G108: 스포티지 | H108: 162호3204 | I108: 경유 | J108: 24 | K108: 2707 | L108: 2707 | M108: 373000 | N108: 0 | O108: 0 | P108: 0 | Q108: 0 | R108: 0 | S108: 0 | T108: 0 | U108: 0 | V108: 0 | W108: 373000 | X108: 0 | Y108: 0 | Z108: 0 | AA108: 0 | AB108: 0 | AC108: 0 | AD108: 0 | AE108: 0 | AF108: 0 | AG108: 0 | AH108: 0 | AI108: 373000 | AJ108: 137
A109: 30 | B109: 대구본부 | C109: 서대구운용팀 | D109: 권오현 | E109: 렌트 | F109: RV/SUV | G109: 스포티지 | H109: 165허9669 | I109: 경유 | J109: 18 | K109: 2183 | L109: 2183 | M109: 227000 | N109: 0 | O109: 0 | P109: 0 | Q109: 0 | R109: 0 | S109: 0 | T109: 0 | U109: 0 | V109: 0 | W109: 227000 | X109: 0 | Y109: 0 | Z109: 0 | AA109: 0 | AB109: 0 | AC109: 0 | AD109: 0 | AE109: 0 | AF109: 0 | AG109: 0 | AH109: 0 | AI109: 227000 | AJ109: 103
A110: 31 | B110: 대구본부 | C110: 서대구운용팀 | D110: 이승호 | E110: 렌트 | F110: 경차 | G110: 모닝 | H110: 193허6630 | I110: 휘발유 | J110: 20 | K110: 1137 | L110: 1137 | M110: 120000 | N110: 0 | O110: 0 | P110: 0 | Q110: 0 | R110: 0 | S110: 0 | T110: 0 | U110: 0 | V110: 0 | W110: 120000 | X110: 0 | Y110: 0 | Z110: 0 | AA110: 0 | AB110: 0 | AC110: 0 | AD110: 0 | AE110: 0 | AF110: 0 | AG110: 0 | AH110: 0 | AI110: 120000 | AJ110: 105
A111: 32 | B111: 대구본부 | C111: 서대구운용팀 | E111: 렌트 | F111: 중형승용 | G111: K5 | H111: 193하1957 | I111: 휘발유 | J111: 0 | K111: 0 | L111: 0 | M111: 0 | N111: 0 | O111: 0 | P111: 0 | Q111: 0 | R111: 0 | S111: 0 | T111: 0 | U111: 0 | V111: 0 | W111: 0 | X111: 0 | Y111: 0 | Z111: 0 | AA111: 0 | AB111: 0 | AC111: 0 | AD111: 0 | AE111: 0 | AF111: 0 | AG111: 0 | AH111: 0 | AI111: 0 | AJ111: 0
A112: 33 | B112: 대구본부 | C112: 서대구운용팀 | D112: 허근영 | E112: 렌트 | F112: RV/SUV | G112: 코란도 | H112: 192허4382 | I112: 휘발유 | J112: 16 | K112: 739 | L112: 739 | M112: 133000 | N112: 0 | O112: 0 | P112: 0 | Q112: 0 | R112: 0 | S112: 0 | T112: 0 | U112: 0 | V112: 0 | W112: 133000 | X112: 0 | Y112: 0 | Z112: 0 | AA112: 0 | AB112: 0 | AC112: 0 | AD112: 0 | AE112: 0 | AF112: 0 | AG112: 0 | AH112: 0 | AI112: 133000 | AJ112: 179
A113: 34 | B113: 대구본부 | C113: 서대구운용팀 | D113: 문선웅 | E113: 렌트 | F113: RV/SUV | G113: 코란도 | H113: 192허4402 | I113: 휘발유 | J113: 20 | K113: 503 | L113: 503 | M113: 136000 | N113: 0 | O113: 0 | P113: 0 | Q113: 0 | R113: 0 | S113: 0 | T113: 0 | U113: 0 | V113: 0 | W113: 136000 | X113: 0 | Y113: 0 | Z113: 0 | AA113: 0 | AB113: 0 | AC113: 0 | AD113: 0 | AE113: 0 | AF113: 0 | AG113: 0 | AH113: 0 | AI113: 136000 | AJ113: 270
A114: 35 | B114: 대구본부 | C114: 서대구운용팀 | D114: 윤수호 | E114: 렌트 | F114: RV/SUV | G114: 코란도 | H114: 192허4388 | I114: 휘발유 | J114: 22 | K114: 1572 | L114: 1572 | M114: 343000 | N114: 0 | O114: 0 | P114: 0 | Q114: 0 | R114: 0 | S114: 0 | T114: 0 | U114: 0 | V114: 0 | W114: 343000 | X114: 0 | Y114: 0 | Z114: 0 | AA114: 0 | AB114: 0 | AC114: 0 | AD114: 0 | AE114: 0 | AF114: 0 | AG114: 0 | AH114: 0 | AI114: 343000 | AJ114: 218
A115: 36 | B115: 대구본부 | C115: 서대구운용팀 | D115: 강하을 | E115: 렌트 | F115: RV/SUV | G115: 코란도 | H115: 192허4381 | I115: 휘발유 | J115: 20 | K115: 1360 | L115: 1360 | M115: 252000 | N115: 0 | O115: 0 | P115: 0 | Q115: 0 | R115: 0 | S115: 0 | T115: 0 | U115: 0 | V115: 0 | W115: 252000 | X115: 0 | Y115: 0 | Z115: 0 | AA115: 0 | AB115: 0 | AC115: 0 | AD115: 0 | AE115: 0 | AF115: 0 | AG115: 0 | AH115: 0 | AI115: 252000 | AJ115: 185
A116: 37 | B116: 대구본부 | C116: 서대구운용팀 | E116: 렌트 | F116: EV | G116: EV6 | H116: 대차/49호8628(07호7155) | I116: EV | J116: 0 | K116: 0 | L116: 0 | M116: 0 | N116: 0 | O116: 0 | P116: 0 | Q116: 0 | R116: 0 | S116: 0 | T116: 0 | U116: 0 | V116: 0 | W116: 0 | X116: 0 | Y116: 0 | Z116: 0 | AA116: 0 | AB116: 0 | AC116: 0 | AD116: 0 | AE116: 0 | AF116: 0 | AG116: 0 | AH116: 0 | AI116: 0 | AJ116: 0
A117: 38 | B117: 대구본부 | C117: 서대구운용팀 | E117: 렌트 | F117: 대형승용 | G117: 그랜져 | H117: 대차/128하4392(193허1322) | I117: LPG | J117: 0 | K117: 0 | L117: 0 | M117: 0 | N117: 0 | O117: 0 | P117: 0 | Q117: 0 | R117: 0 | S117: 0 | T117: 0 | U117: 0 | V117: 0 | W117: 0 | X117: 0 | Y117: 0 | Z117: 0 | AA117: 0 | AB117: 0 | AC117: 0 | AD117: 0 | AE117: 0 | AF117: 0 | AG117: 0 | AH117: 0 | AI117: 0 | AJ117: 0
A118: 39 | B118: 대구본부 | C118: 서대구운용팀 | E118: 렌트 | F118: RV/SUV | G118: 팰리세이드 | H118: 대차/127하1430(128허4951) | I118: 경유 | J118: 0 | K118: 0 | L118: 0 | M118: 0 | N118: 0 | O118: 0 | P118: 0 | Q118: 0 | R118: 0 | S118: 0 | T118: 0 | U118: 0 | V118: 0 | W118: 0 | X118: 0 | Y118: 0 | Z118: 0 | AA118: 0 | AB118: 0 | AC118: 0 | AD118: 0 | AE118: 0 | AF118: 0 | AG118: 0 | AH118: 0 | AI118: 0 | AJ118: 0
...

Sheet 25년 10월
A1: 순번 | B1: 본부 | C1: 팀/파트 | D1: 사용자 | E1: 구입형태 | F1: 차종 | G1: 모델명 | H1: 차량번호 | I1: 연료 | J1: 평균운행일수 | K1: 총주행거리 (Km) | L1: 업무용 사용거리 (km) | M1: 법인카드 | X1: 현금사용 | AI1: 합계 ①+② | AJ1: 평균주유비(Km)
M2: 유류비 | N2: 하이패스 | O2: 주차비 | P2: 통행료 | Q2: 세차비 | R2: 도선료 | S2: 수선비 | T2: 경정비 | U2: 비상주유 | V2: 발전기유류비 | W2: 소계① | X2: 유류비 | Y2: 하이패스 | Z2: 주차비 | AA2: 통행료 | AB2: 세차비 | AC2: 도선료 | AD2: 수선비 | AE2: 경정비 | AF2: 비상주유 | AG2: 발전기유류비 | AH2: 소계② | AJ2: 평균주유비(Km)
A3: 1 | B3: 대구본부 | C3: 운용지원팀 | E3: 렌트 | F3: 경차 | G3: 모닝(L) | H3: 52하9955 | I3: 휘발유 | J3: 0 | K3: 0 | L3: 0 | M3: 0 | N3: 0 | O3: 0 | P3: 0 | Q3: 0 | R3: 0 | S3: 0 | T3: 0 | U3: 0 | V3: 0 | W3: 0 | X3: 0 | Y3: 0 | Z3: 0 | AA3: 0 | AB3: 0 | AC3: 0 | AD3: 0 | AE3: 0 | AF3: 0 | AG3: 0 | AH3: 0 | AI3: 0 | AJ3: 0
A4: 2 | B4: 대구본부 | C4: 운용지원팀 | E4: 자차 | F4: 기타 | G4: 포터 | H4: 91주1465 | I4: 경유 | J4: 0 | K4: 0 | L4: 0 | M4: 0 | N4: 0 | O4: 0 | P4: 0 | Q4: 0 | R4: 0 | S4: 0 | T4: 0 | U4: 0 | V4: 0 | W4: 0 | X4: 0 | Y4: 0 | Z4: 0 | AA4: 0 | AB4: 0 | AC4: 0 | AD4: 0 | AE4: 0 | AF4: 0 | AG4: 0 | AH4: 0 | AI4: 0 | AJ4: 0
A5: 3 | B5: 대구본부 | C5: 운용지원팀 | E5: 자차 | F5: 기타 | G5: 포터 | H5: 81더6676 | I5: 경유 | J5: 0 | K5: 0 | L5: 0 | M5: 0 | N5: 0 | O5: 0 | P5: 0 | Q5: 0 | R5: 0 | S5: 0 | T5: 0 | U5: 0 | V5: 0 | W5: 0 | X5: 0 | Y5: 0 | Z5: 0 | AA5: 0 | AB5: 0 | AC5: 0 | AD5: 0 | AE5: 0 | AF5: 0 | AG5: 0 | AH5: 0 | AI5: 0 | AJ5: 0
A6: 4 | B6: 대구본부 | C6: 운용지원팀 | E6: 렌트 | F6: RV/SUV | G6: 티볼리 | H6: 104허4264 | I6: 경유 | J6: 0 | K6: 0 | L6: 0 | M6: 0 | N6: 0 | O6: 0 | P6: 0 | Q6: 0 | R6: 0 | S6: 0 | T6: 0 | U6: 0 | V6: 0 | W6: 0 | X6: 0 | Y6: 0 | Z6: 0 | AA6: 0 | AB6: 0 | AC6: 0 | AD6: 0 | AE6: 0 | AF6: 0 | AG6: 0 | AH6: 0 | AI6: 0 | AJ6: 0
A7: 5 | B7: 대구본부 | C7: 운용지원팀 | E7: 리스 | F7: RV/SUV | G7: 스타리아 | H7: 86부5462 | I7: 경유 | J7: 0 | K7: 0 | L7: 0 | M7: 0 | N7: 0 | O7: 0 | P7: 0 | Q7: 0 | R7: 0 | S7: 0 | T7: 0 | U7: 0 | V7: 0 | W7: 0 | X7: 0 | Y7: 0 | Z7: 0 | AA7: 0 | AB7: 0 | AC7: 0 | AD7: 0 | AE7: 0 | AF7: 0 | AG7: 0 | AH7: 0 | AI7: 0 | AJ7: 0
A8: 6 | B8: 대구본부 | C8: 운용지원팀 | E8: 렌트 | F8: 기타 | G8: 카니발 | H8: 대차/145호1899(104허4264) | I8: 경유 | J8: 0 | K8: 0 | L8: 0 | M8: 0 | N8: 0 | O8: 0 | P8: 0 | Q8: 0 | R8: 0 | S8: 0 | T8: 0 | U8: 0 | V8: 0 | W8: 0 | X8: 0 | Y8: 0 | Z8: 0 | AA8: 0 | AB8: 0 | AC8: 0 | AD8: 0 | AE8: 0 | AF8: 0 | AG8: 0 | AH8: 0 | AI8: 0 | AJ8: 0
A9: 7 | B9: 대구본부 | C9: 운용지원팀 | E9: 렌트 | F9: 중형승용 | G9: K5 | H9: 대차/52호0200(104허4264) | I9: 휘발유 | J9: 0 | K9: 0 | L9: 0 | M9: 0 | N9: 0 | O9: 0 | P9: 0 | Q9: 0 | R9: 0 | S9: 0 | T9: 0 | U9: 0 | V9: 0 | W9: 0 | X9: 0 | Y9: 0 | Z9: 0 | AA9: 0 | AB9: 0 | AC9: 0 | AD9: 0 | AE9: 0 | AF9: 0 | AG9: 0 | AH9: 0 | AI9: 0 | AJ9: 0
A10: 8 | B10: 대구본부 | C10: 운용지원팀 | E10: 렌트 | F10: 소형승용 | G10: 아반떼CN7 | H10: 대차/03호7536(104허4264) | I10: 휘발유 | J10: 0 | K10: 0 | L10: 0 | M10: 0 | N10: 0 | O10: 0 | P10: 0 | Q10: 0 | R10: 0 | S10: 0 | T10: 0 | U10: 0 | V10: 0 | W10: 0 | X10: 0 | Y10: 0 | Z10: 0 | AA10: 0 | AB10: 0 | AC10: 0 | AD10: 0 | AE10: 0 | AF10: 0 | AG10: 0 | AH10: 0 | AI10: 0 | AJ10: 0
A11: 9 | B11: 대구본부 | C11: 운용지원팀 | E11: 렌트 | F11: RV/SUV | G11: K5 | H11: 대차/104허1705(104허4264) | I11: 경유 | J11: 0 | K11: 0 | L11: 0 | M11: 0 | N11: 0 | O11: 0 | P11: 0 | Q11: 0 | R11: 0 | S11: 0 | T11: 0 | U11: 0 | V11: 0 | W11: 0 | X11: 0 | Y11: 0 | Z11: 0 | AA11: 0 | AB11: 0 | AC11: 0 | AD11: 0 | AE11: 0 | AF11: 0 | AG11: 0 | AH11: 0 | AI11: 0 | AJ11: 0
A12: 10 | B12: 대구본부 | C12: 운용지원팀 | D12: 류성현 | E12: 렌트 | F12: RV/SUV | G12: 셀토스 | H12: 231허4115 | I12: 휘발유 | J12: 9 | K12: 1037 | L12: 1037 | M12: 180000 | N12: 0 | O12: 0 | P12: 0 | Q12: 0 | R12: 0 | S12: 0 | T12: 0 | U12: 0 | V12: 0 | W12: 180000 | X12: 0 | Y12: 0 | Z12: 0 | AA12: 0 | AB12: 0 | AC12: 0 | AD12: 0 | AE12: 0 | AF12: 0 | AG12: 0 | AH12: 0 | AI12: 180000 | AJ12: 173
A13: 11 | B13: 대구본부 | C13: 운용지원팀 | D13: 김지훈 | E13: 렌트 | F13: RV/SUV | G13: 스타리아 | H13: 815머9749 | I13: 경유 | J13: 12 | K13: 2083 | L13: 2083 | M13: 260000 | N13: 0 | O13: 0 | P13: 0 | Q13: 0 | R13: 0 | S13: 0 | T13: 0 | U13: 0 | V13: 0 | W13: 260000 | X13: 0 | Y13: 0 | Z13: 0 | AA13: 0 | AB13: 0 | AC13: 0 | AD13: 0 | AE13: 0 | AF13: 0 | AG13: 0 | AH13: 0 | AI13: 260000 | AJ13: 124
B14: 소계 | C14: 운용지원팀 | K14: 3120 | L14: 3120 | M14: 440000 | N14: 0 | O14: 0 | P14: 0 | Q14: 0 | R14: 0 | S14: 0 | T14: 0 | U14: 0 | V14: 0 | W14: 440000 | X14: 0 | Y14: 0 | Z14: 0 | AA14: 0 | AB14: 0 | AC14: 0 | AD14: 0 | AE14: 0 | AF14: 0 | AG14: 0 | AH14: 0 | AI14: 440000
A15: 1 | B15: 대구본부 | C15: 현장경영팀 | E15: 자차 | F15: EV | G15: 아이오닉 | H15: 48머6029 | I15: EV | J15: 0 | K15: 0 | L15: 0 | M15: 0 | N15: 0 | O15: 0 | P15: 0 | Q15: 0 | R15: 0 | S15: 0 | T15: 0 | U15: 0 | V15: 0 | W15: 0 | X15: 0 | Y15: 0 | Z15: 0 | AA15: 0 | AB15: 0 | AC15: 0 | AD15: 0 | AE15: 0 | AF15: 0 | AG15: 0 | AH15: 0 | AI15: 0 | AJ15: 0
A16: 2 | B16: 대구본부 | C16: 현장경영팀 | E16: 렌트 | F16: 중형승용 | G16: 쏘나타(뉴라이즈) | H16: 57하0412 | I16: 휘발유 | J16: 0 | K16: 0 | L16: 0 | M16: 0 | N16: 0 | O16: 0 | P16: 0 | Q16: 0 | R16: 0 | S16: 0 | T16: 0 | U16: 0 | V16: 0 | W16: 0 | X16: 0 | Y16: 0 | Z16: 0 | AA16: 0 | AB16: 0 | AC16: 0 | AD16: 0 | AE16: 0 | AF16: 0 | AG16: 0 | AH16: 0 | AI16: 0 | AJ16: 0
A17: 3 | B17: 대구본부 | C17: 현장경영팀 | D17: 류재하 | E17: 렌트 | F17: 소형승용 | G17: K3 | H17: 160허3488 | I17: 휘발유 | J17: 12 | K17: 1773 | L17: 1773 | M17: 158000 | N17: 0 | O17: 0 | P17: 0 | Q17: 0 | R17: 0 | S17: 0 | T17: 0 | U17: 0 | V17: 0 | W17: 158000 | X17: 0 | Y17: 0 | Z17: 0 | AA17: 0 | AB17: 0 | AC17: 0 | AD17: 0 | AE17: 0 | AF17: 0 | AG17: 0 | AH17: 0 | AI17: 158000 | AJ17: 89
A18: 4 | B18: 대구본부 | C18: 현장경영팀 | E18: 렌트 | F18: 중형승용 | G18: K5(Hybrid) | H18: 193허1626 | I18: 휘발유 | J18: 0 | K18: 0 | L18: 0 | M18: 0 | N18: 0 | O18: 0 | P18: 0 | Q18: 0 | R18: 0 | S18: 0 | T18: 0 | U18: 0 | V18: 0 | W18: 0 | X18: 0 | Y18: 0 | Z18: 0 | AA18: 0 | AB18: 0 | AC18: 0 | AD18: 0 | AE18: 0 | AF18: 0 | AG18: 0 | AH18: 0 | AI18: 0 | AJ18: 0
A19: 5 | B19: 대구본부 | C19: 현장경영팀 | D19: 류재하 | E19: 렌트 | F19: 중형승용 | G19: K5 | H19: 192허4930 | I19: 휘발유 | J19: 15 | K19: 812 | L19: 812 | M19: 120000 | N19: 0 | O19: 0 | P19: 0 | Q19: 0 | R19: 0 | S19: 0 | T19: 0 | U19: 0 | V19: 0 | W19: 120000 | X19: 0 | Y19: 0 | Z19: 0 | AA19: 0 | AB19: 0 | AC19: 0 | AD19: 0 | AE19: 0 | AF19: 0 | AG19: 0 | AH19: 0 | AI19: 120000 | AJ19: 147
B20: 소계 | C20: 현장경영팀 | K20: 2585 | L20: 2585 | M20: 278000 | N20: 0 | O20: 0 | P20: 0 | Q20: 0 | R20: 0 | S20: 0 | T20: 0 | U20: 0 | V20: 0 | W20: 278000 | X20: 0 | Y20: 0 | Z20: 0 | AA20: 0 | AB20: 0 | AC20: 0 | AD20: 0 | AE20: 0 | AF20: 0 | AG20: 0 | AH20: 0 | AI20: 278000
A21: 1 | B21: 대구본부 | C21: 동대구운용팀 | E21: 렌트 | F21: RV/SUV | G21: 스포티지 | H21: 04호8776 | I21: 경유 | J21: 0 | K21: 0 | L21: 0 | M21: 0 | N21: 0 | O21: 0 | P21: 0 | Q21: 0 | R21: 0 | S21: 0 | T21: 0 | U21: 0 | V21: 0 | W21: 0 | X21: 0 | Y21: 0 | Z21: 0 | AA21: 0 | AB21: 0 | AC21: 0 | AD21: 0 | AE21: 0 | AF21: 0 | AG21: 0 | AH21: 0 | AI21: 0 | AJ21: 0
A22: 2 | B22: 대구본부 | C22: 동대구운용팀 | E22: 렌트 | F22: EV | G22: SOUL EV | H22: 14허8876 | I22: EV | J22: 0 | K22: 0 | L22: 0 | M22: 0 | N22: 0 | O22: 0 | P22: 0 | Q22: 0 | R22: 0 | S22: 0 | T22: 0 | U22: 0 | V22: 0 | W22: 0 | X22: 0 | Y22: 0 | Z22: 0 | AA22: 0 | AB22: 0 | AC22: 0 | AD22: 0 | AE22: 0 | AF22: 0 | AG22: 0 | AH22: 0 | AI22: 0 | AJ22: 0
A23: 3 | B23: 대구본부 | C23: 동대구운용팀 | E23: 렌트 | F23: EV | G23: SOUL EV | H23: 14허8880 | I23: EV | J23: 0 | K23: 0 | L23: 0 | M23: 0 | N23: 0 | O23: 0 | P23: 0 | Q23: 0 | R23: 0 | S23: 0 | T23: 0 | U23: 0 | V23: 0 | W23: 0 | X23: 0 | Y23: 0 | Z23: 0 | AA23: 0 | AB23: 0 | AC23: 0 | AD23: 0 | AE23: 0 | AF23: 0 | AG23: 0 | AH23: 0 | AI23: 0 | AJ23: 0
A24: 4 | B24: 대구본부 | C24: 동대구운용팀 | E24: 렌트 | F24: RV/SUV | G24: 스포티지 | H24: 18하9596 | I24: 경유 | J24: 0 | K24: 0 | L24: 0 | M24: 0 | N24: 0 | O24: 0 | P24: 0 | Q24: 0 | R24: 0 | S24: 0 | T24: 0 | U24: 0 | V24: 0 | W24: 0 | X24: 0 | Y24: 0 | Z24: 0 | AA24: 0 | AB24: 0 | AC24: 0 | AD24: 0 | AE24: 0 | AF24: 0 | AG24: 0 | AH24: 0 | AI24: 0 | AJ24: 0
A25: 5 | B25: 대구본부 | C25: 동대구운용팀 | E25: 렌트 | F25: 경차 | G25: 모닝(L) | H25: 18호9534 | I25: 휘발유 | J25: 0 | K25: 0 | L25: 0 | M25: 0 | N25: 0 | O25: 0 | P25: 0 | Q25: 0 | R25: 0 | S25: 0 | T25: 0 | U25: 0 | V25: 0 | W25: 0 | X25: 0 | Y25: 0 | Z25: 0 | AA25: 0 | AB25: 0 | AC25: 0 | AD25: 0 | AE25: 0 | AF25: 0 | AG25: 0 | AH25: 0 | AI25: 0 | AJ25: 0
A26: 6 | B26: 대구본부 | C26: 동대구운용팀 | E26: 렌트 | F26: RV/SUV | G26: 스포티지 | H26: 44호7855 | I26: 경유 | J26: 0 | K26: 0 | L26: 0 | M26: 0 | N26: 0 | O26: 0 | P26: 0 | Q26: 0 | R26: 0 | S26: 0 | T26: 0 | U26: 0 | V26: 0 | W26: 0 | X26: 0 | Y26: 0 | Z26: 0 | AA26: 0 | AB26: 0 | AC26: 0 | AD26: 0 | AE26: 0 | AF26: 0 | AG26: 0 | AH26: 0 | AI26: 0 | AJ26: 0
A27: 7 | B27: 대구본부 | C27: 동대구운용팀 | E27: 렌트 | F27: 경차 | G27: 모닝 | H27: 62호6573 | I27: 휘발유 | J27: 0 | K27: 0 | L27: 0 | M27: 0 | N27: 0 | O27: 0 | P27: 0 | Q27: 0 | R27: 0 | S27: 0 | T27: 0 | U27: 0 | V27: 0 | W27: 0 | X27: 0 | Y27: 0 | Z27: 0 | AA27: 0 | AB27: 0 | AC27: 0 | AD27: 0 | AE27: 0 | AF27: 0 | AG27: 0 | AH27: 0 | AI27: 0 | AJ27: 0
A28: 8 | B28: 대구본부 | C28: 동대구운용팀 | E28: 렌트 | F28: RV/SUV | G28: 스포티지 | H28: 64하2008 | I28: 경유 | J28: 0 | K28: 0 | L28: 0 | M28: 0 | N28: 0 | O28: 0 | P28: 0 | Q28: 0 | R28: 0 | S28: 0 | T28: 0 | U28: 0 | V28: 0 | W28: 0 | X28: 0 | Y28: 0 | Z28: 0 | AA28: 0 | AB28: 0 | AC28: 0 | AD28: 0 | AE28: 0 | AF28: 0 | AG28: 0 | AH28: 0 | AI28: 0 | AJ28: 0
A29: 9 | B29: 대구본부 | C29: 동대구운용팀 | E29: 렌트 | F29: 경차 | G29: 모닝 | H29: 64하9806 | I29: 휘발유 | J29: 0 | K29: 0 | L29: 0 | M29: 0 | N29: 0 | O29: 0 | P29: 0 | Q29: 0 | R29: 0 | S29: 0 | T29: 0 | U29: 0 | V29: 0 | W29: 0 | X29: 0 | Y29: 0 | Z29: 0 | AA29: 0 | AB29: 0 | AC29: 0 | AD29: 0 | AE29: 0 | AF29: 0 | AG29: 0 | AH29: 0 | AI29: 0 | AJ29: 0
A30: 10 | B30: 대구본부 | C30: 동대구운용팀 | E30: 렌트 | F30: RV/SUV | G30: 스포티지 | H30: 66하5803 | I30: 경유 | J30: 0 | K30: 0 | L30: 0 | M30: 0 | N30: 0 | O30: 0 | P30: 0 | Q30: 0 | R30: 0 | S30: 0 | T30: 0 | U30: 0 | V30: 0 | W30: 0 | X30: 0 | Y30: 0 | Z30: 0 | AA30: 0 | AB30: 0 | AC30: 0 | AD30: 0 | AE30: 0 | AF30: 0 | AG30: 0 | AH30: 0 | AI30: 0 | AJ30: 0
A31: 11 | B31: 대구본부 | C31: 동대구운용팀 | E31: 렌트 | F31: 경차 | G31: 모닝(L) | H31: 52하9940 | I31: 휘발유 | J31: 0 | K31: 0 | L31: 0 | M31: 0 | N31: 0 | O31: 0 | P31: 0 | Q31: 0 | R31: 0 | S31: 0 | T31: 0 | U31: 0 | V31: 0 | W31: 0 | X31: 0 | Y31: 0 | Z31: 0 | AA31: 0 | AB31: 0 | AC31: 0 | AD31: 0 | AE31: 0 | AF31: 0 | AG31: 0 | AH31: 0 | AI31: 0 | AJ31: 0
A32: 12 | B32: 대구본부 | C32: 동대구운용팀 | E32: 리스 | F32: 고소작업_2.5톤 | G32: 마이티2.5톤(고소작업차) | H32: 98조7255 | I32: 경유 | J32: 0 | K32: 0 | L32: 0 | M32: 0 | N32: 0 | O32: 0 | P32: 0 | Q32: 0 | R32: 0 | S32: 0 | T32: 0 | U32: 0 | V32: 0 | W32: 0 | X32: 0 | Y32: 0 | Z32: 0 | AA32: 0 | AB32: 0 | AC32: 0 | AD32: 0 | AE32: 0 | AF32: 0 | AG32: 0 | AH32: 0 | AI32: 0 | AJ32: 0
... A41: 21 | B41: 대구본부 | C41: 동대구운용팀 | E41: 렌트 | F41: RV/SUV | G41: 싼타페 | H41: 대차/03하8919(128허4949) | I41: 경유 | J41: 0 | K41: 0 | L41: 0 | M41: 0 | N41: 0 | O41: 0 | P41: 0 | Q41: 0 | R41: 0 | S41: 0 | T41: 0 | U41: 0 | V41: 0 | W41: 0 | X41: 0 | Y41: 0 | Z41: 0 | AA41: 0 | AB41: 0 | AC41: 0 | AD41: 0 | AE41: 0 | AF41: 0 | AG41: 0 | AH41: 0 | AI41: 0 | AJ41: 0
A42: 22 | B42: 대구본부 | C42: 동대구운용팀 | D42: 한대희 | E42: 렌트 | F42: 경차 | G42: 모닝(승용) | H42: 165허9309 | I42: 휘발유 | J42: 12 | K42: 1771 | L42: 1771 | M42: 179000 | N42: 0 | O42: 0 | P42: 0 | Q42: 0 | R42: 0 | S42: 0 | T42: 0 | U42: 0 | V42: 0 | W42: 179000 | X42: 0 | Y42: 0 | Z42: 0 | AA42: 0 | AB42: 0 | AC42: 0 | AD42: 0 | AE42: 0 | AF42: 0 | AG42: 0 | AH42: 0 | AI42: 179000 | AJ42: 101
A43: 23 | B43: 대구본부 | C43: 동대구운용팀 | D43: 이상우 | E43: 렌트 | F43: 경차 | G43: 모닝(승용) | H43: 165허9310 | I43: 휘발유 | J43: 16 | K43: 1792 | L43: 1776 | M43: 285000 | N43: 0 | O43: 0 | P43: 0 | Q43: 0 | R43: 0 | S43: 0 | T43: 0 | U43: 0 | V43: 0 | W43: 285000 | X43: 0 | Y43: 0 | Z43: 0 | AA43: 0 | AB43: 0 | AC43: 0 | AD43: 0 | AE43: 0 | AF43: 0 | AG43: 0 | AH43: 0 | AI43: 285000 | AJ43: 159
A44: 24 | B44: 대구본부 | C44: 동대구운용팀 | D44: 이성엽 | E44: 렌트 | F44: RV/SUV | G44: 스포티지 | H44: 165허9671 | I44: 경유 | J44: 18 | K44: 1974 | L44: 1944 | M44: 300000 | N44: 0 | O44: 0 | P44: 0 | Q44: 0 | R44: 0 | S44: 0 | T44: 0 | U44: 0 | V44: 0 | W44: 300000 | X44: 0 | Y44: 0 | Z44: 0 | AA44: 0 | AB44: 0 | AC44: 0 | AD44: 0 | AE44: 0 | AF44: 0 | AG44: 0 | AH44: 0 | AI44: 300000 | AJ44: 151
A45: 25 | B45: 대구본부 | C45: 동대구운용팀 | D45: 오환희 | E45: 렌트 | F45: RV/SUV | G45: 스포티지 | H45: 165허9672 | I45: 경유 | J45: 18 | K45: 2878 | L45: 2878 | M45: 338000 | N45: 0 | O45: 0 | P45: 0 | Q45: 0 | R45: 0 | S45: 0 | T45: 0 | U45: 0 | V45: 0 | W45: 338000 | X45: 0 | Y45: 0 | Z45: 0 | AA45: 0 | AB45: 0 | AC45: 0 | AD45: 0 | AE45: 0 | AF45: 0 | AG45: 0 | AH45: 0 | AI45: 338000 | AJ45: 117
A46: 26 | B46: 대구본부 | C46: 동대구운용팀 | D46: 장병철 | E46: 리스 | F46: 고소작업_RV | G46: 봉고1t(고소작업차) | H46: 985조4083 | I46: 경유 | J46: 2 | K46: 324 | L46: 324 | M46: 50000 | N46: 0 | O46: 0 | P46: 0 | Q46: 0 | R46: 0 | S46: 0 | T46: 0 | U46: 0 | V46: 0 | W46: 50000 | X46: 0 | Y46: 0 | Z46: 0 | AA46: 0 | AB46: 0 | AC46: 0 | AD46: 0 | AE46: 0 | AF46: 0 | AG46: 0 | AH46: 0 | AI46: 50000 | AJ46: 154
A47: 27 | B47: 대구본부 | C47: 동대구운용팀 | E47: 렌트 | F47: 중형승용 | G47: 소나타 | H47: 대차/10호0991(54허3164) | I47: 휘발유 | J47: 0 | K47: 0 | L47: 0 | M47: 0 | N47: 0 | O47: 0 | P47: 0 | Q47: 0 | R47: 0 | S47: 0 | T47: 0 | U47: 0 | V47: 0 | W47: 0 | X47: 0 | Y47: 0 | Z47: 0 | AA47: 0 | AB47: 0 | AC47: 0 | AD47: 0 | AE47: 0 | AF47: 0 | AG47: 0 | AH47: 0 | AI47: 0 | AJ47: 0
A48: 28 | B48: 대구본부 | C48: 동대구운용팀 | E48: 렌트 | F48: 소형승용 | G48: 아반떼 | H48: 대차/57하3285(54허3179) | I48: 휘발유 | J48: 0 | K48: 0 | L48: 0 | M48: 0 | N48: 0 | O48: 0 | P48: 0 | Q48: 0 | R48: 0 | S48: 0 | T48: 0 | U48: 0 | V48: 0 | W48: 0 | X48: 0 | Y48: 0 | Z48: 0 | AA48: 0 | AB48: 0 | AC48: 0 | AD48: 0 | AE48: 0 | AF48: 0 | AG48: 0 | AH48: 0 | AI48: 0 | AJ48: 0
A49: 29 | B49: 대구본부 | C49: 동대구운용팀 | E49: 렌트 | F49: 중형승용 | G49: 소나타 | H49: 대차/128호4099(07호7154) | I49: 경유 | J49: 0 | K49: 0 | L49: 0 | M49: 0 | N49: 0 | O49: 0 | P49: 0 | Q49: 0 | R49: 0 | S49: 0 | T49: 0 | U49: 0 | V49: 0 | W49: 0 | X49: 0 | Y49: 0 | Z49: 0 | AA49: 0 | AB49: 0 | AC49: 0 | AD49: 0 | AE49: 0 | AF49: 0 | AG49: 0 | AH49: 0 | AI49: 0 | AJ49: 0
A50: 30 | B50: 대구본부 | C50: 동대구운용팀 | D50: 서무원 | E50: 렌트 | F50: RV/SUV | G50: 코란도 | H50: 192허4389 | I50: 휘발유 | J50: 17 | K50: 1973 | L50: 1973 | M50: 346000 | N50: 0 | O50: 0 | P50: 0 | Q50: 0 | R50: 0 | S50: 0 | T50: 0 | U50: 0 | V50: 54000 | W50: 400000 | X50: 0 | Y50: 0 | Z50: 0 | AA50: 0 | AB50: 0 | AC50: 0 | AD50: 0 | AE50: 0 | AF50: 0 | AG50: 0 | AH50: 0 | AI50: 400000 | AJ50: 175
A51: 31 | B51: 대구본부 | C51: 동대구운용팀 | D51: 정용일 | E51: 렌트 | F51: RV/SUV | G51: 코란도 | H51: 192허4397 | I51: 휘발유 | J51: 20 | K51: 3805 | L51: 3805 | M51: 576000 | N51: 0 | O51: 0 | P51: 0 | Q51: 0 | R51: 0 | S51: 0 | T51: 0 | U51: 0 | V51: 0 | W51: 576000 | X51: 0 | Y51: 0 | Z51: 0 | AA51: 0 | AB51: 0 | AC51: 0 | AD51: 0 | AE51: 0 | AF51: 0 | AG51: 0 | AH51: 0 | AI51: 576000 | AJ51: 151
A52: 32 | B52: 대구본부 | C52: 동대구운용팀 | D52: 곽진순 | E52: 렌트 | F52: RV/SUV | G52: 코란도 | H52: 192허4394 | I52: 휘발유 | J52: 14 | K52: 1168 | L52: 1168 | M52: 180000 | N52: 0 | O52: 0 | P52: 0 | Q52: 0 | R52: 0 | S52: 0 | T52: 0 | U52: 0 | V52: 0 | W52: 180000 | X52: 0 | Y52: 0 | Z52: 0 | AA52: 0 | AB52: 0 | AC52: 0 | AD52: 0 | AE52: 0 | AF52: 0 | AG52: 0 | AH52: 0 | AI52: 180000 | AJ52: 154
A53: 33 | B53: 대구본부 | C53: 동대구운용팀 | D53: 정한식 | E53: 렌트 | F53: RV/SUV | G53: 코란도 | H53: 192허4370 | I53: 휘발유 | J53: 14 | K53: 1950 | L53: 1950 | M53: 352000 | N53: 0 | O53: 0 | P53: 0 | Q53: 0 | R53: 0 | S53: 0 | T53: 0 | U53: 0 | V53: 0 | W53: 352000 | X53: 0 | Y53: 0 | Z53: 0 | AA53: 0 | AB53: 0 | AC53: 0 | AD53: 0 | AE53: 0 | AF53: 0 | AG53: 0 | AH53: 0 | AI53: 352000 | AJ53: 180
A54: 34 | B54: 대구본부 | C54: 동대구운용팀 | D54: 박규태 | E54: 렌트 | F54: RV/SUV | G54: 코란도 | H54: 192허4385 | I54: 휘발유 | J54: 19 | K54: 1891 | L54: 1891 | M54: 340000 | N54: 0 | O54: 0 | P54: 0 | Q54: 0 | R54: 0 | S54: 0 | T54: 0 | U54: 0 | V54: 0 | W54: 340000 | X54: 0 | Y54: 0 | Z54: 0 | AA54: 0 | AB54: 0 | AC54: 0 | AD54: 0 | AE54: 0 | AF54: 0 | AG54: 0 | AH54: 0 | AI54: 340000 | AJ54: 179
A55: 35 | B55: 대구본부 | C55: 동대구운용팀 | E55: 렌트 | F55: RV/SUV | G55: 쏘렌토 | H55: 대차/153허1713(128허4949) | I55: 경유 | J55: 0 | K55: 0 | L55: 0 | M55: 0 | N55: 0 | O55: 0 | P55: 0 | Q55: 0 | R55: 0 | S55: 0 | T55: 0 | U55: 0 | V55: 0 | W55: 0 | X55: 0 | Y55: 0 | Z55: 0 | AA55: 0 | AB55: 0 | AC55: 0 | AD55: 0 | AE55: 0 | AF55: 0 | AG55: 0 | AH55: 0 | AI55: 0 | AJ55: 0
A56: 36 | B56: 대구본부 | C56: 동대구운용팀 | D56: 정연진 | E56: 리스 | F56: RV/SUV | G56: 스타리아 | H56: 844조9414 | I56: 경유 | J56: 21 | K56: 2188 | L56: 2188 | M56: 280000 | N56: 0 | O56: 0 | P56: 0 | Q56: 0 | R56: 0 | S56: 0 | T56: 0 | U56: 0 | V56: 0 | W56: 280000 | X56: 0 | Y56: 0 | Z56: 0 | AA56: 0 | AB56: 0 | AC56: 0 | AD56: 0 | AE56: 0 | AF56: 0 | AG56: 0 | AH56: 0 | AI56: 280000 | AJ56: 127
A57: 37 | B57: 대구본부 | C57: 동대구운용팀 | D57: 장연덕 | E57: 리스 | F57: RV/SUV | G57: 스타리아 | H57: 844조9480 | I57: 경유 | J57: 23 | K57: 2637 | L57: 2637 | M57: 350000 | N57: 0 | O57: 0 | P57: 0 | Q57: 0 | R57: 0 | S57: 0 | T57: 0 | U57: 0 | V57: 0 | W57: 350000 | X57: 0 | Y57: 0 | Z57: 0 | AA57: 0 | AB57: 0 | AC57: 0 | AD57: 0 | AE57: 0 | AF57: 0 | AG57: 0 | AH57: 0 | AI57: 350000 | AJ57: 132
A58: 38 | B58: 대구본부 | C58: 동대구운용팀 | D58: 장연덕 | E58: 리스 | F58: RV/SUV | G58: 스타리아 | H58: 844조9464 | I58: 경유 | J58: 14 | K58: 1644 | L58: 1644 | M58: 250000 | N58: 0 | O58: 0 | P58: 0 | Q58: 0 | R58: 0 | S58: 0 | T58: 0 | U58: 0 | V58: 0 | W58: 250000 | X58: 0 | Y58: 0 | Z58: 0 | AA58: 0 | AB58: 0 | AC58: 0 | AD58: 0 | AE58: 0 | AF58: 0 | AG58: 0 | AH58: 0 | AI58: 250000 | AJ58: 152
A59: 39 | B59: 대구본부 | C59: 동대구운용팀 | E59: 렌트 | F59: RV/SUV | G59: 펠리세이드 | H59: 대차/104하5333(145허3690) | I59: 경유 | J59: 0 | K59: 0 | L59: 0 | M59: 0 | N59: 0 | O59: 0 | P59: 0 | Q59: 0 | R59: 0 | S59: 0 | T59: 0 | U59: 0 | V59: 0 | W59: 0 | X59: 0 | Y59: 0 | Z59: 0 | AA59: 0 | AB59: 0 | AC59: 0 | AD59: 0 | AE59: 0 | AF59: 0 | AG59: 0 | AH59: 0 | AI59: 0 | AJ59: 0
A60: 40 | B60: 대구본부 | C60: 동대구운용팀 | E60: 렌트 | F60: RV/SUV | G60: 싼타페 | H60: 대차/172허8339(192허4389) | I60: 경유 | J60: 0 | K60: 0 | L60: 0 | M60: 0 | N60: 0 | O60: 0 | P60: 0 | Q60: 0 | R60: 0 | S60: 0 | T60: 0 | U60: 0 | V60: 0 | W60: 0 | X60: 0 | Y60: 0 | Z60: 0 | AA60: 0 | AB60: 0 | AC60: 0 | AD60: 0 | AE60: 0 | AF60: 0 | AG60: 0 | AH60: 0 | AI60: 0 | AJ60: 0
A61: 41 | B61: 대구본부 | C61: 동대구운용팀 | E61: 렌트 | F61: RV/SUV | G61: 스포티지 | H61: 대차/172호7875(128허4949) | I61: 경유 | J61: 0 | K61: 0 | L61: 0 | M61: 0 | N61: 0 | O61: 0 | P61: 0 | Q61: 0 | R61: 0 | S61: 0 | T61: 0 | U61: 0 | V61: 0 | W61: 0 | X61: 0 | Y61: 0 | Z61: 0 | AA61: 0 | AB61: 0 | AC61: 0 | AD61: 0 | AE61: 0 | AF61: 0 | AG61: 0 | AH61: 0 | AI61: 0 | AJ61: 0
A62: 42 | B62: 대구본부 | C62: 동대구운용팀 | D62: 최태영 | E62: 리스 | F62: RV/SUV | G62: 스타리아 | H62: 801서1948 | I62: 경유 | J62: 18 | K62: 2529 | L62: 2529 | M62: 410000 | N62: 0 | O62: 0 | P62: 0 | Q62: 0 | R62: 0 | S62: 0 | T62: 0 | U62: 0 | V62: 0 | W62: 410000 | X62: 0 | Y62: 0 | Z62: 0 | AA62: 0 | AB62: 0 | AC62: 0 | AD62: 0 | AE62: 0 | AF62: 0 | AG62: 0 | AH62: 0 | AI62: 410000 | AJ62: 162
A63: 43 | B63: 대구본부 | C63: 동대구운용팀 | D63: 김두종 | E63: 렌트 | F63: RV/SUV | G63: 더 뉴 티볼리 | H63: 222허5110 | I63: 휘발유 | J63: 16 | K63: 3422 | L63: 3422 | M63: 480000 | N63: 0 | O63: 0 | P63: 0 | Q63: 0 | R63: 0 | S63: 0 | T63: 0 | U63: 0 | V63: 0 | W63: 480000 | X63: 0 | Y63: 0 | Z63: 0 | AA63: 0 | AB63: 0 | AC63: 0 | AD63: 0 | AE63: 0 | AF63: 0 | AG63: 0 | AH63: 0 | AI63: 480000 | AJ63: 140
A64: 44 | B64: 대구본부 | C64: 동대구운용팀 | E64: 렌트 | F64: RV/SUV | G64: 스포티지 | H64: 222허5549 | I64: 경유 | J64: 0 | K64: 0 | L64: 0 | M64: 0 | N64: 0 | O64: 0 | P64: 0 | Q64: 0 | R64: 0 | S64: 0 | T64: 0 | U64: 0 | V64: 0 | W64: 0 | X64: 0 | Y64: 0 | Z64: 0 | AA64: 0 | AB64: 0 | AC64: 0 | AD64: 0 | AE64: 0 | AF64: 0 | AG64: 0 | AH64: 0 | AI64: 0 | AJ64: 0
A65: 45 | B65: 대구본부 | C65: 동대구운용팀 | E65: 렌트 | F65: RV/SUV | G65: 스포티지 | H65: 177허8365 | I65: 경유 | J65: 0 | K65: 0 | L65: 0 | M65: 0 | N65: 0 | O65: 0 | P65: 0 | Q65: 0 | R65: 0 | S65: 0 | T65: 0 | U65: 0 | V65: 0 | W65: 0 | X65: 0 | Y65: 0 | Z65: 0 | AA65: 0 | AB65: 0 | AC65: 0 | AD65: 0 | AE65: 0 | AF65: 0 | AG65: 0 | AH65: 0 | AI65: 0 | AJ65: 0
A66: 46 | B66: 대구본부 | C66: 동대구운용팀 | D66: 장병철 | E66: 렌트 | F66: RV/SUV | G66: 스포티지 | H66: 222허5549 | I66: 경유 | J66: 20 | K66: 2981 | L66: 2981 | M66: 300000 | N66: 0 | O66: 0 | P66: 0 | Q66: 0 | R66: 0 | S66: 0 | T66: 0 | U66: 0 | V66: 0 | W66: 300000 | X66: 0 | Y66: 0 | Z66: 0 | AA66: 0 | AB66: 0 | AC66: 0 | AD66: 0 | AE66: 0 | AF66: 0 | AG66: 0 | AH66: 0 | AI66: 300000 | AJ66: 100
A67: 47 | B67: 대구본부 | C67: 동대구운용팀 | D67: 이홍구 | E67: 렌트 | F67: RV/SUV | G67: 스포티지 | H67: 177허8365 | I67: 경유 | J67: 17 | K67: 2631 | L67: 2631 | M67: 360000 | N67: 0 | O67: 0 | P67: 0 | Q67: 0 | R67: 0 | S67: 0 | T67: 0 | U67: 0 | V67: 0 | W67: 360000 | X67: 0 | Y67: 0 | Z67: 0 | AA67: 0 | AB67: 0 | AC67: 0 | AD67: 0 | AE67: 0 | AF67: 0 | AG67: 0 | AH67: 0 | AI67: 360000 | AJ67: 136
A68: 48 | B68: 대구본부 | C68: 동대구운용팀 | E68: 렌트 | F68: RV/SUV | G68: 투싼(하이브리드) | H68: 대차/222호8963(104허4267) | I68: 휘발유 | J68: 0 | K68: 0 | L68: 0 | M68: 0 | N68: 0 | O68: 0 | P68: 0 | Q68: 0 | R68: 0 | S68: 0 | T68: 0 | U68: 0 | V68: 0 | W68: 0 | X68: 0 | Y68: 0 | Z68: 0 | AA68: 0 | AB68: 0 | AC68: 0 | AD68: 0 | AE68: 0 | AF68: 0 | AG68: 0 | AH68: 0 | AI68: 0 | AJ68: 0
A69: 49 | B69: 대구본부 | C69: 동대구운용팀 | E69: 렌트 | F69: 대형승용 | G69: 제네사스G80 | H69: 대차/192허3086(128허7161) | I69: 휘발유 | J69: 0 | K69: 0 | L69: 0 | M69: 0 | N69: 0 | O69: 0 | P69: 0 | Q69: 0 | R69: 0 | S69: 0 | T69: 0 | U69: 0 | V69: 0 | W69: 0 | X69: 0 | Y69: 0 | Z69: 0 | AA69: 0 | AB69: 0 | AC69: 0 | AD69: 0 | AE69: 0 | AF69: 0 | AG69: 0 | AH69: 0 | AI69: 0 | AJ69: 0
A70: 50 | B70: 대구본부 | C70: 동대구운용팀 | E70: 렌트 | F70: 중형승용 | G70: 그랜저 | H70: 대차/193하2930(128허7161) | I70: 휘발유 | J70: 0 | K70: 0 | L70: 0 | M70: 0 | N70: 0 | O70: 0 | P70: 0 | Q70: 0 | R70: 0 | S70: 0 | T70: 0 | U70: 0 | V70: 0 | W70: 0 | X70: 0 | Y70: 0 | Z70: 0 | AA70: 0 | AB70: 0 | AC70: 0 | AD70: 0 | AE70: 0 | AF70: 0 | AG70: 0 | AH70: 0 | AI70: 0 | AJ70: 0
A71: 51 | B71: 대구본부 | C71: 동대구운용팀 | D71: 이인식 | E71: 렌트 | F71: RV/SUV | G71: 셀토스 | H71: 231하6948 | I71: 휘발유 | J71: 16 | K71: 1357 | L71: 1357 | M71: 180000 | N71: 0 | O71: 0 | P71: 0 | Q71: 0 | R71: 0 | S71: 0 | T71: 0 | U71: 0 | V71: 0 | W71: 180000 | X71: 0 | Y71: 0 | Z71: 0 | AA71: 0 | AB71: 0 | AC71: 0 | AD71: 0 | AE71: 0 | AF71: 0 | AG71: 0 | AH71: 0 | AI71: 180000 | AJ71: 132
A72: 52 | B72: 대구본부 | C72: 동대구운용팀 | D72: 김승현 | E72: 렌트 | F72: RV/SUV | G72: 셀토스 | H72: 231허4073 | I72: 휘발유 | J72: 16 | K72: 1214 | L72: 1214 | M72: 267000 | N72: 0 | O72: 0 | P72: 0 | Q72: 0 | R72: 0 | S72: 0 | T72: 0 | U72: 0 | V72: 0 | W72: 267000 | X72: 0 | Y72: 0 | Z72: 0 | AA72: 0 | AB72: 0 | AC72: 0 | AD72: 0 | AE72: 0 | AF72: 0 | AG72: 0 | AH72: 0 | AI72: 267000 | AJ72: 219
A73: 53 | B73: 대구본부 | C73: 동대구운용팀 | D73: 이은식 | E73: 렌트 | F73: RV/SUV | G73: 셀토스 | H73: 231허4116 | I73: 휘발유 | J73: 16 | K73: 3188 | L73: 3188 | M73: 451168 | N73: 0 | O73: 0 | P73: 0 | Q73: 0 | R73: 0 | S73: 0 | T73: 0 | U73: 0 | V73: 0 | W73: 451168 | X73: 0 | Y73: 0 | Z73: 0 | AA73: 0 | AB73: 0 | AC73: 0 | AD73: 0 | AE73: 0 | AF73: 0 | AG73: 0 | AH73: 0 | AI73: 451168 | AJ73: 141
A74: 54 | B74: 대구본부 | C74: 동대구운용팀 | E74: 렌트 | F74: RV/SUV | G74: 쏘렌토 | H74: 대차/153허1713(165허9671) | I74: 경유 | J74: 0 | K74: 0 | L74: 0 | M74: 0 | N74: 0 | O74: 0 | P74: 0 | Q74: 0 | R74: 0 | S74: 0 | T74: 0 | U74: 0 | V74: 0 | W74: 0 | X74: 0 | Y74: 0 | Z74: 0 | AA74: 0 | AB74: 0 | AC74: 0 | AD74: 0 | AE74: 0 | AF74: 0 | AG74: 0 | AH74: 0 | AI74: 0 | AJ74: 0
A75: 55 | B75: 대구본부 | C75: 동대구운용팀 | E75: 렌트 | F75: RV/SUV | G75: 소렌토 | H75: 139어1544 | I75: 경유 | J75: 0 | K75: 0 | L75: 0 | M75: 0 | N75: 0 | O75: 0 | P75: 0 | Q75: 0 | R75: 0 | S75: 0 | T75: 0 | U75: 0 | V75: 0 | W75: 0 | X75: 0 | Y75: 0 | Z75: 0 | AA75: 0 | AB75: 0 | AC75: 0 | AD75: 0 | AE75: 0 | AF75: 0 | AG75: 0 | AH75: 0 | AI75: 0 | AJ75: 0
A76: 56 | B76: 대구본부 | C76: 동대구운용팀 | D76: 강경훈 | E76: 리스 | F76: RV/SUV | G76: 스타리아 | H76: 대차/703하1454(844조9464) | I76: 경유 | J76: 4 | K76: 375 | L76: 375 | M76: 70000 | N76: 0 | O76: 0 | P76: 0 | Q76: 0 | R76: 0 | S76: 0 | T76: 0 | U76: 0 | V76: 0 | W76: 70000 | X76: 0 | Y76: 0 | Z76: 0 | AA76: 0 | AB76: 0 | AC76: 0 | AD76: 0 | AE76: 0 | AF76: 0 | AG76: 0 | AH76: 0 | AI76: 70000 | AJ76: 186
A77: 57 | B77: 대구본부 | C77: 동대구운용팀 | E77: 렌트 | F77: RV/SUV | G77: 쏘렌토 | H77: 153허8544(대차/192허4397) | I77: 경유 | J77: 0 | K77: 0 | L77: 0 | M77: 0 | N77: 0 | O77: 0 | P77: 0 | Q77: 0 | R77: 0 | S77: 0 | T77: 0 | U77: 0 | V77: 0 | W77: 0 | X77: 0 | Y77: 0 | Z77: 0 | AA77: 0 | AB77: 0 | AC77: 0 | AD77: 0 | AE77: 0 | AF77: 0 | AG77: 0 | AH77: 0 | AI77: 0 | AJ77: 0
A78: 58 | B78: 대구본부 | C78: 동대구운용팀 | E78: 렌트 | F78: 중형승용 | G78: 그랜져 | H78: 대차/222하7498(844조9480) | I78: 휘발유 | J78: 0 | K78: 0 | L78: 0 | M78: 0 | N78: 0 | O78: 0 | P78: 0 | Q78: 0 | R78: 0 | S78: 0 | T78: 0 | U78: 0 | V78: 0 | W78: 0 | X78: 0 | Y78: 0 | Z78: 0 | AA78: 0 | AB78: 0 | AC78: 0 | AD78: 0 | AE78: 0 | AF78: 0 | AG78: 0 | AH78: 0 | AI78: 0 | AJ78: 0
B79: 소계 | C79: 동대구운용팀 | K79: 43692 | L79: 43646 | M79: 6344168 | N79: 0 | O79: 0 | P79: 0 | Q79: 0 | R79: 0 | S79: 0 | T79: 0 | U79: 0 | V79: 54000 | W79: 6398168 | X79: 0 | Y79: 0 | Z79: 0 | AA79: 0 | AB79: 0 | AC79: 0 | AD79: 0 | AE79: 0 | AF79: 0 | AG79: 0 | AH79: 0 | AI79: 6398168
A80: 1 | B80: 대구본부 | C80: 서대구운용팀 | E80: 리스 | F80: 고소작업_RV | G80: 렉스톤(고소작업차) | H80: 98다0678 | I80: 경유 | J80: 0 | K80: 0 | L80: 0 | M80: 0 | N80: 0 | O80: 0 | P80: 0 | Q80: 0 | R80: 0 | S80: 0 | T80: 0 | U80: 0 | V80: 0 | W80: 0 | X80: 0 | Y80: 0 | Z80: 0 | AA80: 0 | AB80: 0 | AC80: 0 | AD80: 0 | AE80: 0 | AF80: 0 | AG80: 0 | AH80: 0 | AI80: 0 | AJ80: 0
A81: 2 | B81: 대구본부 | C81: 서대구운용팀 | E81: 렌트 | F81: 경차 | G81: 모닝(L) | H81: 52하9954 | I81: 휘발유 | J81: 0 | K81: 0 | L81: 0 | M81: 0 | N81: 0 | O81: 0 | P81: 0 | Q81: 0 | R81: 0 | S81: 0 | T81: 0 | U81: 0 | V81: 0 | W81: 0 | X81: 0 | Y81: 0 | Z81: 0 | AA81: 0 | AB81: 0 | AC81: 0 | AD81: 0 | AE81: 0 | AF81: 0 | AG81: 0 | AH81: 0 | AI81: 0 | AJ81: 0
A82: 3 | B82: 대구본부 | C82: 서대구운용팀 | E82: 렌트 | F82: EV | G82: SOUL EV | H82: 14허8881 | I82: EV | J82: 0 | K82: 0 | L82: 0 | M82: 0 | N82: 0 | O82: 0 | P82: 0 | Q82: 0 | R82: 0 | S82: 0 | T82: 0 | U82: 0 | V82: 0 | W82: 0 | X82: 0 | Y82: 0 | Z82: 0 | AA82: 0 | AB82: 0 | AC82: 0 | AD82: 0 | AE82: 0 | AF82: 0 | AG82: 0 | AH82: 0 | AI82: 0 | AJ82: 0
A83: 4 | B83: 대구본부 | C83: 서대구운용팀 | E83: 렌트 | F83: EV | G83: SOUL EV | H83: 14허8882 | I83: EV | J83: 0 | K83: 0 | L83: 0 | M83: 0 | N83: 0 | O83: 0 | P83: 0 | Q83: 0 | R83: 0 | S83: 0 | T83: 0 | U83: 0 | V83: 0 | W83: 0 | X83: 0 | Y83: 0 | Z83: 0 | AA83: 0 | AB83: 0 | AC83: 0 | AD83: 0 | AE83: 0 | AF83: 0 | AG83: 0 | AH83: 0 | AI83: 0 | AJ83: 0
A84: 5 | B84: 대구본부 | C84: 서대구운용팀 | E84: 렌트 | F84: EV | G84: SOUL EV | H84: 14허8883 | I84: EV | J84: 0 | K84: 0 | L84: 0 | M84: 0 | N84: 0 | O84: 0 | P84: 0 | Q84: 0 | R84: 0 | S84: 0 | T84: 0 | U84: 0 | V84: 0 | W84: 0 | X84: 0 | Y84: 0 | Z84: 0 | AA84: 0 | AB84: 0 | AC84: 0 | AD84: 0 | AE84: 0 | AF84: 0 | AG84: 0 | AH84: 0 | AI84: 0 | AJ84: 0
A85: 6 | B85: 대구본부 | C85: 서대구운용팀 | E85: 렌트 | F85: 경차 | G85: 모닝(L) | H85: 18하9789 | I85: 휘발유 | J85: 0 | K85: 0 | L85: 0 | M85: 0 | N85: 0 | O85: 0 | P85: 0 | Q85: 0 | R85: 0 | S85: 0 | T85: 0 | U85: 0 | V85: 0 | W85: 0 | X85: 0 | Y85: 0 | Z85: 0 | AA85: 0 | AB85: 0 | AC85: 0 | AD85: 0 | AE85: 0 | AF85: 0 | AG85: 0 | AH85: 0 | AI85: 0 | AJ85: 0
A86: 7 | B86: 대구본부 | C86: 서대구운용팀 | E86: 렌트 | F86: 경차 | G86: 모닝(L) | H86: 18하9791 | I86: 휘발유 | J86: 0 | K86: 0 | L86: 0 | M86: 0 | N86: 0 | O86: 0 | P86: 0 | Q86: 0 | R86: 0 | S86: 0 | T86: 0 | U86: 0 | V86: 0 | W86: 0 | X86: 0 | Y86: 0 | Z86: 0 | AA86: 0 | AB86: 0 | AC86: 0 | AD86: 0 | AE86: 0 | AF86: 0 | AG86: 0 | AH86: 0 | AI86: 0 | AJ86: 0
A87: 8 | B87: 대구본부 | C87: 서대구운용팀 | E87: 렌트 | F87: 경차 | G87: 모닝(L) | H87: 18하9792 | I87: 휘발유 | J87: 0 | K87: 0 | L87: 0 | M87: 0 | N87: 0 | O87: 0 | P87: 0 | Q87: 0 | R87: 0 | S87: 0 | T87: 0 | U87: 0 | V87: 0 | W87: 0 | X87: 0 | Y87: 0 | Z87: 0 | AA87: 0 | AB87: 0 | AC87: 0 | AD87: 0 | AE87: 0 | AF87: 0 | AG87: 0 | AH87: 0 | AI87: 0 | AJ87: 0
A88: 9 | B88: 대구본부 | C88: 서대구운용팀 | E88: 렌트 | F88: 경차 | G88: 모닝(L) | H88: 18호9533 | I88: 휘발유 | J88: 0 | K88: 0 | L88: 0 | M88: 0 | N88: 0 | O88: 0 | P88: 0 | Q88: 0 | R88: 0 | S88: 0 | T88: 0 | U88: 0 | V88: 0 | W88: 0 | X88: 0 | Y88: 0 | Z88: 0 | AA88: 0 | AB88: 0 | AC88: 0 | AD88: 0 | AE88: 0 | AF88: 0 | AG88: 0 | AH88: 0 | AI88: 0 | AJ88: 0
A89: 10 | B89: 대구본부 | C89: 서대구운용팀 | E89: 렌트 | F89: RV/SUV | G89: 스포티지 | H89: 40하5349 | I89: 경유 | J89: 0 | K89: 0 | L89: 0 | M89: 0 | N89: 0 | O89: 0 | P89: 0 | Q89: 0 | R89: 0 | S89: 0 | T89: 0 | U89: 0 | V89: 0 | W89: 0 | X89: 0 | Y89: 0 | Z89: 0 | AA89: 0 | AB89: 0 | AC89: 0 | AD89: 0 | AE89: 0 | AF89: 0 | AG89: 0 | AH89: 0 | AI89: 0 | AJ89: 0
A90: 11 | B90: 대구본부 | C90: 서대구운용팀 | E90: 렌트 | F90: 경차 | G90: 모닝 | H90: 40하5394 | I90: 휘발유 | J90: 0 | K90: 0 | L90: 0 | M90: 0 | N90: 0 | O90: 0 | P90: 0 | Q90: 0 | R90: 0 | S90: 0 | T90: 0 | U90: 0 | V90: 0 | W90: 0 | X90: 0 | Y90: 0 | Z90: 0 | AA90: 0 | AB90: 0 | AC90: 0 | AD90: 0 | AE90: 0 | AF90: 0 | AG90: 0 | AH90: 0 | AI90: 0 | AJ90: 0
A91: 12 | B91: 대구본부 | C91: 서대구운용팀 | E91: 렌트 | F91: RV/SUV | G91: 스포티지 | H91: 52하9925 | I91: 경유 | J91: 0 | K91: 0 | L91: 0 | M91: 0 | N91: 0 | O91: 0 | P91: 0 | Q91: 0 | R91: 0 | S91: 0 | T91: 0 | U91: 0 | V91: 0 | W91: 0 | X91: 0 | Y91: 0 | Z91: 0 | AA91: 0 | AB91: 0 | AC91: 0 | AD91: 0 | AE91: 0 | AF91: 0 | AG91: 0 | AH91: 0 | AI91: 0 | AJ91: 0
... A102: 23 | B102: 대구본부 | C102: 서대구운용팀 | E102: 렌트 | F102: 중형승용 | G102: 아반떼 | H102: 대차/36하0775(552하9954) | I102: 휘발유 | J102: 0 | K102: 0 | L102: 0 | M102: 0 | N102: 0 | O102: 0 | P102: 0 | Q102: 0 | R102: 0 | S102: 0 | T102: 0 | U102: 0 | V102: 0 | W102: 0 | X102: 0 | Y102: 0 | Z102: 0 | AA102: 0 | AB102: 0 | AC102: 0 | AD102: 0 | AE102: 0 | AF102: 0 | AG102: 0 | AH102: 0 | AI102: 0 | AJ102: 0
A103: 24 | B103: 대구본부 | C103: 서대구운용팀 | D103: 김정현 | E103: 렌트 | F103: 경차 | G103: 모닝(승용) | H103: 165허6834 | I103: 휘발유 | J103: 16 | K103: 639 | L103: 639 | M103: 94000 | N103: 0 | O103: 0 | P103: 0 | Q103: 0 | R103: 0 | S103: 0 | T103: 0 | U103: 0 | V103: 0 | W103: 94000 | X103: 0 | Y103: 0 | Z103: 0 | AA103: 0 | AB103: 0 | AC103: 0 | AD103: 0 | AE103: 0 | AF103: 0 | AG103: 0 | AH103: 0 | AI103: 94000 | AJ103: 147
A104: 25 | B104: 대구본부 | C104: 서대구운용팀 | D104: 김동현 | E104: 렌트 | F104: 경차 | G104: 모닝(승용) | H104: 165허9312 | I104: 휘발유 | J104: 16 | K104: 874 | L104: 874 | M104: 122000 | N104: 0 | O104: 0 | P104: 0 | Q104: 0 | R104: 0 | S104: 0 | T104: 0 | U104: 0 | V104: 0 | W104: 122000 | X104: 0 | Y104: 0 | Z104: 0 | AA104: 0 | AB104: 0 | AC104: 0 | AD104: 0 | AE104: 0 | AF104: 0 | AG104: 0 | AH104: 0 | AI104: 122000 | AJ104: 139
A105: 26 | B105: 대구본부 | C105: 서대구운용팀 | D105: 임하진 | E105: 렌트 | F105: 경차 | G105: 모닝(승용) | H105: 165허9313 | I105: 휘발유 | J105: 15 | K105: 2167 | L105: 2167 | M105: 250000 | N105: 0 | O105: 0 | P105: 0 | Q105: 0 | R105: 0 | S105: 0 | T105: 0 | U105: 0 | V105: 0 | W105: 250000 | X105: 0 | Y105: 0 | Z105: 0 | AA105: 0 | AB105: 0 | AC105: 0 | AD105: 0 | AE105: 0 | AF105: 0 | AG105: 0 | AH105: 0 | AI105: 250000 | AJ105: 115
A106: 27 | B106: 대구본부 | C106: 서대구운용팀 | D106: 김명준 | E106: 렌트 | F106: 경차 | G106: 모닝(승용) | H106: 165허9314 | I106: 휘발유 | J106: 19 | K106: 1843 | L106: 1843 | M106: 145000 | N106: 0 | O106: 0 | P106: 0 | Q106: 0 | R106: 0 | S106: 0 | T106: 0 | U106: 0 | V106: 0 | W106: 145000 | X106: 0 | Y106: 0 | Z106: 0 | AA106: 0 | AB106: 0 | AC106: 0 | AD106: 0 | AE106: 0 | AF106: 0 | AG106: 0 | AH106: 0 | AI106: 145000 | AJ106: 78
A107: 28 | B107: 대구본부 | C107: 서대구운용팀 | D107: 김은비 | E107: 렌트 | F107: 경차 | G107: 모닝(승용) | H107: 193허1322 | I107: 휘발유 | J107: 14 | K107: 686 | L107: 686 | M107: 80000 | N107: 0 | O107: 0 | P107: 0 | Q107: 0 | R107: 0 | S107: 0 | T107: 0 | U107: 0 | V107: 0 | W107: 80000 | X107: 0 | Y107: 0 | Z107: 0 | AA107: 0 | AB107: 0 | AC107: 0 | AD107: 0 | AE107: 0 | AF107: 0 | AG107: 0 | AH107: 0 | AI107: 80000 | AJ107: 116
A108: 29 | B108: 대구본부 | C108: 서대구운용팀 | D108: 이재훈 | E108: 렌트 | F108: RV/SUV | G108: 스포티지 | H108: 162호3204 | I108: 경유 | J108: 22 | K108: 2408 | L108: 2408 | M108: 283000 | N108: 0 | O108: 0 | P108: 0 | Q108: 0 | R108: 0 | S108: 0 | T108: 0 | U108: 0 | V108: 0 | W108: 283000 | X108: 0 | Y108: 0 | Z108: 0 | AA108: 0 | AB108: 0 | AC108: 0 | AD108: 0 | AE108: 0 | AF108: 0 | AG108: 0 | AH108: 0 | AI108: 283000 | AJ108: 117
A109: 30 | B109: 대구본부 | C109: 서대구운용팀 | D109: 권오현 | E109: 렌트 | F109: RV/SUV | G109: 스포티지 | H109: 165허9669 | I109: 경유 | J109: 18 | K109: 1747 | L109: 1747 | M109: 222000 | N109: 0 | O109: 0 | P109: 0 | Q109: 0 | R109: 0 | S109: 0 | T109: 0 | U109: 0 | V109: 0 | W109: 222000 | X109: 0 | Y109: 0 | Z109: 0 | AA109: 0 | AB109: 0 | AC109: 0 | AD109: 0 | AE109: 0 | AF109: 0 | AG109: 0 | AH109: 0 | AI109: 222000 | AJ109: 127
A110: 31 | B110: 대구본부 | C110: 서대구운용팀 | D110: 이승호 | E110: 렌트 | F110: 경차 | G110: 모닝 | H110: 193허6630 | I110: 휘발유 | J110: 18 | K110: 1170 | L110: 1170 | M110: 169000 | N110: 0 | O110: 0 | P110: 0 | Q110: 0 | R110: 0 | S110: 0 | T110: 0 | U110: 0 | V110: 0 | W110: 169000 | X110: 0 | Y110: 0 | Z110: 0 | AA110: 0 | AB110: 0 | AC110: 0 | AD110: 0 | AE110: 0 | AF110: 0 | AG110: 0 | AH110: 0 | AI110: 169000 | AJ110: 144
A111: 32 | B111: 대구본부 | C111: 서대구운용팀 | E111: 렌트 | F111: 중형승용 | G111: K5 | H111: 193하1957 | I111: 휘발유 | J111: 0 | K111: 0 | L111: 0 | M111: 0 | N111: 0 | O111: 0 | P111: 0 | Q111: 0 | R111: 0 | S111: 0 | T111: 0 | U111: 0 | V111: 0 | W111: 0 | X111: 0 | Y111: 0 | Z111: 0 | AA111: 0 | AB111: 0 | AC111: 0 | AD111: 0 | AE111: 0 | AF111: 0 | AG111: 0 | AH111: 0 | AI111: 0 | AJ111: 0
A112: 33 | B112: 대구본부 | C112: 서대구운용팀 | D112: 박금용 | E112: 렌트 | F112: RV/SUV | G112: 코란도 | H112: 192허4382 | I112: 휘발유 | J112: 23 | K112: 1225 | L112: 1225 | M112: 285000 | N112: 0 | O112: 0 | P112: 0 | Q112: 0 | R112: 0 | S112: 0 | T112: 0 | U112: 0 | V112: 0 | W112: 285000 | X112: 0 | Y112: 0 | Z112: 0 | AA112: 0 | AB112: 0 | AC112: 0 | AD112: 0 | AE112: 0 | AF112: 0 | AG112: 0 | AH112: 0 | AI112: 285000 | AJ112: 232
A113: 34 | B113: 대구본부 | C113: 서대구운용팀 | D113: 문선웅 | E113: 렌트 | F113: RV/SUV | G113: 코란도 | H113: 192허4402 | I113: 휘발유 | J113: 20 | K113: 585 | L113: 585 | M113: 135000 | N113: 0 | O113: 0 | P113: 0 | Q113: 0 | R113: 0 | S113: 0 | T113: 0 | U113: 0 | V113: 0 | W113: 135000 | X113: 0 | Y113: 0 | Z113: 0 | AA113: 0 | AB113: 0 | AC113: 0 | AD113: 0 | AE113: 0 | AF113: 0 | AG113: 0 | AH113: 0 | AI113: 135000 | AJ113: 230
A114: 35 | B114: 대구본부 | C114: 서대구운용팀 | D114: 이해원 | E114: 렌트 | F114: RV/SUV | G114: 코란도 | H114: 192허4388 | I114: 휘발유 | J114: 19 | K114: 1698 | L114: 1698 | M114: 308000 | N114: 0 | O114: 0 | P114: 0 | Q114: 0 | R114: 0 | S114: 0 | T114: 0 | U114: 0 | V114: 0 | W114: 308000 | X114: 0 | Y114: 0 | Z114: 0 | AA114: 0 | AB114: 0 | AC114: 0 | AD114: 0 | AE114: 0 | AF114: 0 | AG114: 0 | AH114: 0 | AI114: 308000 | AJ114: 181
A115: 36 | B115: 대구본부 | C115: 서대구운용팀 | D115: 김용주 | E115: 렌트 | F115: RV/SUV | G115: 코란도 | H115: 192허4381 | I115: 휘발유 | J115: 19 | K115: 935 | L115: 935 | M115: 234000 | N115: 0 | O115: 0 | P115: 0 | Q115: 0 | R115: 0 | S115: 0 | T115: 0 | U115: 0 | V115: 0 | W115: 234000 | X115: 0 | Y115: 0 | Z115: 0 | AA115: 0 | AB115: 0 | AC115: 0 | AD115: 0 | AE115: 0 | AF115: 0 | AG115: 0 | AH115: 0 | AI115: 234000 | AJ115: 250
A116: 37 | B116: 대구본부 | C116: 서대구운용팀 | E116: 렌트 | F116: EV | G116: EV6 | H116: 대차/49호8628(07호7155) | I116: EV | J116: 0 | K116: 0 | L116: 0 | M116: 0 | N116: 0 | O116: 0 | P116: 0 | Q116: 0 | R116: 0 | S116: 0 | T116: 0 | U116: 0 | V116: 0 | W116: 0 | X116: 0 | Y116: 0 | Z116: 0 | AA116: 0 | AB116: 0 | AC116: 0 | AD116: 0 | AE116: 0 | AF116: 0 | AG116: 0 | AH116: 0 | AI116: 0 | AJ116: 0
A117: 38 | B117: 대구본부 | C117: 서대구운용팀 | E117: 렌트 | F117: 대형승용 | G117: 그랜져 | H117: 대차/128하4392(193허1322) | I117: LPG | J117: 0 | K117: 0 | L117: 0 | M117: 0 | N117: 0 | O117: 0 | P117: 0 | Q117: 0 | R117: 0 | S117: 0 | T117: 0 | U117: 0 | V117: 0 | W117: 0 | X117: 0 | Y117: 0 | Z117: 0 | AA117: 0 | AB117: 0 | AC117: 0 | AD117: 0 | AE117: 0 | AF117: 0 | AG117: 0 | AH117: 0 | AI117: 0 | AJ117: 0
A118: 39 | B118: 대구본부 | C118: 서대구운용팀 | E118: 렌트 | F118: RV/SUV | G118: 팰리세이드 | H118: 대차/127하1430(128허4951) | I118: 경유 | J118: 0 | K118: 0 | L118: 0 | M118: 0 | N118: 0 | O118: 0 | P118: 0 | Q118: 0 | R118: 0 | S118: 0 | T118: 0 | U118: 0 | V118: 0 | W118: 0 | X118: 0 | Y118: 0 | Z118: 0 | AA118: 0 | AB118: 0 | AC118: 0 | AD118: 0 | AE118: 0 | AF118: 0 | AG118: 0 | AH118: 0 | AI118: 0 | AJ118: 0
...

Sheet 25년 9월
A1: 순번 | B1: 본부 | C1: 팀/파트 | D1: 사용자 | E1: 구입형태 | F1: 차종 | G1: 모델명 | H1: 차량번호 | I1: 연료 | J1: 평균운행일수 | K1: 총주행거리 (Km) | L1: 업무용 사용거리 (km) | M1: 법인카드 | X1: 현금사용 | AI1: 합계 ①+② | AJ1: 평균주유비(Km)
M2: 유류비 | N2: 하이패스 | O2: 주차비 | P2: 통행료 | Q2: 세차비 | R2: 도선료 | S2: 수선비 | T2: 경정비 | U2: 비상주유 | V2: 발전기유류비 | W2: 소계① | X2: 유류비 | Y2: 하이패스 | Z2: 주차비 | AA2: 통행료 | AB2: 세차비 | AC2: 도선료 | AD2: 수선비 | AE2: 경정비 | AF2: 비상주유 | AG2: 발전기유류비 | AH2: 소계② | AJ2: 평균주유비(Km)
A3: 1 | B3: 대구본부 | C3: 운용지원팀 | E3: 렌트 | F3: 경차 | G3: 모닝(L) | H3: 52하9955 | I3: 휘발유 | J3: 0 | K3: 0 | L3: 0 | M3: 0 | N3: 0 | O3: 0 | P3: 0 | Q3: 0 | R3: 0 | S3: 0 | T3: 0 | U3: 0 | V3: 0 | W3: 0 | X3: 0 | Y3: 0 | Z3: 0 | AA3: 0 | AB3: 0 | AC3: 0 | AD3: 0 | AE3: 0 | AF3: 0 | AG3: 0 | AH3: 0 | AI3: 0 | AJ3: 0
A4: 2 | B4: 대구본부 | C4: 운용지원팀 | E4: 자차 | F4: 기타 | G4: 포터 | H4: 91주1465 | I4: 경유 | J4: 0 | K4: 0 | L4: 0 | M4: 0 | N4: 0 | O4: 0 | P4: 0 | Q4: 0 | R4: 0 | S4: 0 | T4: 0 | U4: 0 | V4: 0 | W4: 0 | X4: 0 | Y4: 0 | Z4: 0 | AA4: 0 | AB4: 0 | AC4: 0 | AD4: 0 | AE4: 0 | AF4: 0 | AG4: 0 | AH4: 0 | AI4: 0 | AJ4: 0
A5: 3 | B5: 대구본부 | C5: 운용지원팀 | E5: 자차 | F5: 기타 | G5: 포터 | H5: 81더6676 | I5: 경유 | J5: 0 | K5: 0 | L5: 0 | M5: 0 | N5: 0 | O5: 0 | P5: 0 | Q5: 0 | R5: 0 | S5: 0 | T5: 0 | U5: 0 | V5: 0 | W5: 0 | X5: 0 | Y5: 0 | Z5: 0 | AA5: 0 | AB5: 0 | AC5: 0 | AD5: 0 | AE5: 0 | AF5: 0 | AG5: 0 | AH5: 0 | AI5: 0 | AJ5: 0
A6: 4 | B6: 대구본부 | C6: 운용지원팀 | E6: 렌트 | F6: RV/SUV | G6: 티볼리 | H6: 104허4264 | I6: 경유 | J6: 0 | K6: 0 | L6: 0 | M6: 0 | N6: 0 | O6: 0 | P6: 0 | Q6: 0 | R6: 0 | S6: 0 | T6: 0 | U6: 0 | V6: 0 | W6: 0 | X6: 0 | Y6: 0 | Z6: 0 | AA6: 0 | AB6: 0 | AC6: 0 | AD6: 0 | AE6: 0 | AF6: 0 | AG6: 0 | AH6: 0 | AI6: 0 | AJ6: 0
A7: 5 | B7: 대구본부 | C7: 운용지원팀 | E7: 리스 | F7: RV/SUV | G7: 스타리아 | H7: 86부5462 | I7: 경유 | J7: 0 | K7: 0 | L7: 0 | M7: 0 | N7: 0 | O7: 0 | P7: 0 | Q7: 0 | R7: 0 | S7: 0 | T7: 0 | U7: 0 | V7: 0 | W7: 0 | X7: 0 | Y7: 0 | Z7: 0 | AA7: 0 | AB7: 0 | AC7: 0 | AD7: 0 | AE7: 0 | AF7: 0 | AG7: 0 | AH7: 0 | AI7: 0 | AJ7: 0
